{
  "metadata": {
    "model_dir": "results\\01Apr_base1\\run_seed_1\\models",
    "num_episodes": 1,
    "episode_length": 90,
    "evaluation_date": "2026-04-12 20:18:14"
  },
  "statistics": {
    "num_episodes": 1,
    "episode_length": 90,
    "total_reward": {
      "mean": -288.97839768691483,
      "std": 0.0,
      "min": -288.97839768691483,
      "max": -288.97839768691483
    },
    "total_cost": {
      "mean": 288.97839768691483,
      "std": 0.0,
      "min": 288.97839768691483,
      "max": 288.97839768691483
    },
    "per_agent": {
      "DC_0": {
        "avg_reward": -100.32578706741333,
        "avg_cost": 100.32578706741333,
        "avg_holding_cost": 39631.15037536621,
        "avg_backlog_cost": 0.0,
        "avg_ordering_cost": 12072.03624534607,
        "avg_inventory": 4403.4610690646705,
        "avg_backlog": 0.0,
        "service_level": 100.0
      },
      "DC_1": {
        "avg_reward": -97.73605316877365,
        "avg_cost": 97.73605316877365,
        "avg_holding_cost": 38637.6916847229,
        "avg_backlog_cost": 0.0,
        "avg_ordering_cost": 12174.372752189636,
        "avg_inventory": 4293.076822916667,
        "avg_backlog": 0.0,
        "service_level": 100.0
      },
      "Retailer_2": {
        "avg_reward": -6.03523748437874,
        "avg_cost": 6.03523748437874,
        "avg_holding_cost": 2445.879113614559,
        "avg_backlog_cost": 1420.5078917443752,
        "avg_ordering_cost": 330.6924325823784,
        "avg_inventory": 50.25089545779758,
        "avg_backlog": 14.348564256562128,
        "service_level": 79.43925233644859
      },
      "Retailer_3": {
        "avg_reward": -6.594763043685816,
        "avg_cost": 6.594763043685816,
        "avg_holding_cost": 2286.217413663864,
        "avg_backlog_cost": 1834.2565536499023,
        "avg_ordering_cost": 326.0447486639023,
        "avg_inventory": 46.354527706570096,
        "avg_backlog": 18.527843583954706,
        "service_level": 77.45098039215686
      },
      "Retailer_4": {
        "avg_reward": -5.469074082793668,
        "avg_cost": 5.469074082793668,
        "avg_holding_cost": 2391.8621044158936,
        "avg_backlog_cost": 993.5464812517166,
        "avg_ordering_cost": 313.2041655778885,
        "avg_inventory": 49.35565520392524,
        "avg_backlog": 10.035822765032451,
        "service_level": 79.20792079207921
      },
      "Retailer_5": {
        "avg_reward": -5.757693692634348,
        "avg_cost": 5.757693692634348,
        "avg_holding_cost": 2280.3634935319424,
        "avg_backlog_cost": 1368.206062078476,
        "avg_ordering_cost": 341.0900809764862,
        "avg_inventory": 46.71701602935791,
        "avg_backlog": 13.82026286125183,
        "service_level": 79.37219730941703
      },
      "Retailer_6": {
        "avg_reward": -5.71951317274943,
        "avg_cost": 5.71951317274943,
        "avg_holding_cost": 2373.571289598942,
        "avg_backlog_cost": 1157.8513869643211,
        "avg_ordering_cost": 319.4667575955391,
        "avg_inventory": 48.8109411239624,
        "avg_backlog": 11.695468329058754,
        "service_level": 79.7979797979798
      },
      "Retailer_7": {
        "avg_reward": -5.7174670086824335,
        "avg_cost": 5.7174670086824335,
        "avg_holding_cost": 2310.104911029339,
        "avg_backlog_cost": 1206.4344702363014,
        "avg_ordering_cost": 323.64987713098526,
        "avg_inventory": 46.90464469061958,
        "avg_backlog": 12.186206494437323,
        "service_level": 78.46153846153847
      },
      "Retailer_8": {
        "avg_reward": -5.73908684230264,
        "avg_cost": 5.73908684230264,
        "avg_holding_cost": 2295.7776428281795,
        "avg_backlog_cost": 1231.417687177658,
        "avg_ordering_cost": 326.7299540042877,
        "avg_inventory": 46.61854915618896,
        "avg_backlog": 12.4385622104009,
        "service_level": 79.70297029702971
      },
      "Retailer_9": {
        "avg_reward": -6.065323272021487,
        "avg_cost": 6.065323272021487,
        "avg_holding_cost": 2274.6041667610407,
        "avg_backlog_cost": 1486.4525609016418,
        "avg_ordering_cost": 329.86808091402054,
        "avg_inventory": 46.04219394259982,
        "avg_backlog": 15.01467196146647,
        "service_level": 79.3103448275862
      },
      "Retailer_10": {
        "avg_reward": -6.639408084156457,
        "avg_cost": 6.639408084156457,
        "avg_holding_cost": 2391.18825674057,
        "avg_backlog_cost": 1831.1547544002533,
        "avg_ordering_cost": 323.2376927137375,
        "avg_inventory": 48.85510902404785,
        "avg_backlog": 18.496512256728277,
        "service_level": 77.77777777777779
      },
      "Retailer_11": {
        "avg_reward": -7.034594770084368,
        "avg_cost": 7.034594770084368,
        "avg_holding_cost": 2272.2555250525475,
        "avg_backlog_cost": 2225.671585947275,
        "avg_ordering_cost": 334.153273165226,
        "avg_inventory": 45.972102313571504,
        "avg_backlog": 22.48153059747484,
        "service_level": 76.49769585253456
      },
      "Retailer_12": {
        "avg_reward": -5.463214399977005,
        "avg_cost": 5.463214399977005,
        "avg_holding_cost": 2398.043521642685,
        "avg_backlog_cost": 1010.6148865222931,
        "avg_ordering_cost": 326.8267710208893,
        "avg_inventory": 49.32830412122939,
        "avg_backlog": 10.208230959044563,
        "service_level": 83.10502283105022
      },
      "Retailer_13": {
        "avg_reward": -6.483745945617557,
        "avg_cost": 6.483745945617557,
        "avg_holding_cost": 2314.33027279377,
        "avg_backlog_cost": 1861.1749522686005,
        "avg_ordering_cost": 338.3941128253937,
        "avg_inventory": 46.76401971181234,
        "avg_backlog": 18.799746674961515,
        "service_level": 77.03349282296651
      },
      "Retailer_14": {
        "avg_reward": -6.178753344313009,
        "avg_cost": 6.178753344313009,
        "avg_holding_cost": 2147.992527924478,
        "avg_backlog_cost": 1649.7744911909103,
        "avg_ordering_cost": 344.37515819072723,
        "avg_inventory": 43.388552241855194,
        "avg_backlog": 16.664388434092203,
        "service_level": 77.72727272727272
      },
      "Retailer_15": {
        "avg_reward": -5.717145808041096,
        "avg_cost": 5.717145808041096,
        "avg_holding_cost": 2396.792298078537,
        "avg_backlog_cost": 1031.1615443229675,
        "avg_ordering_cost": 308.464378118515,
        "avg_inventory": 48.943617248535155,
        "avg_backlog": 10.41577297978931,
        "service_level": 77.11442786069652
      },
      "Retailer_16": {
        "avg_reward": -6.301536499289796,
        "avg_cost": 6.301536499289796,
        "avg_holding_cost": 2317.9971317350864,
        "avg_backlog_cost": 1601.0311300754547,
        "avg_ordering_cost": 317.64380925893784,
        "avg_inventory": 47.29309001498752,
        "avg_backlog": 16.17203128470315,
        "service_level": 75.98039215686273
      }
    }
  },
  "episode_data": [
    {
      "total_reward": -288.97839768691483,
      "total_cost": 288.97839768691483,
      "agent_rewards": [
        -100.32578706741333,
        -97.73605316877365,
        -6.03523748437874,
        -6.594763043685816,
        -5.469074082793668,
        -5.757693692634348,
        -5.71951317274943,
        -5.7174670086824335,
        -5.73908684230264,
        -6.065323272021487,
        -6.639408084156457,
        -7.034594770084368,
        -5.463214399977005,
        -6.483745945617557,
        -6.178753344313009,
        -5.717145808041096,
        -6.301536499289796
      ],