{
  "metadata": {
    "model_dir": "results\\10Mar_base1\\run_seed_1\\models",
    "num_episodes": 1,
    "episode_length": 90,
    "evaluation_date": "2026-03-11 09:08:07"
  },
  "statistics": {
    "num_episodes": 1,
    "episode_length": 90,
    "total_reward": {
      "mean": -150825.25795412064,
      "std": 0.0,
      "min": -150825.25795412064,
      "max": -150825.25795412064
    },
    "total_cost": {
      "mean": 150825.25795412064,
      "std": 0.0,
      "min": 150825.25795412064,
      "max": 150825.25795412064
    },
    "per_agent": {
      "DC_0": {
        "avg_reward": -5454.311653137207,
        "avg_cost": 5454.311653137207,
        "avg_holding_cost": 5308.182967185974,
        "avg_backlog_cost": 0.0,
        "avg_ordering_cost": 146.1286804676056,
        "avg_inventory": 677.151767985026,
        "avg_backlog": 0.0,
        "service_level": 100.0
      },
      "DC_1": {
        "avg_reward": -5163.468914031982,
        "avg_cost": 5163.468914031982,
        "avg_holding_cost": 4401.9651346206665,
        "avg_backlog_cost": 0.0,
        "avg_ordering_cost": 761.5037987232208,
        "avg_inventory": 662.6852830674914,
        "avg_backlog": 0.0,
        "service_level": 100.0
      },
      "Retailer_2": {
        "avg_reward": -5993.696325778961,
        "avg_cost": 5993.696325778961,
        "avg_holding_cost": 538.6442421386018,
        "avg_backlog_cost": 4617.726487100124,
        "avg_ordering_cost": 69.71416093409061,
        "avg_inventory": 50.340831280830834,
        "avg_backlog": 24.17200898329417,
        "service_level": 91.11111111111111
      },
      "Retailer_3": {
        "avg_reward": -8879.566776752472,
        "avg_cost": 8879.566776752472,
        "avg_holding_cost": 463.2142379768484,
        "avg_backlog_cost": 7403.82935500145,
        "avg_ordering_cost": 61.730659663677216,
        "avg_inventory": 41.132996923942116,
        "avg_backlog": 40.622183333502875,
        "service_level": 78.88888888888889
      },
      "Retailer_4": {
        "avg_reward": -7877.089786529541,
        "avg_cost": 7877.089786529541,
        "avg_holding_cost": 577.2202187401708,
        "avg_backlog_cost": 6466.634485006332,
        "avg_ordering_cost": 45.63913691043854,
        "avg_inventory": 50.48538654123743,
        "avg_backlog": 36.7310728708903,
        "service_level": 95.55555555555556
      },
      "Retailer_5": {
        "avg_reward": -9080.036624908447,
        "avg_cost": 9080.036624908447,
        "avg_holding_cost": 450.0122985689668,
        "avg_backlog_cost": 7534.608151853085,
        "avg_ordering_cost": 83.4090633392334,
        "avg_inventory": 39.508534774799934,
        "avg_backlog": 41.975958267847695,
        "service_level": 72.22222222222221
      },
      "Retailer_6": {
        "avg_reward": -14036.265835762024,
        "avg_cost": 14036.265835762024,
        "avg_holding_cost": 344.0016769511858,
        "avg_backlog_cost": 12442.757985278964,
        "avg_ordering_cost": 48.03046441078186,
        "avg_inventory": 30.438900101391805,
        "avg_backlog": 68.80422809388902,
        "service_level": 75.55555555555556
      },
      "Retailer_7": {
        "avg_reward": -8471.094813346863,
        "avg_cost": 8471.094813346863,
        "avg_holding_cost": 477.75432639614155,
        "avg_backlog_cost": 7114.662052631378,
        "avg_ordering_cost": 53.037279546260834,
        "avg_inventory": 43.50530273115469,
        "avg_backlog": 38.48960516717699,
        "service_level": 84.44444444444444
      },
      "Retailer_8": {
        "avg_reward": -10765.007998466492,
        "avg_cost": 10765.007998466492,
        "avg_holding_cost": 417.00004318682477,
        "avg_backlog_cost": 9238.003853440285,
        "avg_ordering_cost": 74.88592402637005,
        "avg_inventory": 38.076886758001315,
        "avg_backlog": 50.27556802696652,
        "service_level": 75.55555555555556
      },
      "Retailer_9": {
        "avg_reward": -7854.288471221924,
        "avg_cost": 7854.288471221924,
        "avg_holding_cost": 481.49527258542366,
        "avg_backlog_cost": 6495.65404202044,
        "avg_ordering_cost": 56.77673859894276,
        "avg_inventory": 42.89065803893738,
        "avg_backlog": 36.063398112191095,
        "service_level": 86.66666666666667
      },
      "Retailer_10": {
        "avg_reward": -9586.168681144714,
        "avg_cost": 9586.168681144714,
        "avg_holding_cost": 445.59036113426555,
        "avg_backlog_cost": 8085.151047825813,
        "avg_ordering_cost": 79.53520035743713,
        "avg_inventory": 39.2366552695632,
        "avg_backlog": 45.152134240998166,
        "service_level": 92.22222222222223
      },
      "Retailer_11": {
        "avg_reward": -9667.327050209045,
        "avg_cost": 9667.327050209045,
        "avg_holding_cost": 402.29659271228593,
        "avg_backlog_cost": 8195.954981923103,
        "avg_ordering_cost": 35.659082502126694,
        "avg_inventory": 35.919974098618454,
        "avg_backlog": 44.23055622842577,
        "service_level": 63.33333333333333
      },
      "Retailer_12": {
        "avg_reward": -10464.26496887207,
        "avg_cost": 10464.26496887207,
        "avg_holding_cost": 435.84608927342924,
        "avg_backlog_cost": 8972.563896000385,
        "avg_ordering_cost": 80.8884844481945,
        "avg_inventory": 38.196455575582675,
        "avg_backlog": 49.06572013960944,
        "service_level": 77.77777777777779
      },
      "Retailer_13": {
        "avg_reward": -11220.154112815857,
        "avg_cost": 11220.154112815857,
        "avg_holding_cost": 436.4104862199165,
        "avg_backlog_cost": 9701.740994811058,
        "avg_ordering_cost": 48.44609688222408,
        "avg_inventory": 40.367174063043464,
        "avg_backlog": 51.614622089597916,
        "service_level": 84.44444444444444
      },
      "Retailer_14": {
        "avg_reward": -8473.83625125885,
        "avg_cost": 8473.83625125885,
        "avg_holding_cost": 500.3339276655388,
        "avg_backlog_cost": 7060.24982380867,
        "avg_ordering_cost": 71.79760906100273,
        "avg_inventory": 45.213063568456306,
        "avg_backlog": 39.207937415440874,
        "service_level": 94.44444444444444
      },
      "Retailer_15": {
        "avg_reward": -8567.292980670929,
        "avg_cost": 8567.292980670929,
        "avg_holding_cost": 451.4044802237768,
        "avg_backlog_cost": 7063.813025712967,
        "avg_ordering_cost": 61.36535485088825,
        "avg_inventory": 41.02163258416371,
        "avg_backlog": 37.92344889773263,
        "service_level": 81.11111111111111
      },
      "Retailer_16": {
        "avg_reward": -9271.386709213257,
        "avg_cost": 9271.386709213257,
        "avg_holding_cost": 472.88761310248265,
        "avg_backlog_cost": 7774.061246395111,
        "avg_ordering_cost": 74.48718272149563,
        "avg_inventory": 40.74381320021219,
        "avg_backlog": 43.463048473993936,
        "service_level": 90.0
      }
    }
  },
  "episode_data": [
    {
      "total_reward": -150825.25795412064,
      "total_cost": 150825.25795412064,
      "agent_rewards": [
        -5454.311653137207,
        -5163.468914031982,
        -5993.696325778961,
        -8879.566776752472,
        -7877.089786529541,
        -9080.036624908447,
        -14036.265835762024,
        -8471.094813346863,
        -10765.007998466492,
        -7854.288471221924,
        -9586.168681144714,
        -9667.327050209045,
        -10464.26496887207,
        -11220.154112815857,
        -8473.83625125885,
        -8567.292980670929,
        -9271.386709213257
      ],