{
  "metadata": {
    "model_dir": "results\\12Apr_base_colab\\run_seed_1\\models",
    "num_episodes": 1,
    "episode_length": 90,
    "evaluation_date": "2026-04-12 22:11:35"
  },
  "statistics": {
    "num_episodes": 1,
    "episode_length": 90,
    "total_reward": {
      "mean": -80.0146897202867,
      "std": 0.0,
      "min": -80.0146897202867,
      "max": -80.0146897202867
    },
    "total_cost": {
      "mean": 80.0146897202867,
      "std": 0.0,
      "min": 80.0146897202867,
      "max": 80.0146897202867
    },
    "per_agent": {
      "DC_0": {
        "avg_reward": -11.84285587258637,
        "avg_cost": 11.84285587258637,
        "avg_holding_cost": 7553.389980316162,
        "avg_backlog_cost": 0.0,
        "avg_ordering_cost": 1171.7364311218262,
        "avg_inventory": 839.2655409071181,
        "avg_backlog": 0.0,
        "service_level": 100.0
      },
      "DC_1": {
        "avg_reward": -11.722366174682975,
        "avg_cost": 11.722366174682975,
        "avg_holding_cost": 7428.726433753967,
        "avg_backlog_cost": 0.0,
        "avg_ordering_cost": 1520.098503112793,
        "avg_inventory": 825.4140346950954,
        "avg_backlog": 0.0,
        "service_level": 100.0
      },
      "Retailer_2": {
        "avg_reward": -3.937668737373315,
        "avg_cost": 3.937668737373315,
        "avg_holding_cost": 2452.794471025467,
        "avg_backlog_cost": 1654.6710312366486,
        "avg_ordering_cost": 329.4091346859932,
        "avg_inventory": 50.12179164886474,
        "avg_backlog": 16.713848439852395,
        "service_level": 76.52582159624414
      },
      "Retailer_3": {
        "avg_reward": -4.089031510869972,
        "avg_cost": 4.089031510869972,
        "avg_holding_cost": 2343.8602465242147,
        "avg_backlog_cost": 1878.3444888591766,
        "avg_ordering_cost": 339.840911924839,
        "avg_inventory": 47.89999408721924,
        "avg_backlog": 18.973176134957207,
        "service_level": 79.90867579908677
      },
      "Retailer_4": {
        "avg_reward": -3.857580776384566,
        "avg_cost": 3.857580776384566,
        "avg_holding_cost": 2344.1206802129745,
        "avg_backlog_cost": 1750.5789332389832,
        "avg_ordering_cost": 344.5633185505867,
        "avg_inventory": 48.067553456624346,
        "avg_backlog": 17.68261507484648,
        "service_level": 77.37556561085974
      },
      "Retailer_5": {
        "avg_reward": -3.4595054546371102,
        "avg_cost": 3.4595054546371102,
        "avg_holding_cost": 2335.5353948771954,
        "avg_backlog_cost": 1297.177721977234,
        "avg_ordering_cost": 324.6738612651825,
        "avg_inventory": 47.6482087665134,
        "avg_backlog": 13.10280498928494,
        "service_level": 79.3103448275862
      },
      "Retailer_6": {
        "avg_reward": -4.078278619446792,
        "avg_cost": 4.078278619446792,
        "avg_holding_cost": 2264.153833255172,
        "avg_backlog_cost": 1843.9005918502808,
        "avg_ordering_cost": 328.7422512769699,
        "avg_inventory": 46.086317443847655,
        "avg_backlog": 18.625258145067427,
        "service_level": 77.0
      },
      "Retailer_7": {
        "avg_reward": -3.696429233485105,
        "avg_cost": 3.696429233485105,
        "avg_holding_cost": 2244.1636232584715,
        "avg_backlog_cost": 1551.9541965387762,
        "avg_ordering_cost": 331.476813852787,
        "avg_inventory": 45.42682147555881,
        "avg_backlog": 15.676304694016775,
        "service_level": 75.94339622641509
      },
      "Retailer_8": {
        "avg_reward": -3.920071950997226,
        "avg_cost": 3.920071950997226,
        "avg_holding_cost": 2397.260834336281,
        "avg_backlog_cost": 1587.2808660566807,
        "avg_ordering_cost": 316.13910430669785,
        "avg_inventory": 48.603836144341365,
        "avg_backlog": 16.033139706982507,
        "service_level": 77.07317073170732
      },
      "Retailer_9": {
        "avg_reward": -3.547488899406744,
        "avg_cost": 3.547488899406744,
        "avg_holding_cost": 2406.947624273598,
        "avg_backlog_cost": 1373.2366644144058,
        "avg_ordering_cost": 321.039166867733,
        "avg_inventory": 49.38738670349121,
        "avg_backlog": 13.871077128913667,
        "service_level": 80.48780487804879
      },
      "Retailer_10": {
        "avg_reward": -3.4510342060530093,
        "avg_cost": 3.4510342060530093,
        "avg_holding_cost": 2361.362604945898,
        "avg_backlog_cost": 1363.8475052565336,
        "avg_ordering_cost": 324.5668659210205,
        "avg_inventory": 48.51209312015109,
        "avg_backlog": 13.776237146721947,
        "service_level": 81.06796116504854
      },
      "Retailer_11": {
        "avg_reward": -3.5979118715040386,
        "avg_cost": 3.5979118715040386,
        "avg_holding_cost": 2229.432000875473,
        "avg_backlog_cost": 1485.9201011061668,
        "avg_ordering_cost": 325.81965893507004,
        "avg_inventory": 45.38437211778429,
        "avg_backlog": 15.009293528397878,
        "service_level": 77.18446601941747
      },
      "Retailer_12": {
        "avg_reward": -3.7555716309107083,
        "avg_cost": 3.7555716309107083,
        "avg_holding_cost": 2442.570631697774,
        "avg_backlog_cost": 1473.994470357895,
        "avg_ordering_cost": 323.87752735614777,
        "avg_inventory": 49.80323005252414,
        "avg_backlog": 14.888832728068033,
        "service_level": 77.61194029850746
      },
      "Retailer_13": {
        "avg_reward": -4.103969315357972,
        "avg_cost": 4.103969315357972,
        "avg_holding_cost": 2344.4930040873587,
        "avg_backlog_cost": 1830.1505457162857,
        "avg_ordering_cost": 323.44933193922043,
        "avg_inventory": 47.85367471906874,
        "avg_backlog": 18.486368847555585,
        "service_level": 76.9607843137255
      },
      "Retailer_14": {
        "avg_reward": -3.608497130073374,
        "avg_cost": 3.608497130073374,
        "avg_holding_cost": 2329.2331032305956,
        "avg_backlog_cost": 1462.4061758369207,
        "avg_ordering_cost": 323.33845776319504,
        "avg_inventory": 47.62390395270454,
        "avg_backlog": 14.771779198779,
        "service_level": 78.53658536585367
      },
      "Retailer_15": {
        "avg_reward": -3.5001871986314654,
        "avg_cost": 3.5001871986314654,
        "avg_holding_cost": 2394.5177850089967,
        "avg_backlog_cost": 1359.8394970595837,
        "avg_ordering_cost": 326.78008967638016,
        "avg_inventory": 48.91208366817898,
        "avg_backlog": 13.735752205053965,
        "service_level": 78.63636363636364
      },
      "Retailer_16": {
        "avg_reward": -3.8462411378859542,
        "avg_cost": 3.8462411378859542,
        "avg_holding_cost": 2142.5109205543995,
        "avg_backlog_cost": 1714.2495687901974,
        "avg_ordering_cost": 331.8268246650696,
        "avg_inventory": 43.088086975945366,
        "avg_backlog": 17.315651771095062,
        "service_level": 78.53658536585367
      }
    }
  },
  "episode_data": [
    {
      "total_reward": -80.0146897202867,
      "total_cost": 80.0146897202867,
      "agent_rewards": [
        -11.84285587258637,
        -11.722366174682975,
        -3.937668737373315,
        -4.089031510869972,
        -3.857580776384566,
        -3.4595054546371102,
        -4.078278619446792,
        -3.696429233485105,
        -3.920071950997226,
        -3.547488899406744,
        -3.4510342060530093,
        -3.5979118715040386,
        -3.7555716309107083,
        -4.103969315357972,
        -3.608497130073374,
        -3.5001871986314654,
        -3.8462411378859542
      ],