{
  "metadata": {
    "algorithm": "Base-Stock (Baseline)",
    "config_path": "configs/multi_dc_config.yaml",
    "num_episodes": 1,
    "episode_length": 365,
    "basestock_dc": 100.0,
    "basestock_retailer": 5.0,
    "evaluation_date": "2026-03-31 20:30:27"
  },
  "statistics": {
    "num_episodes": 1,
    "episode_length": 365,
    "policy": "Base-Stock",
    "basestock_dc": 100.0,
    "basestock_retailer": 5.0,
    "total_reward": {
      "mean": -1171.0246138317093,
      "std": 0.0,
      "min": -1171.0246138317093,
      "max": -1171.0246138317093
    },
    "total_cost": {
      "mean": 1171.0246138317093,
      "std": 0.0,
      "min": 1171.0246138317093,
      "max": 1171.0246138317093
    },
    "per_agent": {
      "DC_0": {
        "avg_reward": -201.7154327003739,
        "avg_cost": 201.7154327003739,
        "avg_holding_cost": 19246.22169375699,
        "avg_backlog_cost": 38427.34239845562,
        "avg_ordering_cost": 3840.070537099813,
        "avg_inventory": 2433.1824117007322,
        "avg_backlog": 35.09346337758507,
        "service_level": 93.44945096554336
      },
      "DC_1": {
        "avg_reward": -246.15435743799733,
        "avg_cost": 246.15435743799733,
        "avg_holding_cost": 17715.95542455744,
        "avg_backlog_cost": 60765.3220816162,
        "avg_ordering_cost": 5394.220439286441,
        "avg_inventory": 2225.843733638607,
        "avg_backlog": 56.9423782358034,
        "service_level": 87.9368458399858
      },
      "Retailer_2": {
        "avg_reward": -20.922217329404866,
        "avg_cost": 20.922217329404866,
        "avg_holding_cost": 1966.8663165336475,
        "avg_backlog_cost": 128.696771658957,
        "avg_ordering_cost": 2178.131707842343,
        "avg_inventory": 10.500441788647272,
        "avg_backlog": 0.44240487356708474,
        "service_level": 87.9951980792317
      },
      "Retailer_3": {
        "avg_reward": -22.26490729905999,
        "avg_cost": 22.26490729905999,
        "avg_holding_cost": 2268.443176304456,
        "avg_backlog_cost": 102.85220260173082,
        "avg_ordering_cost": 2273.5736556587276,
        "avg_inventory": 12.466961291718157,
        "avg_backlog": 0.35373127097136353,
        "service_level": 90.97472924187726
      },
      "Retailer_4": {
        "avg_reward": -28.32309581897963,
        "avg_cost": 28.32309581897963,
        "avg_holding_cost": 2926.6506391577423,
        "avg_backlog_cost": 193.5818313867785,
        "avg_ordering_cost": 2085.1471784284363,
        "avg_inventory": 17.030539646540603,
        "avg_backlog": 0.6662838865632881,
        "service_level": 88.67469879518072
      },
      "Retailer_5": {
        "avg_reward": -34.910903746870495,
        "avg_cost": 34.910903746870495,
        "avg_holding_cost": 3506.426514590159,
        "avg_backlog_cost": 233.3023443929851,
        "avg_ordering_cost": 2098.5443350332503,
        "avg_inventory": 21.03500459488124,
        "avg_backlog": 0.8007108756940658,
        "service_level": 90.30373831775701
      },
      "Retailer_6": {
        "avg_reward": -54.683352217001875,
        "avg_cost": 54.683352217001875,
        "avg_holding_cost": 5049.012339615729,
        "avg_backlog_cost": 434.0740275438875,
        "avg_ordering_cost": 2362.2172320365735,
        "avg_inventory": 31.664296620512662,
        "avg_backlog": 1.4889462591850595,
        "service_level": 89.49232585596222
      },
      "Retailer_7": {
        "avg_reward": -60.04019819657282,
        "avg_cost": 60.04019819657282,
        "avg_holding_cost": 5632.926854426041,
        "avg_backlog_cost": 500.6497995890677,
        "avg_ordering_cost": 2037.0637267155903,
        "avg_inventory": 35.58317792056358,
        "avg_backlog": 1.716730091669788,
        "service_level": 92.512077294686
      },
      "Retailer_8": {
        "avg_reward": -71.16498528558483,
        "avg_cost": 71.16498528558483,
        "avg_holding_cost": 6368.626977592707,
        "avg_backlog_cost": 751.0311877913773,
        "avg_ordering_cost": 2113.184773725612,
        "avg_inventory": 40.54251099808575,
        "avg_backlog": 2.575823494506209,
        "service_level": 89.59810874704492
      },
      "Retailer_9": {
        "avg_reward": -21.307318278631797,
        "avg_cost": 21.307318278631797,
        "avg_holding_cost": 2208.2386730050202,
        "avg_backlog_cost": 206.64797936752439,
        "avg_ordering_cost": 2146.3103473606343,
        "avg_inventory": 11.838167705274609,
        "avg_backlog": 0.7138973590445845,
        "service_level": 86.93586698337292
      },
      "Retailer_10": {
        "avg_reward": -22.037895339461993,
        "avg_cost": 22.037895339461993,
        "avg_holding_cost": 2362.753587537445,
        "avg_backlog_cost": 114.17310478724539,
        "avg_ordering_cost": 2246.2263156619997,
        "avg_inventory": 13.033607255596005,
        "avg_backlog": 0.3938624723316872,
        "service_level": 91.53567110036276
      },
      "Retailer_11": {
        "avg_reward": -29.100381891707755,
        "avg_cost": 29.100381891707755,
        "avg_holding_cost": 3039.028813396406,
        "avg_backlog_cost": 235.08109899424016,
        "avg_ordering_cost": 2218.9513822586923,
        "avg_inventory": 17.63254462137614,
        "avg_backlog": 0.8076994288457583,
        "service_level": 90.62119366626065
      },
      "Retailer_12": {
        "avg_reward": -43.13912970895693,
        "avg_cost": 43.13912970895693,
        "avg_holding_cost": 4450.321039874107,
        "avg_backlog_cost": 351.0564102418721,
        "avg_ordering_cost": 2020.2104241416832,
        "avg_inventory": 27.005814323033373,
        "avg_backlog": 1.2060266017913819,
        "service_level": 90.49881235154395
      },
      "Retailer_13": {
        "avg_reward": -36.77122502499007,
        "avg_cost": 36.77122502499007,
        "avg_holding_cost": 3871.0635628616437,
        "avg_backlog_cost": 376.7585152313113,
        "avg_ordering_cost": 2376.1711015818287,
        "avg_inventory": 23.007248375513782,
        "avg_backlog": 1.2958357601949613,
        "service_level": 88.84976525821597
      },
      "Retailer_14": {
        "avg_reward": -81.48609376584189,
        "avg_cost": 81.48609376584189,
        "avg_holding_cost": 7999.794907165691,
        "avg_backlog_cost": 522.458375910297,
        "avg_ordering_cost": 2234.7734983517985,
        "avg_inventory": 49.30819430269607,
        "avg_backlog": 1.8165772201263741,
        "service_level": 89.79591836734694
      },
      "Retailer_15": {
        "avg_reward": -89.04170006757492,
        "avg_cost": 89.04170006757492,
        "avg_holding_cost": 8693.769197041169,
        "avg_backlog_cost": 578.3628915380687,
        "avg_ordering_cost": 1956.288156285742,
        "avg_inventory": 52.42578348329622,
        "avg_backlog": 2.0254676146866526,
        "service_level": 90.06134969325153
      },
      "Retailer_16": {
        "avg_reward": -107.96141972269442,
        "avg_cost": 107.96141972269442,
        "avg_holding_cost": 10086.518211580813,
        "avg_backlog_cost": 732.5336318165064,
        "avg_ordering_cost": 2298.5878560477504,
        "avg_inventory": 61.40248915659238,
        "avg_backlog": 2.6060200950870773,
        "service_level": 87.52941176470588
      }
    },
    "dc_cycle_service_level": {
      "0": 93.44945096554336,
      "1": 87.9368458399858
    },
    "system_retailer_fill_rate": 89.6837409384211
  },
  "episode_data": [
    {
      "total_reward": -1171.0246138317093,
      "total_cost": 1171.0246138317093,