Episode,Episode_Reward,w_shape_value
0,-8907.1392,0.910000
1,-8880.8980,0.828100
