{
  "metadata": {
    "algorithm": "(s,S) Heuristic (Baseline)",
    "config_path": "configs/multi_dc_config.yaml",
    "num_episodes": 1,
    "episode_length": 150,
    "s_dc": 300.0,
    "S_dc": 500.0,
    "s_retailer": 3,
    "S_retailer": 12,
    "evaluation_date": "2026-04-14 19:30:38"
  },
  "statistics": {
    "num_episodes": 1,
    "episode_length": 150,
    "policy": "(s,S) Heuristic",
    "s_dc": 300.0,
    "S_dc": 500.0,
    "s_retailer": 3,
    "S_retailer": 12,
    "total_reward": {
      "mean": -191.09963898611284,
      "std": 0.0,
      "min": -191.09963898611284,
      "max": -191.09963898611284
    },
    "total_cost": {
      "mean": 191.09963898611284,
      "std": 0.0,
      "min": 191.09963898611284,
      "max": 191.09963898611284
    },
    "per_agent": {
      "DC_0": {
        "avg_reward": -96.54084096012373,
        "avg_cost": 96.54084096012373,
        "avg_holding_cost": 20736.400307655334,
        "avg_backlog_cost": 0.0,
        "avg_ordering_cost": 3502.257810473442,
        "avg_inventory": 1382.4266666666667,
        "avg_backlog": 0.0,
        "service_level": 100.0
      },
      "DC_1": {
        "avg_reward": -93.36135182071949,
        "avg_cost": 93.36135182071949,
        "avg_holding_cost": 20088.400265693665,
        "avg_backlog_cost": 0.0,
        "avg_ordering_cost": 4108.520426630974,
        "avg_inventory": 1339.2266666666667,
        "avg_backlog": 0.0,
        "service_level": 100.0
      },
      "Retailer_2": {
        "avg_reward": 0.20175625813284087,
        "avg_cost": -0.20175625813284087,
        "avg_holding_cost": 1871.7124030357227,
        "avg_backlog_cost": 14.532907992601395,
        "avg_ordering_cost": 330.10000163316727,
        "avg_inventory": 24.69004285812378,
        "avg_backlog": 0.07452773650487264,
        "service_level": 97.41379310344827
      },
      "Retailer_3": {
        "avg_reward": -0.12296388298772379,
        "avg_cost": 0.12296388298772379,
        "avg_holding_cost": 1849.0316704288125,
        "avg_backlog_cost": 33.95618377253413,
        "avg_ordering_cost": 321.00000178813934,
        "avg_inventory": 24.170878887176514,
        "avg_backlog": 0.17413427988688152,
        "service_level": 94.91525423728814
      },
      "Retailer_4": {
        "avg_reward": -0.43774813741188273,
        "avg_cost": 0.43774813741188273,
        "avg_holding_cost": 1884.7049120310694,
        "avg_backlog_cost": 38.810513615608215,
        "avg_ordering_cost": 307.60000109672546,
        "avg_inventory": 24.695589205423992,
        "avg_backlog": 0.19902827898661296,
        "service_level": 94.58689458689459
      },
      "Retailer_5": {
        "avg_reward": 0.061126214858981225,
        "avg_cost": -0.061126214858981225,
        "avg_holding_cost": 1836.1752776857466,
        "avg_backlog_cost": 31.972276389598846,
        "avg_ordering_cost": 321.00000178813934,
        "avg_inventory": 24.001905714670816,
        "avg_backlog": 0.16396039724349976,
        "service_level": 96.06741573033707
      },
      "Retailer_6": {
        "avg_reward": -0.2935465616503804,
        "avg_cost": 0.2935465616503804,
        "avg_holding_cost": 1918.686632335186,
        "avg_backlog_cost": 45.84197744727135,
        "avg_ordering_cost": 318.6000019311905,
        "avg_inventory": 24.98424724260966,
        "avg_backlog": 0.2350870680809021,
        "service_level": 94.44444444444444
      },
      "Retailer_7": {
        "avg_reward": 0.3614847284337505,
        "avg_cost": -0.3614847284337505,
        "avg_holding_cost": 1712.387178673598,
        "avg_backlog_cost": 28.40939164161682,
        "avg_ordering_cost": 345.90000146627426,
        "avg_inventory": 22.646430438359577,
        "avg_backlog": 0.14568919738133748,
        "service_level": 95.14285714285714
      },
      "Retailer_8": {
        "avg_reward": -0.5654237534446273,
        "avg_cost": 0.5654237534446273,
        "avg_holding_cost": 1830.3494579922408,
        "avg_backlog_cost": 42.314699210226536,
        "avg_ordering_cost": 293.7000022530556,
        "avg_inventory": 23.901043968200682,
        "avg_backlog": 0.21699846744537354,
        "service_level": 94.11764705882352
      },
      "Retailer_9": {
        "avg_reward": -0.2431046412452319,
        "avg_cost": 0.2431046412452319,
        "avg_holding_cost": 1889.3131075482816,
        "avg_backlog_cost": 27.558849900960922,
        "avg_ordering_cost": 299.70000153779984,
        "avg_inventory": 24.93433261871338,
        "avg_backlog": 0.14132744073867798,
        "service_level": 95.40229885057471
      },
      "Retailer_10": {
        "avg_reward": 0.3354626774418908,
        "avg_cost": -0.3354626774418908,
        "avg_holding_cost": 1846.741155690048,
        "avg_backlog_cost": 29.40297895297408,
        "avg_ordering_cost": 334.4000017642975,
        "avg_inventory": 24.192205492655436,
        "avg_backlog": 0.150784512758255,
        "service_level": 95.50561797752809
      },
      "Retailer_11": {
        "avg_reward": -0.5266712074165348,
        "avg_cost": 0.5266712074165348,
        "avg_holding_cost": 1808.8418980434071,
        "avg_backlog_cost": 37.5916391517967,
        "avg_ordering_cost": 305.20000195503235,
        "avg_inventory": 23.767195819218955,
        "avg_backlog": 0.19277764320373536,
        "service_level": 94.54545454545455
      },
      "Retailer_12": {
        "avg_reward": -0.12468225073430815,
        "avg_cost": 0.12468225073430815,
        "avg_holding_cost": 1954.6287673711777,
        "avg_backlog_cost": 6.47204315289855,
        "avg_ordering_cost": 297.300001680851,
        "avg_inventory": 25.866501107215882,
        "avg_backlog": 0.03318996588389079,
        "service_level": 97.70773638968481
      },
      "Retailer_13": {
        "avg_reward": 0.41366796797567795,
        "avg_cost": -0.41366796797567795,
        "avg_holding_cost": 1710.509572956711,
        "avg_backlog_cost": 54.909573554992676,
        "avg_ordering_cost": 355.700002014637,
        "avg_inventory": 22.38813300450643,
        "avg_backlog": 0.2815875681241353,
        "service_level": 93.78378378378378
      },
      "Retailer_14": {
        "avg_reward": -0.4125775246967811,
        "avg_cost": 0.4125775246967811,
        "avg_holding_cost": 1854.1097630988806,
        "avg_backlog_cost": 58.77841391414404,
        "avg_ordering_cost": 322.9000020623207,
        "avg_inventory": 24.122900900840758,
        "avg_backlog": 0.3014277732372284,
        "service_level": 93.43283582089552
      },
      "Retailer_15": {
        "avg_reward": -0.1920390209961815,
        "avg_cost": 0.1920390209961815,
        "avg_holding_cost": 1777.6699203909375,
        "avg_backlog_cost": 32.96896967291832,
        "avg_ordering_cost": 304.00000166893005,
        "avg_inventory": 23.28509389082591,
        "avg_backlog": 0.16907164792219798,
        "service_level": 94.75218658892129
      },
      "Retailer_16": {
        "avg_reward": 0.34781292847107526,
        "avg_cost": -0.34781292847107526,
        "avg_holding_cost": 1831.0469932705164,
        "avg_backlog_cost": 24.284437112510204,
        "avg_ordering_cost": 351.4000025987625,
        "avg_inventory": 23.886153418223063,
        "avg_backlog": 0.12453557848930359,
        "service_level": 94.39775910364145
      }
    },
    "dc_cycle_service_level": {
      "0": 100.0,
      "1": 100.0
    },
    "system_retailer_fill_rate": 95.08290451686679
  },
  "episode_data": [
    {
      "total_reward": -191.09963898611284,
      "total_cost": 191.09963898611284,