{
  "metadata": {
    "algorithm": "(s,S) Heuristic (Baseline)",
    "config_path": "configs/multi_dc_config.yaml",
    "num_episodes": 1,
    "episode_length": 150,
    "s_dc": 120.0,
    "S_dc": 150.0,
    "s_retailer": 3,
    "S_retailer": 10,
    "evaluation_date": "2026-04-18 11:10:10"
  },
  "statistics": {
    "num_episodes": 1,
    "episode_length": 150,
    "policy": "(s,S) Heuristic",
    "s_dc": 120.0,
    "S_dc": 150.0,
    "s_retailer": 3,
    "S_retailer": 10,
    "total_reward": {
      "mean": -291.12731559604674,
      "std": 0.0,
      "min": -291.12731559604674,
      "max": -291.12731559604674
    },
    "total_cost": {
      "mean": 291.12731559604674,
      "std": 0.0,
      "min": 291.12731559604674,
      "max": 291.12731559604674
    },
    "per_agent": {
      "DC_0": {
        "avg_reward": -93.38367178340013,
        "avg_cost": 93.38367178340013,
        "avg_holding_cost": 9273.000061941148,
        "avg_backlog_cost": 6840.0,
        "avg_ordering_cost": 2826.78347492218,
        "avg_inventory": 618.200000813802,
        "avg_backlog": 15.2,
        "service_level": 83.24022346368714
      },
      "DC_1": {
        "avg_reward": -151.456723356867,
        "avg_cost": 151.456723356867,
        "avg_holding_cost": 8340.000010490417,
        "avg_backlog_cost": 14470.0,
        "avg_ordering_cost": 3657.4487320184708,
        "avg_inventory": 556.0,
        "avg_backlog": 32.2,
        "service_level": 69.6551724137931
      },
      "Retailer_2": {
        "avg_reward": -2.3420614226413012,
        "avg_cost": 2.3420614226413012,
        "avg_holding_cost": 1941.9250242263079,
        "avg_backlog_cost": 60.6959530916065,
        "avg_ordering_cost": 309.6000020503998,
        "avg_inventory": 26.148493661880494,
        "avg_backlog": 0.3112613105773926,
        "service_level": 93.17507418397626
      },
      "Retailer_3": {
        "avg_reward": -1.257083366341361,
        "avg_cost": 1.257083366341361,
        "avg_holding_cost": 1740.8649945817888,
        "avg_backlog_cost": 36.53520703688264,
        "avg_ordering_cost": 338.4000016450882,
        "avg_inventory": 22.92390464623769,
        "avg_backlog": 0.1873600435256958,
        "service_level": 94.31818181818183
      },
      "Retailer_4": {
        "avg_reward": -1.7881279508871875,
        "avg_cost": 1.7881279508871875,
        "avg_holding_cost": 1760.010612886399,
        "avg_backlog_cost": 104.23140252195299,
        "avg_ordering_cost": 332.4000014066696,
        "avg_inventory": 23.223807574907937,
        "avg_backlog": 0.5345200252532959,
        "service_level": 92.53731343283582
      },
      "Retailer_5": {
        "avg_reward": -1.310872641599292,
        "avg_cost": 1.310872641599292,
        "avg_holding_cost": 1679.7768409848213,
        "avg_backlog_cost": 47.35470603778958,
        "avg_ordering_cost": 329.70000153779984,
        "avg_inventory": 22.269863104820253,
        "avg_backlog": 0.24284465392430624,
        "service_level": 92.96187683284457
      },
      "Retailer_6": {
        "avg_reward": -2.7726179384312557,
        "avg_cost": 2.7726179384312557,
        "avg_holding_cost": 2111.417637743056,
        "avg_backlog_cost": 41.68384888023138,
        "avg_ordering_cost": 307.6000015735626,
        "avg_inventory": 28.815152689615886,
        "avg_backlog": 0.21376333713531495,
        "service_level": 94.8948948948949
      },
      "Retailer_7": {
        "avg_reward": -1.8869336798232712,
        "avg_cost": 1.8869336798232712,
        "avg_holding_cost": 1816.836601260351,
        "avg_backlog_cost": 107.50089706480503,
        "avg_ordering_cost": 356.500001847744,
        "avg_inventory": 24.841390932401023,
        "avg_backlog": 0.5512866735458374,
        "service_level": 92.21902017291066
      },
      "Retailer_8": {
        "avg_reward": -10.209073057495806,
        "avg_cost": 10.209073057495806,
        "avg_holding_cost": 3260.0651405067183,
        "avg_backlog_cost": 361.38511696457863,
        "avg_ordering_cost": 333.4000016450882,
        "avg_inventory": 48.44588270982106,
        "avg_backlog": 1.8532570966084798,
        "service_level": 90.9090909090909
      },
      "Retailer_9": {
        "avg_reward": -1.6630933614692904,
        "avg_cost": 1.6630933614692904,
        "avg_holding_cost": 1709.4271257817745,
        "avg_backlog_cost": 70.01732593774796,
        "avg_ordering_cost": 329.70000153779984,
        "avg_inventory": 22.799436314900717,
        "avg_backlog": 0.35906322638193766,
        "service_level": 91.37931034482759
      },
      "Retailer_10": {
        "avg_reward": -1.5703474122925485,
        "avg_cost": 1.5703474122925485,
        "avg_holding_cost": 1790.8383799605072,
        "avg_backlog_cost": 57.001332730054855,
        "avg_ordering_cost": 354.5000019669533,
        "avg_inventory": 24.307274651527404,
        "avg_backlog": 0.29231454094250997,
        "service_level": 93.69627507163324
      },
      "Retailer_11": {
        "avg_reward": -3.810219260425373,
        "avg_cost": 3.810219260425373,
        "avg_holding_cost": 2242.739501580596,
        "avg_backlog_cost": 140.49622082710266,
        "avg_ordering_cost": 339.4000018835068,
        "avg_inventory": 31.82593845685323,
        "avg_backlog": 0.7204934537410737,
        "service_level": 91.27906976744185
      },
      "Retailer_12": {
        "avg_reward": -2.0038883708503925,
        "avg_cost": 2.0038883708503925,
        "avg_holding_cost": 1928.7768508363515,
        "avg_backlog_cost": 63.3675150424242,
        "avg_ordering_cost": 329.0000009536743,
        "avg_inventory": 26.49716013511022,
        "avg_backlog": 0.3249616261323293,
        "service_level": 93.11377245508982
      },
      "Retailer_13": {
        "avg_reward": -1.4742159602318148,
        "avg_cost": 1.4742159602318148,
        "avg_holding_cost": 1879.6835970953107,
        "avg_backlog_cost": 28.57448125630617,
        "avg_ordering_cost": 331.70000141859055,
        "avg_inventory": 25.67444636027018,
        "avg_backlog": 0.14653580605983735,
        "service_level": 94.42815249266863
      },
      "Retailer_14": {
        "avg_reward": -2.239279382037335,
        "avg_cost": 2.239279382037335,
        "avg_holding_cost": 1865.949191108346,
        "avg_backlog_cost": 102.66695895045996,
        "avg_ordering_cost": 363.2000014781952,
        "avg_inventory": 25.287492683728537,
        "avg_backlog": 0.5264972480138143,
        "service_level": 92.3076923076923
      },
      "Retailer_15": {
        "avg_reward": -6.704857126519991,
        "avg_cost": 6.704857126519991,
        "avg_holding_cost": 2858.306266386062,
        "avg_backlog_cost": 200.16499985009432,
        "avg_ordering_cost": 375.3000014424324,
        "avg_inventory": 41.48496862093607,
        "avg_backlog": 1.026487206617991,
        "service_level": 92.24137931034483
      },
      "Retailer_16": {
        "avg_reward": -5.254249524733466,
        "avg_cost": 5.254249524733466,
        "avg_holding_cost": 1993.3693348765373,
        "avg_backlog_cost": 406.55069860816,
        "avg_ordering_cost": 386.70000141859055,
        "avg_inventory": 27.332058143615722,
        "avg_backlog": 2.08487543741862,
        "service_level": 90.25787965616045
      }
    },
    "dc_cycle_service_level": {
      "0": 83.24022346368714,
      "1": 69.6551724137931
    },
    "system_retailer_fill_rate": 92.64077669902913
  },
  "episode_data": [
    {
      "total_reward": -291.12731559604674,
      "total_cost": 291.12731559604674,