{
  "metadata": {
    "algorithm": "(s,S) Heuristic (Baseline)",
    "config_path": "configs/multi_dc_config.yaml",
    "num_episodes": 1,
    "episode_length": 150,
    "s_dc": 300.0,
    "S_dc": 500.0,
    "s_retailer": 3,
    "S_retailer": 12,
    "evaluation_date": "2026-04-14 20:43:03"
  },
  "statistics": {
    "num_episodes": 1,
    "episode_length": 150,
    "policy": "(s,S) Heuristic",
    "s_dc": 300.0,
    "S_dc": 500.0,
    "s_retailer": 3,
    "S_retailer": 12,
    "total_reward": {
      "mean": -103.70222045924942,
      "std": 0.0,
      "min": -103.70222045924942,
      "max": -103.70222045924942
    },
    "total_cost": {
      "mean": 103.70222045924942,
      "std": 0.0,
      "min": 103.70222045924942,
      "max": 103.70222045924942
    },
    "per_agent": {
      "DC_0": {
        "avg_reward": -59.33106565480861,
        "avg_cost": 59.33106565480861,
        "avg_holding_cost": 14892.115176200867,
        "avg_backlog_cost": 0.0,
        "avg_ordering_cost": 3143.616271104055,
        "avg_inventory": 992.8076619466145,
        "avg_backlog": 0.0,
        "service_level": 100.0
      },
      "DC_1": {
        "avg_reward": -58.55379522593493,
        "avg_cost": 58.55379522593493,
        "avg_holding_cost": 14620.849513053894,
        "avg_backlog_cost": 0.0,
        "avg_ordering_cost": 4143.745360851453,
        "avg_inventory": 974.7232857259114,
        "avg_backlog": 0.0,
        "service_level": 100.0
      },
      "Retailer_2": {
        "avg_reward": 0.8470412964665472,
        "avg_cost": -0.8470412964665472,
        "avg_holding_cost": 1698.566163405776,
        "avg_backlog_cost": 19.801766484975815,
        "avg_ordering_cost": 310.9161304923224,
        "avg_inventory": 22.26791146914164,
        "avg_backlog": 0.10154752373695373,
        "service_level": 95.85798816568047
      },
      "Retailer_3": {
        "avg_reward": 1.1865176030872917,
        "avg_cost": -1.1865176030872917,
        "avg_holding_cost": 1695.1185077801347,
        "avg_backlog_cost": 37.986277252435684,
        "avg_ordering_cost": 338.11183535127793,
        "avg_inventory": 22.22027886390686,
        "avg_backlog": 0.19480143149693807,
        "service_level": 95.0413223140496
      },
      "Retailer_4": {
        "avg_reward": 0.9794944971820163,
        "avg_cost": -0.9794944971820163,
        "avg_holding_cost": 1696.4030747562647,
        "avg_backlog_cost": 31.232990086078644,
        "avg_ordering_cost": 317.8682466711909,
        "avg_inventory": 22.1075883769989,
        "avg_backlog": 0.16016918579737346,
        "service_level": 95.27777777777777
      },
      "Retailer_5": {
        "avg_reward": 0.7686769484670838,
        "avg_cost": -0.7686769484670838,
        "avg_holding_cost": 1655.98283845486,
        "avg_backlog_cost": 48.51255977898836,
        "avg_ordering_cost": 315.05094296690186,
        "avg_inventory": 21.532608804702758,
        "avg_backlog": 0.24878236532211304,
        "service_level": 93.78698224852072
      },
      "Retailer_6": {
        "avg_reward": 0.3199235649740702,
        "avg_cost": -0.3199235649740702,
        "avg_holding_cost": 1756.4755353555083,
        "avg_backlog_cost": 38.253231812268496,
        "avg_ordering_cost": 289.7436756648977,
        "avg_inventory": 22.87247844696045,
        "avg_backlog": 0.19617042620976766,
        "service_level": 93.69627507163324
      },
      "Retailer_7": {
        "avg_reward": 1.1216994536642484,
        "avg_cost": -1.1216994536642484,
        "avg_holding_cost": 1498.1307528838515,
        "avg_backlog_cost": 39.222373962402344,
        "avg_ordering_cost": 351.72442527983014,
        "avg_inventory": 19.865595006942748,
        "avg_backlog": 0.20114038864771525,
        "service_level": 93.6046511627907
      },
      "Retailer_8": {
        "avg_reward": 0.8180961520830533,
        "avg_cost": -0.8180961520830533,
        "avg_holding_cost": 1614.0503232330084,
        "avg_backlog_cost": 45.20825768634677,
        "avg_ordering_cost": 315.8922384899073,
        "avg_inventory": 21.144169402122497,
        "avg_backlog": 0.23183722774187723,
        "service_level": 93.45238095238095
      },
      "Retailer_9": {
        "avg_reward": 1.0413017298055738,
        "avg_cost": -1.0413017298055738,
        "avg_holding_cost": 1625.4857043977827,
        "avg_backlog_cost": 31.734448378905654,
        "avg_ordering_cost": 327.8562079084848,
        "avg_inventory": 21.482195363044738,
        "avg_backlog": 0.1627407709757487,
        "service_level": 95.32967032967034
      },
      "Retailer_10": {
        "avg_reward": 0.8689543057281673,
        "avg_cost": -0.8689543057281673,
        "avg_holding_cost": 1682.4646456781775,
        "avg_backlog_cost": 34.849629342556,
        "avg_ordering_cost": 313.7784093861815,
        "avg_inventory": 22.06804200490316,
        "avg_backlog": 0.17871605475743613,
        "service_level": 95.63953488372093
      },
      "Retailer_11": {
        "avg_reward": 0.6206293359871803,
        "avg_cost": -0.6206293359871803,
        "avg_holding_cost": 1621.2084811404347,
        "avg_backlog_cost": 45.86869162321091,
        "avg_ordering_cost": 310.2995987217476,
        "avg_inventory": 21.171141859690348,
        "avg_backlog": 0.23522406776746113,
        "service_level": 92.83667621776505
      },
      "Retailer_12": {
        "avg_reward": 1.235242119718878,
        "avg_cost": -1.235242119718878,
        "avg_holding_cost": 1604.860976561904,
        "avg_backlog_cost": 51.234438456594944,
        "avg_ordering_cost": 359.26494624658216,
        "avg_inventory": 21.050978139241536,
        "avg_backlog": 0.2627407193183899,
        "service_level": 94.41340782122904
      },
      "Retailer_13": {
        "avg_reward": 1.275172875807288,
        "avg_cost": -1.275172875807288,
        "avg_holding_cost": 1501.352955488488,
        "avg_backlog_cost": 34.54150707635563,
        "avg_ordering_cost": 336.9588627017913,
        "avg_inventory": 19.641612685521444,
        "avg_backlog": 0.1771359395980835,
        "service_level": 93.29608938547486
      },
      "Retailer_14": {
        "avg_reward": 0.9809081470162079,
        "avg_cost": -0.9809081470162079,
        "avg_holding_cost": 1680.4683783047367,
        "avg_backlog_cost": 44.232287102378905,
        "avg_ordering_cost": 337.89627364122686,
        "avg_inventory": 21.95791825612386,
        "avg_backlog": 0.22683225075403848,
        "service_level": 93.22033898305084
      },
      "Retailer_15": {
        "avg_reward": 1.2429513782635737,
        "avg_cost": -1.2429513782635737,
        "avg_holding_cost": 1631.5634049288929,
        "avg_backlog_cost": 26.49944363720715,
        "avg_ordering_cost": 341.9259865613184,
        "avg_inventory": 21.357866334915162,
        "avg_backlog": 0.1358945870399475,
        "service_level": 96.07843137254902
      },
      "Retailer_16": {
        "avg_reward": 0.8760310132430857,
        "avg_cost": -0.8760310132430857,
        "avg_holding_cost": 1628.4807935422286,
        "avg_backlog_cost": 51.271778121590614,
        "avg_ordering_cost": 325.8299112379978,
        "avg_inventory": 21.155292290449143,
        "avg_backlog": 0.2629322044054667,
        "service_level": 92.02279202279202
      }
    },
    "dc_cycle_service_level": {
      "0": 100.0,
      "1": 100.0
    },
    "system_retailer_fill_rate": 94.24282728481855
  },
  "episode_data": [
    {
      "total_reward": -103.70222045924942,
      "total_cost": 103.70222045924942,