{
  "metadata": {
    "algorithm": "(s,S) Heuristic (Baseline)",
    "config_path": "configs/multi_dc_config.yaml",
    "num_episodes": 1,
    "episode_length": 90,
    "s_dc": 500.0,
    "S_dc": 800.0,
    "s_retailer": 5,
    "S_retailer": 10,
    "evaluation_date": "2026-04-12 10:56:16"
  },
  "statistics": {
    "num_episodes": 1,
    "episode_length": 90,
    "policy": "(s,S) Heuristic",
    "s_dc": 500.0,
    "S_dc": 800.0,
    "s_retailer": 5,
    "S_retailer": 10,
    "total_reward": {
      "mean": -276.3962515380421,
      "std": 0.0,
      "min": -276.3962515380421,
      "max": -276.3962515380421
    },
    "total_cost": {
      "mean": 276.3962515380421,
      "std": 0.0,
      "min": 276.3962515380421,
      "max": 276.3962515380421
    },
    "per_agent": {
      "DC_0": {
        "avg_reward": -137.66312522872576,
        "avg_cost": 137.66312522872576,
        "avg_holding_cost": 16219.023223876953,
        "avg_backlog_cost": 0.0,
        "avg_ordering_cost": 2449.844466265653,
        "avg_inventory": 1802.1136474609375,
        "avg_backlog": 0.0,
        "service_level": 100.0
      },
      "DC_1": {
        "avg_reward": -132.99076919031435,
        "avg_cost": 132.99076919031435,
        "avg_holding_cost": 15741.367568969727,
        "avg_backlog_cost": 0.0,
        "avg_ordering_cost": 2913.4786122069354,
        "avg_inventory": 1749.0408121744792,
        "avg_backlog": 0.0,
        "service_level": 100.0
      },
      "Retailer_2": {
        "avg_reward": 0.2125224196634224,
        "avg_cost": -0.2125224196634224,
        "avg_holding_cost": 1038.0588691867888,
        "avg_backlog_cost": 13.779860734939575,
        "avg_ordering_cost": 214.0331891963602,
        "avg_inventory": 22.496439430448746,
        "avg_backlog": 0.13919050958421494,
        "service_level": 96.80365296803653
      },
      "Retailer_3": {
        "avg_reward": -0.6480879156152658,
        "avg_cost": 0.6480879156152658,
        "avg_holding_cost": 1160.7378817722201,
        "avg_backlog_cost": 5.020931303501129,
        "avg_ordering_cost": 176.7788295658813,
        "avg_inventory": 25.353010341856216,
        "avg_backlog": 0.05071647697024875,
        "service_level": 98.09523809523809
      },
      "Retailer_4": {
        "avg_reward": 0.1642378356528231,
        "avg_cost": -0.1642378356528231,
        "avg_holding_cost": 1089.1192456753924,
        "avg_backlog_cost": 9.257868587970734,
        "avg_ordering_cost": 210.11773234004747,
        "avg_inventory": 23.791912619272868,
        "avg_backlog": 0.093513822555542,
        "service_level": 96.41255605381166
      },
      "Retailer_5": {
        "avg_reward": -0.6856809637410565,
        "avg_cost": 0.6856809637410565,
        "avg_holding_cost": 1135.6104060858488,
        "avg_backlog_cost": 0.15538590401411057,
        "avg_ordering_cost": 173.5863070883778,
        "avg_inventory": 24.739548608991836,
        "avg_backlog": 0.001569554540846083,
        "service_level": 99.05660377358491
      },
      "Retailer_6": {
        "avg_reward": -0.7292517860238588,
        "avg_cost": 0.7292517860238588,
        "avg_holding_cost": 1197.0988374352455,
        "avg_backlog_cost": 2.008831024169922,
        "avg_ordering_cost": 178.07996925738865,
        "avg_inventory": 26.43692961798774,
        "avg_backlog": 0.02029122246636285,
        "service_level": 99.0521327014218
      },
      "Retailer_7": {
        "avg_reward": -0.46706137675011206,
        "avg_cost": 0.46706137675011206,
        "avg_holding_cost": 1119.105988174677,
        "avg_backlog_cost": 6.858848981559277,
        "avg_ordering_cost": 174.3309054496418,
        "avg_inventory": 24.27138679292467,
        "avg_backlog": 0.06928130255805122,
        "service_level": 98.06763285024155
      },
      "Retailer_8": {
        "avg_reward": -0.17053223432403455,
        "avg_cost": 0.17053223432403455,
        "avg_holding_cost": 1068.8290501236916,
        "avg_backlog_cost": 4.476439833641052,
        "avg_ordering_cost": 187.8556711893097,
        "avg_inventory": 22.966794713338217,
        "avg_backlog": 0.045216563012864856,
        "service_level": 97.64150943396226
      },
      "Retailer_9": {
        "avg_reward": -0.6084648664602545,
        "avg_cost": 0.6084648664602545,
        "avg_holding_cost": 1129.0332474634051,
        "avg_backlog_cost": 3.552517205476761,
        "avg_ordering_cost": 174.594587999267,
        "avg_inventory": 24.711959923638236,
        "avg_backlog": 0.035884012116326226,
        "service_level": 98.52216748768473
      },
      "Retailer_10": {
        "avg_reward": -0.49888119980539564,
        "avg_cost": 0.49888119980539564,
        "avg_holding_cost": 1143.494300113758,
        "avg_backlog_cost": 7.770131826400757,
        "avg_ordering_cost": 188.88222203193544,
        "avg_inventory": 24.652890989515516,
        "avg_backlog": 0.0784861789809333,
        "service_level": 96.61835748792271
      },
      "Retailer_11": {
        "avg_reward": -0.36927223218822086,
        "avg_cost": 0.36927223218822086,
        "avg_holding_cost": 1109.145478129387,
        "avg_backlog_cost": 5.596546694636345,
        "avg_ordering_cost": 187.12179873950447,
        "avg_inventory": 24.40115042792426,
        "avg_backlog": 0.056530772315131296,
        "service_level": 97.64150943396226
      },
      "Retailer_12": {
        "avg_reward": -0.4327737979752053,
        "avg_cost": 0.4327737979752053,
        "avg_holding_cost": 1110.695538431406,
        "avg_backlog_cost": 7.502458214759827,
        "avg_ordering_cost": 180.05339850107782,
        "avg_inventory": 24.416221533881295,
        "avg_backlog": 0.07578240235646566,
        "service_level": 98.48484848484848
      },
      "Retailer_13": {
        "avg_reward": 0.2595371456434534,
        "avg_cost": -0.2595371456434534,
        "avg_holding_cost": 1068.6084111630917,
        "avg_backlog_cost": 7.330755352973938,
        "avg_ordering_cost": 206.84912828545075,
        "avg_inventory": 23.0003001636929,
        "avg_backlog": 0.07404803435007731,
        "service_level": 97.71689497716895
      },
      "Retailer_14": {
        "avg_reward": -0.7950007118335995,
        "avg_cost": 0.7950007118335995,
        "avg_holding_cost": 1145.863634556532,
        "avg_backlog_cost": 5.096288908272982,
        "avg_ordering_cost": 170.02240970205307,
        "avg_inventory": 24.698841985066732,
        "avg_backlog": 0.051477662722269696,
        "service_level": 97.51243781094527
      },
      "Retailer_15": {
        "avg_reward": -0.2747197136078238,
        "avg_cost": 0.2747197136078238,
        "avg_holding_cost": 1089.2378857135773,
        "avg_backlog_cost": 3.8782179430127144,
        "avg_ordering_cost": 183.1685162873957,
        "avg_inventory": 23.687416383955213,
        "avg_backlog": 0.039173917637930974,
        "service_level": 98.12206572769952
      },
      "Retailer_16": {
        "avg_reward": -0.6989277216372078,
        "avg_cost": 0.6989277216372078,
        "avg_holding_cost": 1204.4984591826797,
        "avg_backlog_cost": 10.39364767074585,
        "avg_ordering_cost": 183.89307393719068,
        "avg_inventory": 26.037026437123618,
        "avg_backlog": 0.10498633649614122,
        "service_level": 96.66666666666667
      }
    },
    "dc_cycle_service_level": {
      "0": 100.0,
      "1": 100.0
    },
    "system_retailer_fill_rate": 97.75102945834652
  },
  "episode_data": [
    {
      "total_reward": -276.3962515380421,
      "total_cost": 276.3962515380421,