{
  "metadata": {
    "algorithm": "(s,S) Heuristic (Baseline)",
    "config_path": "configs/multi_dc_config.yaml",
    "num_episodes": 1,
    "episode_length": 90,
    "s_dc": 300.0,
    "S_dc": 500.0,
    "s_retailer": 16,
    "S_retailer": 20,
    "evaluation_date": "2026-04-12 13:07:19"
  },
  "statistics": {
    "num_episodes": 1,
    "episode_length": 90,
    "policy": "(s,S) Heuristic",
    "s_dc": 300.0,
    "S_dc": 500.0,
    "s_retailer": 16,
    "S_retailer": 20,
    "total_reward": {
      "mean": -129.91119556640498,
      "std": 0.0,
      "min": -129.91119556640498,
      "max": -129.91119556640498
    },
    "total_cost": {
      "mean": 129.91119556640498,
      "std": 0.0,
      "min": 129.91119556640498,
      "max": 129.91119556640498
    },
    "per_agent": {
      "DC_0": {
        "avg_reward": -62.37064213585469,
        "avg_cost": 62.37064213585469,
        "avg_holding_cost": 9204.172075271606,
        "avg_backlog_cost": 0.0,
        "avg_ordering_cost": 2061.3472228484043,
        "avg_inventory": 1022.6857679578993,
        "avg_backlog": 0.0,
        "service_level": 100.0
      },
      "DC_1": {
        "avg_reward": -62.50043933840998,
        "avg_cost": 62.50043933840998,
        "avg_holding_cost": 9091.808275222778,
        "avg_backlog_cost": 0.0,
        "avg_ordering_cost": 2321.186149746696,
        "avg_inventory": 1010.2009094238281,
        "avg_backlog": 0.0,
        "service_level": 100.0
      },
      "Retailer_2": {
        "avg_reward": -1.2489331953067662,
        "avg_cost": 1.2489331953067662,
        "avg_holding_cost": 2316.609745502472,
        "avg_backlog_cost": 0.0,
        "avg_ordering_cost": 189.88267392270348,
        "avg_inventory": 51.300467851426866,
        "avg_backlog": 0.0,
        "service_level": 100.0
      },
      "Retailer_3": {
        "avg_reward": 0.09322575589909411,
        "avg_cost": -0.09322575589909411,
        "avg_holding_cost": 2282.145390033722,
        "avg_backlog_cost": 0.0,
        "avg_ordering_cost": 229.8847197531196,
        "avg_inventory": 50.350821855333116,
        "avg_backlog": 0.0,
        "service_level": 100.0
      },
      "Retailer_4": {
        "avg_reward": 0.12771748783887238,
        "avg_cost": -0.12771748783887238,
        "avg_holding_cost": 2256.7808277606964,
        "avg_backlog_cost": 0.0,
        "avg_ordering_cost": 230.80511160442762,
        "avg_inventory": 49.740476820203995,
        "avg_backlog": 0.0,
        "service_level": 100.0
      },
      "Retailer_5": {
        "avg_reward": -0.799155331070931,
        "avg_cost": 0.799155331070931,
        "avg_holding_cost": 2294.031403541565,
        "avg_backlog_cost": 0.0,
        "avg_ordering_cost": 200.55545946664193,
        "avg_inventory": 50.661919360690646,
        "avg_backlog": 0.0,
        "service_level": 100.0
      },
      "Retailer_6": {
        "avg_reward": -0.47297140953097405,
        "avg_cost": 0.47297140953097405,
        "avg_holding_cost": 2319.132503271103,
        "avg_backlog_cost": 0.0,
        "avg_ordering_cost": 212.7804165813327,
        "avg_inventory": 51.10251888699002,
        "avg_backlog": 0.0,
        "service_level": 100.0
      },
      "Retailer_7": {
        "avg_reward": 0.10416027113646882,
        "avg_cost": -0.10416027113646882,
        "avg_holding_cost": 2252.0923697948456,
        "avg_backlog_cost": 0.0,
        "avg_ordering_cost": 224.19920153996355,
        "avg_inventory": 49.85834702385797,
        "avg_backlog": 0.0,
        "service_level": 100.0
      },
      "Retailer_8": {
        "avg_reward": -0.3214877889096712,
        "avg_cost": 0.3214877889096712,
        "avg_holding_cost": 2268.431263923645,
        "avg_backlog_cost": 0.0,
        "avg_ordering_cost": 215.01609669868537,
        "avg_inventory": 50.23887833489312,
        "avg_backlog": 0.0,
        "service_level": 100.0
      },
      "Retailer_9": {
        "avg_reward": 0.7184452085177033,
        "avg_cost": -0.7184452085177033,
        "avg_holding_cost": 2221.915200471878,
        "avg_backlog_cost": 0.0,
        "avg_ordering_cost": 239.8177574737739,
        "avg_inventory": 49.09679158528646,
        "avg_backlog": 0.0,
        "service_level": 100.0
      },
      "Retailer_10": {
        "avg_reward": -0.24002302918836452,
        "avg_cost": 0.24002302918836452,
        "avg_holding_cost": 2278.6301221847534,
        "avg_backlog_cost": 0.0,
        "avg_ordering_cost": 213.09132852721007,
        "avg_inventory": 50.411080508761934,
        "avg_backlog": 0.0,
        "service_level": 100.0
      },
      "Retailer_11": {
        "avg_reward": -0.33093660650200213,
        "avg_cost": 0.33093660650200213,
        "avg_holding_cost": 2283.6811079978943,
        "avg_backlog_cost": 0.0,
        "avg_ordering_cost": 211.99010560440883,
        "avg_inventory": 50.5017941792806,
        "avg_backlog": 0.0,
        "service_level": 100.0
      },
      "Retailer_12": {
        "avg_reward": -0.6831076274838963,
        "avg_cost": 0.6831076274838963,
        "avg_holding_cost": 2307.248945951462,
        "avg_backlog_cost": 0.0,
        "avg_ordering_cost": 199.36911624452176,
        "avg_inventory": 51.057293277316624,
        "avg_backlog": 0.0,
        "service_level": 100.0
      },
      "Retailer_13": {
        "avg_reward": -0.7116140201007217,
        "avg_cost": 0.7116140201007217,
        "avg_holding_cost": 2282.0150504112244,
        "avg_backlog_cost": 0.0,
        "avg_ordering_cost": 203.27486694311546,
        "avg_inventory": 50.4322696685791,
        "avg_backlog": 0.0,
        "service_level": 100.0
      },
      "Retailer_14": {
        "avg_reward": -0.8683285043339191,
        "avg_cost": 0.8683285043339191,
        "avg_holding_cost": 2330.807674407959,
        "avg_backlog_cost": 0.0,
        "avg_ordering_cost": 198.07460493138245,
        "avg_inventory": 51.498392740885414,
        "avg_backlog": 0.0,
        "service_level": 100.0
      },
      "Retailer_15": {
        "avg_reward": -0.5232604824712559,
        "avg_cost": 0.5232604824712559,
        "avg_holding_cost": 2279.5560822486877,
        "avg_backlog_cost": 0.0,
        "avg_ordering_cost": 210.5152423794877,
        "avg_inventory": 50.4114264594184,
        "avg_backlog": 0.0,
        "service_level": 100.0
      },
      "Retailer_16": {
        "avg_reward": 0.11615517936605295,
        "avg_cost": -0.11615517936605295,
        "avg_holding_cost": 2294.0354335308075,
        "avg_backlog_cost": 0.0,
        "avg_ordering_cost": 230.99064183694674,
        "avg_inventory": 50.628009668986,
        "avg_backlog": 0.0,
        "service_level": 100.0
      }
    },
    "dc_cycle_service_level": {
      "0": 100.0,
      "1": 100.0
    },
    "system_retailer_fill_rate": 100.0
  },
  "episode_data": [
    {
      "total_reward": -129.91119556640498,
      "total_cost": 129.91119556640498,
      "agent_rewards": [
        -62.37064213585469,
        -62.50043933840998,
        -1.2489331953067662,
        0.09322575589909411,
        0.12771748783887238,
        -0.799155331070931,
        -0.47297140953097405,
        0.10416027113646882,
        -0.3214877889096712,
        0.7184452085177033,
        -0.24002302918836452,
        -0.33093660650200213,
        -0.6831076274838963,
        -0.7116140201007217,
        -0.8683285043339191,
        -0.5232604824712559,
        0.11615517936605295
      ],
      "agent_costs": [
        62.37064213585469,
        62.50043933840998,
        1.2489331953067662,
        -0.09322575589909411,
        -0.12771748783887238,
        0.799155331070931,
        0.47297140953097405,
        -0.10416027113646882,
        0.3214877889096712,
        -0.7184452085177033,
        0.24002302918836452,
        0.33093660650200213,
        0.6831076274838963,
        0.7116140201007217,
        0.8683285043339191,
        0.5232604824712559,
        -0.11615517936605295
      ],