{
  "metadata": {
    "algorithm": "(s,S) Heuristic (Baseline)",
    "config_path": "configs/multi_dc_config.yaml",
    "num_episodes": 1,
    "episode_length": 90,
    "s_dc": 100.0,
    "S_dc": 170.0,
    "s_retailer": 3,
    "S_retailer": 10,
    "evaluation_date": "2026-04-21 22:12:27"
  },
  "statistics": {
    "num_episodes": 1,
    "episode_length": 90,
    "policy": "(s,S) Heuristic",
    "s_dc": 100.0,
    "S_dc": 170.0,
    "s_retailer": 3,
    "S_retailer": 10,
    "total_reward": {
      "mean": -593.0836224715116,
      "std": 0.0,
      "min": -593.0836224715116,
      "max": -593.0836224715116
    },
    "total_cost": {
      "mean": 593.0836224715116,
      "std": 0.0,
      "min": 593.0836224715116,
      "max": 593.0836224715116
    },
    "per_agent": {
      "DC_0": {
        "avg_reward": -105.88228907555121,
        "avg_cost": 105.88228907555121,
        "avg_holding_cost": 7307.0,
        "avg_backlog_cost": 270.0,
        "avg_ordering_cost": 55778.666595458984,
        "avg_inventory": 811.8888888888889,
        "avg_backlog": 1.0,
        "service_level": 90.73170731707317
      },
      "DC_1": {
        "avg_reward": -381.7296380549961,
        "avg_cost": 381.7296380549961,
        "avg_holding_cost": 6791.0,
        "avg_backlog_cost": 19105.0,
        "avg_ordering_cost": 81931.05037689209,
        "avg_inventory": 754.5555555555555,
        "avg_backlog": 70.77777777777777,
        "service_level": 65.38461538461539
      },
      "Retailer_2": {
        "avg_reward": -5.207742613083641,
        "avg_cost": 5.207742613083641,
        "avg_holding_cost": 1186.3549789600074,
        "avg_backlog_cost": 18.50612060725689,
        "avg_ordering_cost": 173.9000008702278,
        "avg_inventory": 25.79908027913835,
        "avg_backlog": 0.15817197627491422,
        "service_level": 93.0
      },
      "Retailer_3": {
        "avg_reward": -5.346661234860965,
        "avg_cost": 5.346661234860965,
        "avg_holding_cost": 1169.2069364190102,
        "avg_backlog_cost": 46.039180636405945,
        "avg_ordering_cost": 171.90000039339066,
        "avg_inventory": 25.492948002285427,
        "avg_backlog": 0.39349728557798597,
        "service_level": 93.5
      },
      "Retailer_4": {
        "avg_reward": -5.297808646796436,
        "avg_cost": 5.297808646796436,
        "avg_holding_cost": 1216.289919450879,
        "avg_backlog_cost": 41.88576949387789,
        "avg_ordering_cost": 187.30000072717667,
        "avg_inventory": 26.624708151817323,
        "avg_backlog": 0.3579980466100905,
        "service_level": 90.77669902912622
      },
      "Retailer_5": {
        "avg_reward": -5.317130363089387,
        "avg_cost": 5.317130363089387,
        "avg_holding_cost": 1075.8776718750596,
        "avg_backlog_cost": 43.88452222198248,
        "avg_ordering_cost": 179.60000085830688,
        "avg_inventory": 23.205378646320767,
        "avg_backlog": 0.3750814014010959,
        "service_level": 90.82125603864735
      },
      "Retailer_6": {
        "avg_reward": -5.27681988351758,
        "avg_cost": 5.27681988351758,
        "avg_holding_cost": 1149.9311981275678,
        "avg_backlog_cost": 46.80351868271828,
        "avg_ordering_cost": 197.70000165700912,
        "avg_inventory": 24.817288478215534,
        "avg_backlog": 0.4000300890869565,
        "service_level": 90.23255813953487
      },
      "Retailer_7": {
        "avg_reward": -4.340215606717873,
        "avg_cost": 4.340215606717873,
        "avg_holding_cost": 1007.0996158525813,
        "avg_backlog_cost": 39.03298107534647,
        "avg_ordering_cost": 208.40000104904175,
        "avg_inventory": 22.28788310156928,
        "avg_backlog": 0.33361523946126304,
        "service_level": 93.54838709677419
      },
      "Retailer_8": {
        "avg_reward": -4.733686247033479,
        "avg_cost": 4.733686247033479,
        "avg_holding_cost": 1057.023113614414,
        "avg_backlog_cost": 26.26770916581154,
        "avg_ordering_cost": 200.70000118017197,
        "avg_inventory": 23.00851296318902,
        "avg_backlog": 0.22451034453180102,
        "service_level": 93.57798165137615
      },
      "Retailer_9": {
        "avg_reward": -7.999719720252633,
        "avg_cost": 7.999719720252633,
        "avg_holding_cost": 1396.3923067748547,
        "avg_backlog_cost": 63.28924697637558,
        "avg_ordering_cost": 191.00000083446503,
        "avg_inventory": 32.157063478893704,
        "avg_backlog": 0.5409337593449487,
        "service_level": 95.5
      },
      "Retailer_10": {
        "avg_reward": -7.377751235629071,
        "avg_cost": 7.377751235629071,
        "avg_holding_cost": 1462.3451289534569,
        "avg_backlog_cost": 25.488399386405945,
        "avg_ordering_cost": 187.30000072717667,
        "avg_inventory": 34.04867467880249,
        "avg_backlog": 0.21784957846005756,
        "service_level": 96.61835748792271
      },
      "Retailer_11": {
        "avg_reward": -4.787858930651868,
        "avg_cost": 4.787858930651868,
        "avg_holding_cost": 1044.595090329647,
        "avg_backlog_cost": 57.10434779524803,
        "avg_ordering_cost": 220.80000126361847,
        "avg_inventory": 23.011862410439385,
        "avg_backlog": 0.48807136217753094,
        "service_level": 88.46153846153845
      },
      "Retailer_12": {
        "avg_reward": -6.214538027732998,
        "avg_cost": 6.214538027732998,
        "avg_holding_cost": 1325.109999254346,
        "avg_backlog_cost": 28.909026980400085,
        "avg_ordering_cost": 173.9000008702278,
        "avg_inventory": 29.946405129962496,
        "avg_backlog": 0.24708570837974547,
        "service_level": 93.68932038834951
      },
      "Retailer_13": {
        "avg_reward": -6.151342118546583,
        "avg_cost": 6.151342118546583,
        "avg_holding_cost": 1217.4613685309887,
        "avg_backlog_cost": 82.49022429436445,
        "avg_ordering_cost": 204.40000069141388,
        "avg_inventory": 27.486360285017227,
        "avg_backlog": 0.7050446775224474,
        "service_level": 92.7536231884058
      },
      "Retailer_14": {
        "avg_reward": -12.475258343237403,
        "avg_cost": 12.475258343237403,
        "avg_holding_cost": 1588.1988801807165,
        "avg_backlog_cost": 277.59551322460175,
        "avg_ordering_cost": 264.4000006914139,
        "avg_inventory": 37.60791259606679,
        "avg_backlog": 2.37261129087872,
        "service_level": 88.57142857142857
      },
      "Retailer_15": {
        "avg_reward": -11.038319319496322,
        "avg_cost": 11.038319319496322,
        "avg_holding_cost": 1448.771859511733,
        "avg_backlog_cost": 189.84412598609924,
        "avg_ordering_cost": 272.8000011444092,
        "avg_inventory": 33.8038873023457,
        "avg_backlog": 1.6225994149843852,
        "service_level": 91.24423963133641
      },
      "Retailer_16": {
        "avg_reward": -13.90684305031832,
        "avg_cost": 13.90684305031832,
        "avg_holding_cost": 1104.8579323999584,
        "avg_backlog_cost": 687.3774712830782,
        "avg_ordering_cost": 299.6000008583069,
        "avg_inventory": 23.772358677122327,
        "avg_backlog": 5.875021337138282,
        "service_level": 86.04651162790698
      }
    },
    "dc_cycle_service_level": {
      "0": 90.73170731707317,
      "1": 65.38461538461539
    },
    "system_retailer_fill_rate": 91.86083625917651
  },
  "episode_data": [
    {
      "total_reward": -593.0836224715116,
      "total_cost": 593.0836224715116,