{
  "metadata": {
    "algorithm": "(s,S) Heuristic (Baseline)",
    "config_path": "configs/multi_dc_config.yaml",
    "num_episodes": 1,
    "episode_length": 90,
    "s_dc": 1000.0,
    "S_dc": 2000.0,
    "s_retailer": 16,
    "S_retailer": 20,
    "evaluation_date": "2026-04-11 14:47:50"
  },
  "statistics": {
    "num_episodes": 1,
    "episode_length": 90,
    "policy": "(s,S) Heuristic",
    "s_dc": 1000.0,
    "S_dc": 2000.0,
    "s_retailer": 16,
    "S_retailer": 20,
    "total_reward": {
      "mean": -249.59152546006675,
      "std": 0.0,
      "min": -249.59152546006675,
      "max": -249.59152546006675
    },
    "total_cost": {
      "mean": 249.59152546006675,
      "std": 0.0,
      "min": 249.59152546006675,
      "max": 249.59152546006675
    },
    "per_agent": {
      "DC_0": {
        "avg_reward": -111.16349300538026,
        "avg_cost": 111.16349300538026,
        "avg_holding_cost": 7116.710259437561,
        "avg_backlog_cost": 0.0,
        "avg_ordering_cost": 1614.6911013766476,
        "avg_inventory": 4000.6666368272568,
        "avg_backlog": 0.0,
        "service_level": 100.0
      },
      "DC_1": {
        "avg_reward": -113.7818675481252,
        "avg_cost": 113.7818675481252,
        "avg_holding_cost": 7135.308794021606,
        "avg_backlog_cost": 0.0,
        "avg_ordering_cost": 3895.736849224537,
        "avg_inventory": 4026.9153103298613,
        "avg_backlog": 0.0,
        "service_level": 100.0
      },
      "Retailer_2": {
        "avg_reward": -1.7072436157457498,
        "avg_cost": 1.7072436157457498,
        "avg_holding_cost": 2284.934237718582,
        "avg_backlog_cost": 0.0,
        "avg_ordering_cost": 214.32288498027378,
        "avg_inventory": 50.38370725843642,
        "avg_backlog": 0.0,
        "service_level": 100.0
      },
      "Retailer_3": {
        "avg_reward": -2.012175698583887,
        "avg_cost": 2.012175698583887,
        "avg_holding_cost": 2320.5729587078094,
        "avg_backlog_cost": 0.0,
        "avg_ordering_cost": 206.55731280906457,
        "avg_inventory": 51.24073308308919,
        "avg_backlog": 0.0,
        "service_level": 100.0
      },
      "Retailer_4": {
        "avg_reward": -1.4349764943808594,
        "avg_cost": 1.4349764943808594,
        "avg_holding_cost": 2267.695494413376,
        "avg_backlog_cost": 0.0,
        "avg_ordering_cost": 219.02063661048714,
        "avg_inventory": 49.958754009670685,
        "avg_backlog": 0.0,
        "service_level": 100.0
      },
      "Retailer_5": {
        "avg_reward": -1.0905401227312042,
        "avg_cost": 1.0905401227312042,
        "avg_holding_cost": 2239.852860927582,
        "avg_backlog_cost": 0.0,
        "avg_ordering_cost": 229.69106523182126,
        "avg_inventory": 49.389608510335286,
        "avg_backlog": 0.0,
        "service_level": 100.0
      },
      "Retailer_6": {
        "avg_reward": -1.0459561350902729,
        "avg_cost": 1.0459561350902729,
        "avg_holding_cost": 2283.9169676303864,
        "avg_backlog_cost": 0.0,
        "avg_ordering_cost": 236.09023504966132,
        "avg_inventory": 50.252429623074,
        "avg_backlog": 0.0,
        "service_level": 100.0
      },
      "Retailer_7": {
        "avg_reward": -1.2640571303903136,
        "avg_cost": 1.2640571303903136,
        "avg_holding_cost": 2250.471949338913,
        "avg_backlog_cost": 0.0,
        "avg_ordering_cost": 227.46793944987263,
        "avg_inventory": 49.81053670247396,
        "avg_backlog": 0.0,
        "service_level": 100.0
      },
      "Retailer_8": {
        "avg_reward": -1.1495669501011545,
        "avg_cost": 1.1495669501011545,
        "avg_holding_cost": 2248.5591492652893,
        "avg_backlog_cost": 0.0,
        "avg_ordering_cost": 225.68456830513395,
        "avg_inventory": 49.6478752983941,
        "avg_backlog": 0.0,
        "service_level": 100.0
      },
      "Retailer_9": {
        "avg_reward": -2.2421017726408534,
        "avg_cost": 2.2421017726408534,
        "avg_holding_cost": 2291.9618153572083,
        "avg_backlog_cost": 0.0,
        "avg_ordering_cost": 200.23971409220536,
        "avg_inventory": 50.757849841647676,
        "avg_backlog": 0.0,
        "service_level": 100.0
      },
      "Retailer_10": {
        "avg_reward": -2.407600277967106,
        "avg_cost": 2.407600277967106,
        "avg_holding_cost": 2302.7300832271576,
        "avg_backlog_cost": 0.0,
        "avg_ordering_cost": 193.64800327007805,
        "avg_inventory": 50.9531315697564,
        "avg_backlog": 0.0,
        "service_level": 100.0
      },
      "Retailer_11": {
        "avg_reward": -1.4727220469530322,
        "avg_cost": 1.4727220469530322,
        "avg_holding_cost": 2272.077180147171,
        "avg_backlog_cost": 0.0,
        "avg_ordering_cost": 223.42197675896625,
        "avg_inventory": 50.30574862162272,
        "avg_backlog": 0.0,
        "service_level": 100.0
      },
      "Retailer_12": {
        "avg_reward": -2.1304577182606033,
        "avg_cost": 2.1304577182606033,
        "avg_holding_cost": 2321.741545677185,
        "avg_backlog_cost": 0.0,
        "avg_ordering_cost": 201.9530931748181,
        "avg_inventory": 51.248826344807945,
        "avg_backlog": 0.0,
        "service_level": 100.0
      },
      "Retailer_13": {
        "avg_reward": -1.9548279709637892,
        "avg_cost": 1.9548279709637892,
        "avg_holding_cost": 2289.5539813041687,
        "avg_backlog_cost": 0.0,
        "avg_ordering_cost": 209.64384231291604,
        "avg_inventory": 50.547492599487306,
        "avg_backlog": 0.0,
        "service_level": 100.0
      },
      "Retailer_14": {
        "avg_reward": -1.5936771977725062,
        "avg_cost": 1.5936771977725062,
        "avg_holding_cost": 2307.44091796875,
        "avg_backlog_cost": 0.0,
        "avg_ordering_cost": 218.88917918622877,
        "avg_inventory": 51.06501265631782,
        "avg_backlog": 0.0,
        "service_level": 100.0
      },
      "Retailer_15": {
        "avg_reward": -1.9886882353741142,
        "avg_cost": 1.9886882353741142,
        "avg_holding_cost": 2268.0214722156525,
        "avg_backlog_cost": 0.0,
        "avg_ordering_cost": 198.2418953527199,
        "avg_inventory": 50.08268797132704,
        "avg_backlog": 0.0,
        "service_level": 100.0
      },
      "Retailer_16": {
        "avg_reward": -1.151573539606176,
        "avg_cost": 1.151573539606176,
        "avg_holding_cost": 2303.575321674347,
        "avg_backlog_cost": 0.0,
        "avg_ordering_cost": 229.37589923228455,
        "avg_inventory": 50.70381868150499,
        "avg_backlog": 0.0,
        "service_level": 100.0
      }
    },
    "dc_cycle_service_level": {
      "0": 100.0,
      "1": 100.0
    },
    "system_retailer_fill_rate": 100.0
  },
  "episode_data": [
    {
      "total_reward": -249.59152546006675,
      "total_cost": 249.59152546006675,
      "agent_rewards": [
        -111.16349300538026,
        -113.7818675481252,
        -1.7072436157457498,
        -2.012175698583887,
        -1.4349764943808594,
        -1.0905401227312042,
        -1.0459561350902729,
        -1.2640571303903136,
        -1.1495669501011545,
        -2.2421017726408534,
        -2.407600277967106,
        -1.4727220469530322,
        -2.1304577182606033,
        -1.9548279709637892,
        -1.5936771977725062,
        -1.9886882353741142,
        -1.151573539606176
      ],
      "agent_costs": [
        111.16349300538026,
        113.7818675481252,
        1.7072436157457498,
        2.012175698583887,
        1.4349764943808594,
        1.0905401227312042,
        1.0459561350902729,
        1.2640571303903136,
        1.1495669501011545,
        2.2421017726408534,
        2.407600277967106,
        1.4727220469530322,
        2.1304577182606033,
        1.9548279709637892,
        1.5936771977725062,
        1.9886882353741142,
        1.151573539606176
      ],