{
  "metadata": {
    "model_dir": "results\\05Mar_1_base_kg\\run_seed_1\\models",
    "num_episodes": 1,
    "episode_length": 365,
    "evaluation_date": "2026-03-05 09:32:09"
  },
  "statistics": {
    "num_episodes": 1,
    "episode_length": 365,
    "total_reward": {
      "mean": -9566817.72244358,
      "std": 0.0,
      "min": -9566817.72244358,
      "max": -9566817.72244358
    },
    "total_cost": {
      "mean": 9566817.72244358,
      "std": 0.0,
      "min": 9566817.72244358,
      "max": 9566817.72244358
    },
    "per_agent": {
      "DC_0": {
        "avg_reward": -183586.00742912292,
        "avg_cost": 183586.00742912292,
        "avg_holding_cost": 1192.2100812739227,
        "avg_backlog_cost": 10393.797623728402,
        "avg_ordering_cost": 0.0,
        "avg_inventory": 39.23410307458819,
        "avg_backlog": 21.639340493083,
        "service_level": 84.10958904109589
      },
      "DC_1": {
        "avg_reward": -237669.70964050293,
        "avg_cost": 237669.70964050293,
        "avg_holding_cost": 1673.1796263321303,
        "avg_backlog_cost": 421.8620359227061,
        "avg_ordering_cost": 63574.66812133789,
        "avg_inventory": 66.39100703931834,
        "avg_backlog": 0.7982640687529355,
        "service_level": 100.0
      },
      "Retailer_2": {
        "avg_reward": -607808.476682663,
        "avg_cost": 607808.476682663,
        "avg_holding_cost": 415.94972068271454,
        "avg_backlog_cost": 376554.42776209116,
        "avg_ordering_cost": 454.6886090040207,
        "avg_inventory": 9.330267218230865,
        "avg_backlog": 499.1649024114217,
        "service_level": 20.54794520547945
      },
      "Retailer_3": {
        "avg_reward": -606298.409872055,
        "avg_cost": 606298.409872055,
        "avg_holding_cost": 518.9412770442941,
        "avg_backlog_cost": 375039.99448114634,
        "avg_ordering_cost": 921.254843711853,
        "avg_inventory": 11.037604114622809,
        "avg_backlog": 501.98622834845764,
        "service_level": 46.849315068493155
      },
      "Retailer_4": {
        "avg_reward": -615899.5916471481,
        "avg_cost": 615899.5916471481,
        "avg_holding_cost": 446.63057179469615,
        "avg_backlog_cost": 384320.1586942673,
        "avg_ordering_cost": 630.2704445719719,
        "avg_inventory": 9.881293134258627,
        "avg_backlog": 512.2990067632231,
        "service_level": 32.32876712328767
      },
      "Retailer_5": {
        "avg_reward": -594700.2479162216,
        "avg_cost": 594700.2479162216,
        "avg_holding_cost": 524.8192858535185,
        "avg_backlog_cost": 364275.803555727,
        "avg_ordering_cost": 541.7628685235977,
        "avg_inventory": 11.74093255791558,
        "avg_backlog": 480.0255966055883,
        "service_level": 36.16438356164384
      },
      "Retailer_6": {
        "avg_reward": -622822.1926813126,
        "avg_cost": 622822.1926813126,
        "avg_holding_cost": 453.0733448136898,
        "avg_backlog_cost": 391229.3604660034,
        "avg_ordering_cost": 886.4466698765755,
        "avg_inventory": 9.930734726547405,
        "avg_backlog": 520.677647661183,
        "service_level": 35.61643835616438
      },
      "Retailer_7": {
        "avg_reward": -607311.8300971985,
        "avg_cost": 607311.8300971985,
        "avg_holding_cost": 436.26768184798857,
        "avg_backlog_cost": 375822.5102403164,
        "avg_ordering_cost": 679.9429268240929,
        "avg_inventory": 9.773363369074332,
        "avg_backlog": 499.21680086214246,
        "service_level": 39.726027397260275
      },
      "Retailer_8": {
        "avg_reward": -612333.3332271576,
        "avg_cost": 612333.3332271576,
        "avg_holding_cost": 486.1607861906523,
        "avg_backlog_cost": 381289.79648277164,
        "avg_ordering_cost": 902.312359213829,
        "avg_inventory": 10.569309998500122,
        "avg_backlog": 505.4667256492458,
        "service_level": 35.89041095890411
      },
      "Retailer_9": {
        "avg_reward": -638487.5981655121,
        "avg_cost": 638487.5981655121,
        "avg_holding_cost": 404.3198240894126,
        "avg_backlog_cost": 406282.0585780144,
        "avg_ordering_cost": 557.7487618923187,
        "avg_inventory": 8.844737070744653,
        "avg_backlog": 537.9550372639748,
        "service_level": 31.506849315068493
      },
      "Retailer_10": {
        "avg_reward": -602514.232345581,
        "avg_cost": 602514.232345581,
        "avg_holding_cost": 401.6371324645497,
        "avg_backlog_cost": 370152.5143111348,
        "avg_ordering_cost": 698.6455780267715,
        "avg_inventory": 8.791303917891282,
        "avg_backlog": 493.7692597679896,
        "service_level": 61.917808219178085
      },
      "Retailer_11": {
        "avg_reward": -595087.614074707,
        "avg_cost": 595087.614074707,
        "avg_holding_cost": 423.55030299758073,
        "avg_backlog_cost": 363253.4381599426,
        "avg_ordering_cost": 563.1417350769043,
        "avg_inventory": 9.330683284099788,
        "avg_backlog": 477.9895601664504,
        "service_level": 37.534246575342465
      },
      "Retailer_12": {
        "avg_reward": -616928.7389535904,
        "avg_cost": 616928.7389535904,
        "avg_holding_cost": 504.4536643173269,
        "avg_backlog_cost": 386153.55261945724,
        "avg_ordering_cost": 695.9054183959961,
        "avg_inventory": 10.729447442170612,
        "avg_backlog": 515.2861832889793,
        "service_level": 43.013698630136986
      },
      "Retailer_13": {
        "avg_reward": -601470.1219911575,
        "avg_cost": 601470.1219911575,
        "avg_holding_cost": 450.34265221714304,
        "avg_backlog_cost": 369931.72460216284,
        "avg_ordering_cost": 796.2098504900932,
        "avg_inventory": 9.931332035574979,
        "avg_backlog": 489.0418111984044,
        "service_level": 37.534246575342465
      },
      "Retailer_14": {
        "avg_reward": -597084.0227050781,
        "avg_cost": 597084.0227050781,
        "avg_holding_cost": 433.68306228585425,
        "avg_backlog_cost": 365496.62146157026,
        "avg_ordering_cost": 624.4332929253578,
        "avg_inventory": 9.567961078347663,
        "avg_backlog": 482.0447304408844,
        "service_level": 54.24657534246575
      },
      "Retailer_15": {
        "avg_reward": -596010.6350336075,
        "avg_cost": 596010.6350336075,
        "avg_holding_cost": 472.650884966366,
        "avg_backlog_cost": 364717.17629766464,
        "avg_ordering_cost": 753.0848088264465,
        "avg_inventory": 10.281846361401273,
        "avg_backlog": 484.8751072393705,
        "service_level": 52.054794520547944
      },
      "Retailer_16": {
        "avg_reward": -630804.9599809647,
        "avg_cost": 630804.9599809647,
        "avg_holding_cost": 430.04830563079304,
        "avg_backlog_cost": 399136.40595056117,
        "avg_ordering_cost": 619.804762005806,
        "avg_inventory": 9.246236417253824,
        "avg_backlog": 530.2370689708893,
        "service_level": 39.178082191780824
      }
    }
  },
  "episode_data": [
    {
      "total_reward": -9566817.72244358,
      "total_cost": 9566817.72244358,
      "agent_rewards": [
        -183586.00742912292,
        -237669.70964050293,
        -607808.476682663,
        -606298.409872055,
        -615899.5916471481,
        -594700.2479162216,
        -622822.1926813126,
        -607311.8300971985,
        -612333.3332271576,
        -638487.5981655121,
        -602514.232345581,
        -595087.614074707,
        -616928.7389535904,
        -601470.1219911575,
        -597084.0227050781,
        -596010.6350336075,
        -630804.9599809647
      ],