{
  "metadata": {
    "model_dir": "results\\04Mar_1_kaggle\\run_seed_1\\models",
    "num_episodes": 1,
    "episode_length": 365,
    "evaluation_date": "2026-03-05 08:50:51"
  },
  "statistics": {
    "num_episodes": 1,
    "episode_length": 365,
    "total_reward": {
      "mean": -8709450.899009705,
      "std": 0.0,
      "min": -8709450.899009705,
      "max": -8709450.899009705
    },
    "total_cost": {
      "mean": 8709450.899009705,
      "std": 0.0,
      "min": 8709450.899009705,
      "max": 8709450.899009705
    },
    "per_agent": {
      "DC_0": {
        "avg_reward": -184127.66078090668,
        "avg_cost": 184127.66078090668,
        "avg_holding_cost": 1122.1994912493974,
        "avg_backlog_cost": 11005.461377125233,
        "avg_ordering_cost": 0.0,
        "avg_inventory": 36.35208584033463,
        "avg_backlog": 25.572759921185366,
        "service_level": 66.3013698630137
      },
      "DC_1": {
        "avg_reward": -207697.79565620422,
        "avg_cost": 207697.79565620422,
        "avg_holding_cost": 1049.422867131052,
        "avg_backlog_cost": 15179.59003983438,
        "avg_ordering_cost": 19468.78273010254,
        "avg_inventory": 37.013054885059496,
        "avg_backlog": 41.67010947800662,
        "service_level": 75.06849315068493
      },
      "Retailer_2": {
        "avg_reward": -562745.7614517212,
        "avg_cost": 562745.7614517212,
        "avg_holding_cost": 378.329927607374,
        "avg_backlog_cost": 389434.47347688675,
        "avg_ordering_cost": 3677.9603486061096,
        "avg_inventory": 8.556957874822507,
        "avg_backlog": 514.6199485922513,
        "service_level": 24.93150684931507
      },
      "Retailer_3": {
        "avg_reward": -557839.3258075714,
        "avg_cost": 557839.3258075714,
        "avg_holding_cost": 393.7321692002879,
        "avg_backlog_cost": 384800.75663268566,
        "avg_ordering_cost": 1611.7699790000916,
        "avg_inventory": 8.790205246076141,
        "avg_backlog": 508.9939465581554,
        "service_level": 15.342465753424658
      },
      "Retailer_4": {
        "avg_reward": -575483.9755496979,
        "avg_cost": 575483.9755496979,
        "avg_holding_cost": 377.738796511665,
        "avg_backlog_cost": 401373.8717596531,
        "avg_ordering_cost": 3750.3954887390137,
        "avg_inventory": 8.308206927255817,
        "avg_backlog": 526.8765910527477,
        "service_level": 32.602739726027394
      },
      "Retailer_5": {
        "avg_reward": -546179.8206481934,
        "avg_cost": 546179.8206481934,
        "avg_holding_cost": 431.00079682737123,
        "avg_backlog_cost": 372762.13001450896,
        "avg_ordering_cost": 3159.059989929199,
        "avg_inventory": 9.391206967269312,
        "avg_backlog": 494.0819093573583,
        "service_level": 25.205479452054796
      },
      "Retailer_6": {
        "avg_reward": -501942.70763492584,
        "avg_cost": 501942.70763492584,
        "avg_holding_cost": 456.7113927483442,
        "avg_backlog_cost": 328360.61191260815,
        "avg_ordering_cost": 2736.147363424301,
        "avg_inventory": 10.163706652173287,
        "avg_backlog": 437.4893154131223,
        "service_level": 36.16438356164384
      },
      "Retailer_7": {
        "avg_reward": -526910.2691268921,
        "avg_cost": 526910.2691268921,
        "avg_holding_cost": 545.3505127797835,
        "avg_backlog_cost": 353813.4457280636,
        "avg_ordering_cost": 1897.0710566043854,
        "avg_inventory": 11.931510694182082,
        "avg_backlog": 470.54577852536556,
        "service_level": 19.45205479452055
      },
      "Retailer_8": {
        "avg_reward": -552876.5084886551,
        "avg_cost": 552876.5084886551,
        "avg_holding_cost": 379.98838309139865,
        "avg_backlog_cost": 378369.5892974138,
        "avg_ordering_cost": 3680.9015834331512,
        "avg_inventory": 8.286464540087874,
        "avg_backlog": 500.5472998392092,
        "service_level": 33.6986301369863
      },
      "Retailer_9": {
        "avg_reward": -530697.0129289627,
        "avg_cost": 530697.0129289627,
        "avg_holding_cost": 395.5196146794351,
        "avg_backlog_cost": 356514.1484834552,
        "avg_ordering_cost": 2711.7077028751373,
        "avg_inventory": 9.001860796752958,
        "avg_backlog": 470.2577308674381,
        "service_level": 42.73972602739726
      },
      "Retailer_10": {
        "avg_reward": -577098.911576271,
        "avg_cost": 577098.911576271,
        "avg_holding_cost": 430.6454719970934,
        "avg_backlog_cost": 404582.5377858877,
        "avg_ordering_cost": 1748.535432100296,
        "avg_inventory": 9.202105938245172,
        "avg_backlog": 540.0531375943798,
        "service_level": 16.986301369863014
      },
      "Retailer_11": {
        "avg_reward": -549411.0907316208,
        "avg_cost": 549411.0907316208,
        "avg_holding_cost": 438.0220608671789,
        "avg_backlog_cost": 375939.3582751751,
        "avg_ordering_cost": 2773.847948551178,
        "avg_inventory": 9.736411058621929,
        "avg_backlog": 494.17145586536355,
        "service_level": 27.945205479452056
      },
      "Retailer_12": {
        "avg_reward": -587947.9950351715,
        "avg_cost": 587947.9950351715,
        "avg_holding_cost": 427.7877153591253,
        "avg_backlog_cost": 415388.39413034916,
        "avg_ordering_cost": 1705.2244100570679,
        "avg_inventory": 9.432971983086572,
        "avg_backlog": 552.1082329449588,
        "service_level": 15.616438356164384
      },
      "Retailer_13": {
        "avg_reward": -581235.4482364655,
        "avg_cost": 581235.4482364655,
        "avg_holding_cost": 377.7195054700778,
        "avg_backlog_cost": 407334.861805439,
        "avg_ordering_cost": 1716.263979434967,
        "avg_inventory": 8.266493501163994,
        "avg_backlog": 540.4115249267996,
        "service_level": 27.123287671232877
      },
      "Retailer_14": {
        "avg_reward": -584958.0582876205,
        "avg_cost": 584958.0582876205,
        "avg_holding_cost": 410.9831121794996,
        "avg_backlog_cost": 412383.1622643471,
        "avg_ordering_cost": 2675.4314374923706,
        "avg_inventory": 9.00817482178546,
        "avg_backlog": 545.4322472487411,
        "service_level": 13.698630136986301
      },
      "Retailer_15": {
        "avg_reward": -527796.3278665543,
        "avg_cost": 527796.3278665543,
        "avg_holding_cost": 453.2582329971701,
        "avg_backlog_cost": 353643.9028060436,
        "avg_ordering_cost": 2824.696132183075,
        "avg_inventory": 10.082695215184254,
        "avg_backlog": 470.4626160588983,
        "service_level": 37.534246575342465
      },
      "Retailer_16": {
        "avg_reward": -554502.2292022705,
        "avg_cost": 554502.2292022705,
        "avg_holding_cost": 466.5382126258519,
        "avg_backlog_cost": 381214.4649927616,
        "avg_ordering_cost": 1403.274253129959,
        "avg_inventory": 10.34189524798517,
        "avg_backlog": 507.2606820776038,
        "service_level": 20.0
      }
    }
  },
  "episode_data": [
    {
      "total_reward": -8709450.899009705,
      "total_cost": 8709450.899009705,
      "agent_rewards": [
        -184127.66078090668,
        -207697.79565620422,
        -562745.7614517212,
        -557839.3258075714,
        -575483.9755496979,
        -546179.8206481934,
        -501942.70763492584,
        -526910.2691268921,
        -552876.5084886551,
        -530697.0129289627,
        -577098.911576271,
        -549411.0907316208,
        -587947.9950351715,
        -581235.4482364655,
        -584958.0582876205,
        -527796.3278665543,
        -554502.2292022705
      ],