{
  "metadata": {
    "algorithm": "Base-Stock (Baseline)",
    "config_path": "configs/multi_dc_config.yaml",
    "num_episodes": 1,
    "episode_length": 365,
    "basestock_dc": 500.0,
    "basestock_retailer": 10.0,
    "evaluation_date": "2026-03-31 20:27:42"
  },
  "statistics": {
    "num_episodes": 1,
    "episode_length": 365,
    "policy": "Base-Stock",
    "basestock_dc": 500.0,
    "basestock_retailer": 10.0,
    "total_reward": {
      "mean": -442.8726830340956,
      "std": 0.0,
      "min": -442.8726830340956,
      "max": -442.8726830340956
    },
    "total_cost": {
      "mean": 442.8726830340956,
      "std": 0.0,
      "min": 442.8726830340956,
      "max": 442.8726830340956
    },
    "per_agent": {
      "DC_0": {
        "avg_reward": -123.4335706184469,
        "avg_cost": 123.4335706184469,
        "avg_holding_cost": 21546.29697084427,
        "avg_backlog_cost": 0.0,
        "avg_ordering_cost": 5256.60465487172,
        "avg_inventory": 2791.247935506742,
        "avg_backlog": 0.0,
        "service_level": 100.0
      },
      "DC_1": {
        "avg_reward": -120.06189890389396,
        "avg_cost": 120.06189890389396,
        "avg_holding_cost": 20330.10252404213,
        "avg_backlog_cost": 0.0,
        "avg_ordering_cost": 6651.851233482168,
        "avg_inventory": 2633.1142267096534,
        "avg_backlog": 0.0,
        "service_level": 100.0
      },
      "Retailer_2": {
        "avg_reward": -13.06113373436911,
        "avg_cost": 13.06113373436911,
        "avg_holding_cost": 4597.371204465628,
        "avg_backlog_cost": 0.0,
        "avg_ordering_cost": 2044.4976267186805,
        "avg_inventory": 24.892857245876364,
        "avg_backlog": 0.0,
        "service_level": 100.0
      },
      "Retailer_3": {
        "avg_reward": -13.607615921193538,
        "avg_cost": 13.607615921193538,
        "avg_holding_cost": 4623.970679961145,
        "avg_backlog_cost": 1.033723458647728,
        "avg_ordering_cost": 2329.3883183366943,
        "avg_inventory": 24.897518800709346,
        "avg_backlog": 0.0035401488003665455,
        "service_level": 99.7560975609756
      },
      "Retailer_4": {
        "avg_reward": -13.184563240183543,
        "avg_cost": 13.184563240183543,
        "avg_holding_cost": 4572.349845051765,
        "avg_backlog_cost": 0.0,
        "avg_ordering_cost": 2059.5706907889407,
        "avg_inventory": 24.738686762770563,
        "avg_backlog": 0.0,
        "service_level": 100.0
      },
      "Retailer_5": {
        "avg_reward": -12.792852832188528,
        "avg_cost": 12.792852832188528,
        "avg_holding_cost": 4467.869369447231,
        "avg_backlog_cost": 2.258231356739998,
        "avg_ordering_cost": 2126.4358551919713,
        "avg_inventory": 24.17315836867241,
        "avg_backlog": 0.007733669019725224,
        "service_level": 99.64071856287426
      },
      "Retailer_6": {
        "avg_reward": -13.755835307434328,
        "avg_cost": 13.755835307434328,
        "avg_holding_cost": 4635.764399424195,
        "avg_backlog_cost": 0.6505138636566699,
        "avg_ordering_cost": 2223.596870384342,
        "avg_inventory": 25.182056910371127,
        "avg_backlog": 0.0022277871223345194,
        "service_level": 99.75031210986268
      },
      "Retailer_7": {
        "avg_reward": -13.203868622274364,
        "avg_cost": 13.203868622274364,
        "avg_holding_cost": 4668.537379518151,
        "avg_backlog_cost": 1.5526306480169296,
        "avg_ordering_cost": 2144.098050729103,
        "avg_inventory": 25.119005657875373,
        "avg_backlog": 0.005317228134364298,
        "service_level": 99.63898916967509
      },
      "Retailer_8": {
        "avg_reward": -12.612534294373663,
        "avg_cost": 12.612534294373663,
        "avg_holding_cost": 4460.633562054485,
        "avg_backlog_cost": 0.40575601533055305,
        "avg_ordering_cost": 2214.6989671616684,
        "avg_inventory": 24.078498503280013,
        "avg_backlog": 0.00138957533117843,
        "service_level": 99.76689976689977
      },
      "Retailer_9": {
        "avg_reward": -13.378290798554957,
        "avg_cost": 13.378290798554957,
        "avg_holding_cost": 4696.989766150713,
        "avg_backlog_cost": 0.0,
        "avg_ordering_cost": 1989.4652383672262,
        "avg_inventory": 25.436819583422515,
        "avg_backlog": 0.0,
        "service_level": 100.0
      },
      "Retailer_10": {
        "avg_reward": -13.707627787522004,
        "avg_cost": 13.707627787522004,
        "avg_holding_cost": 4684.5985892526805,
        "avg_backlog_cost": 2.5129532516002655,
        "avg_ordering_cost": 2320.3095125888285,
        "avg_inventory": 25.165775536837643,
        "avg_backlog": 0.008606004061764233,
        "service_level": 99.51690821256038
      },
      "Retailer_11": {
        "avg_reward": -13.4059810684168,
        "avg_cost": 13.4059810684168,
        "avg_holding_cost": 4546.510214071721,
        "avg_backlog_cost": 0.0,
        "avg_ordering_cost": 2333.81162968735,
        "avg_inventory": 24.57624383691239,
        "avg_backlog": 0.0,
        "service_level": 100.0
      },
      "Retailer_12": {
        "avg_reward": -13.233803301794604,
        "avg_cost": 13.233803301794604,
        "avg_holding_cost": 4601.3468927145,
        "avg_backlog_cost": 0.011341094970703125,
        "avg_ordering_cost": 2047.8775362185295,
        "avg_inventory": 24.972287144073068,
        "avg_backlog": 3.88393663380244e-05,
        "service_level": 99.87893462469734
      },
      "Retailer_13": {
        "avg_reward": -13.984338361204372,
        "avg_cost": 13.984338361204372,
        "avg_holding_cost": 4726.224764227867,
        "avg_backlog_cost": 0.0,
        "avg_ordering_cost": 2258.974643645394,
        "avg_inventory": 25.512511381384446,
        "avg_backlog": 0.0,
        "service_level": 100.0
      },
      "Retailer_14": {
        "avg_reward": -13.424794881466644,
        "avg_cost": 13.424794881466644,
        "avg_holding_cost": 4537.781456187367,
        "avg_backlog_cost": 0.0,
        "avg_ordering_cost": 2333.0563133146375,
        "avg_inventory": 24.522263532142116,
        "avg_backlog": 0.0,
        "service_level": 100.0
      },
      "Retailer_15": {
        "avg_reward": -12.958314062854924,
        "avg_cost": 12.958314062854924,
        "avg_holding_cost": 4522.694987488911,
        "avg_backlog_cost": 0.15585975348949432,
        "avg_ordering_cost": 2133.026729166913,
        "avg_inventory": 24.382032099162064,
        "avg_backlog": 0.0005337662892798855,
        "service_level": 99.88207547169812
      },
      "Retailer_16": {
        "avg_reward": -13.065659297923723,
        "avg_cost": 13.065659297923723,
        "avg_holding_cost": 4443.240821927786,
        "avg_backlog_cost": 3.414361387491226,
        "avg_ordering_cost": 2485.0382604357856,
        "avg_inventory": 24.00663957203904,
        "avg_backlog": 0.011693018429899869,
        "service_level": 99.52774498229043
      }
    },
    "dc_cycle_service_level": {
      "0": 100.0,
      "1": 100.0
    },
    "system_retailer_fill_rate": 99.82323638116664
  },
  "episode_data": [
    {
      "total_reward": -442.8726830340956,
      "total_cost": 442.8726830340956,
      "agent_rewards": [
        -123.4335706184469,
        -120.06189890389396,
        -13.06113373436911,
        -13.607615921193538,
        -13.184563240183543,
        -12.792852832188528,
        -13.755835307434328,
        -13.203868622274364,
        -12.612534294373663,
        -13.378290798554957,
        -13.707627787522004,
        -13.4059810684168,
        -13.233803301794604,
        -13.984338361204372,
        -13.424794881466644,
        -12.958314062854924,
        -13.065659297923723
      ],