episode,total_reward,total_cost,DC0_reward,DC0_cost,DC0_avg_inv,DC0_avg_bl,DC0_svc_lvl,DC1_reward,DC1_cost,DC1_avg_inv,DC1_avg_bl,DC1_svc_lvl,R2_reward,R2_cost,R2_avg_inv,R2_avg_bl,R2_svc_lvl,R3_reward,R3_cost,R3_avg_inv,R3_avg_bl,R3_svc_lvl,R4_reward,R4_cost,R4_avg_inv,R4_avg_bl,R4_svc_lvl,R5_reward,R5_cost,R5_avg_inv,R5_avg_bl,R5_svc_lvl,R6_reward,R6_cost,R6_avg_inv,R6_avg_bl,R6_svc_lvl,R7_reward,R7_cost,R7_avg_inv,R7_avg_bl,R7_svc_lvl,R8_reward,R8_cost,R8_avg_inv,R8_avg_bl,R8_svc_lvl,R9_reward,R9_cost,R9_avg_inv,R9_avg_bl,R9_svc_lvl,R10_reward,R10_cost,R10_avg_inv,R10_avg_bl,R10_svc_lvl,R11_reward,R11_cost,R11_avg_inv,R11_avg_bl,R11_svc_lvl,R12_reward,R12_cost,R12_avg_inv,R12_avg_bl,R12_svc_lvl,R13_reward,R13_cost,R13_avg_inv,R13_avg_bl,R13_svc_lvl,R14_reward,R14_cost,R14_avg_inv,R14_avg_bl,R14_svc_lvl,R15_reward,R15_cost,R15_avg_inv,R15_avg_bl,R15_svc_lvl,R16_reward,R16_cost,R16_avg_inv,R16_avg_bl,R16_svc_lvl
1,-27477.43908503343,27477.43908503343,-10435.244188308716,10435.244188308716,102.66666666666667,0.0,7.777777777777778,-12129.524335741997,12129.524335741997,88.0,0.0,6.666666666666667,-328.05149565357715,328.05149565357715,308.8482081095378,0.0,100.0,-327.98980070615653,327.98980070615653,306.4645421769884,0.03708324697282579,99.0521327014218,-328.0711956140585,328.0711956140585,310.05917307535805,0.0,100.0,-328.43104105466045,328.43104105466045,300.2191433376736,0.4989332914352417,97.23502304147466,-328.31995230261236,328.31995230261236,312.15529725816515,0.0,100.0,-327.27876152377576,327.27876152377576,292.84499723646377,0.0,100.0,-327.78922368073836,327.78922368073836,299.5537503560384,0.0,100.0,-327.72973083984107,327.72973083984107,266.5156259748671,0.39448548290464613,97.0873786407767,-328.1984470486641,328.1984470486641,249.93602862887911,0.9051376236809625,96.69811320754717,-326.48471835209057,326.48471835209057,236.76180398729113,0.12068898412916396,99.0521327014218,-326.68921954912366,326.68921954912366,246.35895919799805,0.1398881647321913,98.00995024875621,-327.09211248066276,327.09211248066276,245.3594856262207,0.27552539110183716,98.09523809523809,-326.8912776755169,326.8912776755169,260.5984403822157,0.0,100.0,-326.51045159669593,326.51045159669593,251.77652185228135,0.0,100.0,-327.1431329045445,327.1431329045445,266.835297648112,0.0,100.0
