episode,total_reward,total_cost,DC0_reward,DC0_cost,DC0_avg_inv,DC0_avg_bl,DC0_svc_lvl,DC1_reward,DC1_cost,DC1_avg_inv,DC1_avg_bl,DC1_svc_lvl,R2_reward,R2_cost,R2_avg_inv,R2_avg_bl,R2_svc_lvl,R3_reward,R3_cost,R3_avg_inv,R3_avg_bl,R3_svc_lvl,R4_reward,R4_cost,R4_avg_inv,R4_avg_bl,R4_svc_lvl,R5_reward,R5_cost,R5_avg_inv,R5_avg_bl,R5_svc_lvl,R6_reward,R6_cost,R6_avg_inv,R6_avg_bl,R6_svc_lvl,R7_reward,R7_cost,R7_avg_inv,R7_avg_bl,R7_svc_lvl,R8_reward,R8_cost,R8_avg_inv,R8_avg_bl,R8_svc_lvl,R9_reward,R9_cost,R9_avg_inv,R9_avg_bl,R9_svc_lvl,R10_reward,R10_cost,R10_avg_inv,R10_avg_bl,R10_svc_lvl,R11_reward,R11_cost,R11_avg_inv,R11_avg_bl,R11_svc_lvl,R12_reward,R12_cost,R12_avg_inv,R12_avg_bl,R12_svc_lvl,R13_reward,R13_cost,R13_avg_inv,R13_avg_bl,R13_svc_lvl,R14_reward,R14_cost,R14_avg_inv,R14_avg_bl,R14_svc_lvl,R15_reward,R15_cost,R15_avg_inv,R15_avg_bl,R15_svc_lvl,R16_reward,R16_cost,R16_avg_inv,R16_avg_bl,R16_svc_lvl
1,-3671.140536531806,3671.140536531806,-59.41509369015694,59.41509369015694,4235.833333333333,13.333333333333334,94.44444444444444,-136.8976158052683,136.8976158052683,3702.9882931497364,158.39657989243668,83.33333333333334,-236.77322340011597,236.77322340011597,664.4816246880425,0.0,100.0,-231.89650017023087,231.89650017023087,648.6721047295464,0.0,100.0,-232.5467128753662,232.5467128753662,650.5399771796333,0.0,100.0,-231.68243145942688,231.68243145942688,646.2973880343967,0.0,100.0,-230.5345356464386,230.5345356464386,645.2018266465928,0.0,100.0,-240.4948650598526,240.4948650598526,675.7135136922201,0.0,100.0,-229.78424298763275,229.78424298763275,642.7146216498481,0.0,100.0,-232.46522146463394,232.46522146463394,648.9873925103082,0.0,100.0,-229.7283303141594,229.7283303141594,643.1605695936415,0.0,100.0,-229.9453745484352,229.9453745484352,642.8147791544596,0.0,100.0,-227.09455239772797,227.09455239772797,631.463402472602,0.0,100.0,-232.26399660110474,232.26399660110474,649.7043129814996,0.0,100.0,-231.29832553863525,231.29832553863525,644.9787957085504,0.0,100.0,-232.52574676275253,232.52574676275253,649.7221793280708,0.0,100.0,-225.79376780986786,225.79376780986786,629.7771803114149,0.0,100.0
