episode,total_reward,total_cost,DC0_reward,DC0_cost,DC0_avg_inv,DC0_avg_bl,DC0_svc_lvl,DC1_reward,DC1_cost,DC1_avg_inv,DC1_avg_bl,DC1_svc_lvl,R2_reward,R2_cost,R2_avg_inv,R2_avg_bl,R2_svc_lvl,R3_reward,R3_cost,R3_avg_inv,R3_avg_bl,R3_svc_lvl,R4_reward,R4_cost,R4_avg_inv,R4_avg_bl,R4_svc_lvl,R5_reward,R5_cost,R5_avg_inv,R5_avg_bl,R5_svc_lvl,R6_reward,R6_cost,R6_avg_inv,R6_avg_bl,R6_svc_lvl,R7_reward,R7_cost,R7_avg_inv,R7_avg_bl,R7_svc_lvl,R8_reward,R8_cost,R8_avg_inv,R8_avg_bl,R8_svc_lvl,R9_reward,R9_cost,R9_avg_inv,R9_avg_bl,R9_svc_lvl,R10_reward,R10_cost,R10_avg_inv,R10_avg_bl,R10_svc_lvl,R11_reward,R11_cost,R11_avg_inv,R11_avg_bl,R11_svc_lvl,R12_reward,R12_cost,R12_avg_inv,R12_avg_bl,R12_svc_lvl,R13_reward,R13_cost,R13_avg_inv,R13_avg_bl,R13_svc_lvl,R14_reward,R14_cost,R14_avg_inv,R14_avg_bl,R14_svc_lvl,R15_reward,R15_cost,R15_avg_inv,R15_avg_bl,R15_svc_lvl,R16_reward,R16_cost,R16_avg_inv,R16_avg_bl,R16_svc_lvl
1,-792.7247114032507,792.7247114032507,-90.42317295074463,90.42317295074463,8016.021240234375,0.0,100.0,-72.73823237419128,72.73823237419128,7888.388503689236,0.0,100.0,-29.14168292284012,29.14168292284012,76.29786919487847,0.0,100.0,-46.23333516716957,46.23333516716957,79.96837946573893,11.61285994052887,82.72251308900523,-29.724177286028862,29.724177286028862,61.15153927273221,3.0270009054077995,87.0,-50.29766809940338,50.29766809940338,75.03788214789496,15.656343407101101,73.73737373737373,-55.21175041794777,55.21175041794777,65.19109882778592,22.800771098666722,78.0,-35.1826261729002,35.1826261729002,75.90089933607314,3.8375193927023146,87.192118226601,-51.11564113199711,51.11564113199711,72.21469306945801,17.901661173502603,80.6930693069307,-39.8567281216383,39.8567281216383,79.56807861328124,6.997094901402791,87.5,-36.768924325704575,36.768924325704575,76.27711953057184,4.278288090229035,83.33333333333334,-41.03892086446285,41.03892086446285,75.28678860134549,8.120341523488362,79.6875,-43.28155329823494,43.28155329823494,54.77815657721625,15.287638579474555,78.03738317757009,-53.96080945432186,53.96080945432186,73.64983435736762,19.861037572224934,78.32512315270937,-49.64553491771221,49.64553491771221,84.26111602783203,13.421014215548833,78.53658536585367,-31.546619057655334,31.546619057655334,82.79061177571614,0.0,100.0,-36.5573348402977,36.5573348402977,75.60874252319336,6.007101759645674,82.58706467661692
