episode,total_reward,total_cost,DC0_reward,DC0_cost,DC0_avg_inv,DC0_avg_bl,DC0_svc_lvl,DC1_reward,DC1_cost,DC1_avg_inv,DC1_avg_bl,DC1_svc_lvl,R2_reward,R2_cost,R2_avg_inv,R2_avg_bl,R2_svc_lvl,R3_reward,R3_cost,R3_avg_inv,R3_avg_bl,R3_svc_lvl,R4_reward,R4_cost,R4_avg_inv,R4_avg_bl,R4_svc_lvl,R5_reward,R5_cost,R5_avg_inv,R5_avg_bl,R5_svc_lvl,R6_reward,R6_cost,R6_avg_inv,R6_avg_bl,R6_svc_lvl,R7_reward,R7_cost,R7_avg_inv,R7_avg_bl,R7_svc_lvl,R8_reward,R8_cost,R8_avg_inv,R8_avg_bl,R8_svc_lvl,R9_reward,R9_cost,R9_avg_inv,R9_avg_bl,R9_svc_lvl,R10_reward,R10_cost,R10_avg_inv,R10_avg_bl,R10_svc_lvl,R11_reward,R11_cost,R11_avg_inv,R11_avg_bl,R11_svc_lvl,R12_reward,R12_cost,R12_avg_inv,R12_avg_bl,R12_svc_lvl,R13_reward,R13_cost,R13_avg_inv,R13_avg_bl,R13_svc_lvl,R14_reward,R14_cost,R14_avg_inv,R14_avg_bl,R14_svc_lvl,R15_reward,R15_cost,R15_avg_inv,R15_avg_bl,R15_svc_lvl,R16_reward,R16_cost,R16_avg_inv,R16_avg_bl,R16_svc_lvl
1,-27484.011134320754,27484.011134320754,-10435.066979408264,10435.066979408264,102.66666666666667,0.0,7.777777777777778,-12130.555737376213,12130.555737376213,88.0,0.0,6.666666666666667,-327.58042023936287,327.58042023936287,292.267724609375,0.0,100.0,-328.0743804870872,328.0743804870872,307.1789495680067,0.0,100.0,-327.99513114383444,327.99513114383444,298.61502126057945,0.04835443231794569,98.49246231155779,-328.00928201247007,328.00928201247007,307.3399429321289,0.0,100.0,-328.50697779562324,328.50697779562324,314.1454129960802,0.0,100.0,-327.9881792254746,327.9881792254746,303.1470301310221,0.01758056879043579,99.51219512195122,-328.3686228096485,328.3686228096485,320.3629754808214,0.0,100.0,-328.62780804140493,328.62780804140493,254.94291203816732,1.1771312872568767,96.17224880382776,-327.58585213311017,327.58585213311017,277.5446504804823,0.0,100.0,-327.67029636725783,327.67029636725783,255.90851618448895,0.44159562322828505,98.07692307692307,-328.02181585598737,328.02181585598737,254.4335338168674,0.8805683347913954,97.10144927536231,-328.6176708685234,328.6176708685234,265.01060553656686,0.8197893473837111,96.89119170984456,-326.9821565616876,326.9821565616876,255.3023802863227,0.03911637994978163,99.01477832512316,-326.947848116979,326.947848116979,256.38332951863606,0.05311665137608846,98.9795918367347,-327.41197587782517,327.41197587782517,258.98199072943794,0.22049280802408855,99.02439024390245
