{
  "metadata": {
    "model_dir": "results/15Mar_gnn3_kaggle/run_seed_1/models",
    "algorithm": "GNN-HAPPO",
    "num_episodes": 1,
    "episode_length": 90,
    "gnn_type": "GAT",
    "gnn_hidden_dim": 128,
    "gnn_num_layers": 2,
    "single_agent_obs_dim": 28,
    "evaluation_date": "2026-03-15 14:30:21"
  },
  "statistics": {
    "num_episodes": 1,
    "episode_length": 90,
    "total_reward": {
      "mean": -27484.011134320754,
      "std": 0.0,
      "min": -27484.011134320754,
      "max": -27484.011134320754
    },
    "total_cost": {
      "mean": 27484.011134320754,
      "std": 0.0,
      "min": 27484.011134320754,
      "max": 27484.011134320754
    },
    "per_agent": {
      "DC_0": {
        "avg_reward": -10435.066979408264,
        "avg_cost": 10435.066979408264,
        "avg_holding_cost": 523.5999872684479,
        "avg_backlog_cost": 4618860.304208117,
        "avg_ordering_cost": 131.52892315387726,
        "avg_inventory": 102.66666666666667,
        "avg_backlog": 0.0,
        "service_level": 7.777777777777778
      },
      "DC_1": {
        "avg_reward": -12130.555737376213,
        "avg_cost": 12130.555737376213,
        "avg_holding_cost": 369.5999940633774,
        "avg_backlog_cost": 5392594.77450966,
        "avg_ordering_cost": 108.97736018896103,
        "avg_inventory": 88.0,
        "avg_backlog": 0.0,
        "service_level": 6.666666666666667
      },
      "Retailer_2": {
        "avg_reward": -327.58042023936287,
        "avg_cost": 327.58042023936287,
        "avg_holding_cost": 3270.669851899147,
        "avg_backlog_cost": 0.0,
        "avg_ordering_cost": 301.4999860525131,
        "avg_inventory": 292.267724609375,
        "avg_backlog": 0.0,
        "service_level": 100.0
      },
      "Retailer_3": {
        "avg_reward": -328.0743804870872,
        "avg_cost": 328.0743804870872,
        "avg_holding_cost": 3402.882893383503,
        "avg_backlog_cost": 0.0,
        "avg_ordering_cost": 355.49997210502625,
        "avg_inventory": 307.1789495680067,
        "avg_backlog": 0.0,
        "service_level": 100.0
      },
      "Retailer_4": {
        "avg_reward": -327.99513114383444,
        "avg_cost": 327.99513114383444,
        "avg_holding_cost": 3334.9932191073895,
        "avg_backlog_cost": 26.111393928527832,
        "avg_ordering_cost": 301.4999860525131,
        "avg_inventory": 298.61502126057945,
        "avg_backlog": 0.04835443231794569,
        "service_level": 98.49246231155779
      },
      "Retailer_5": {
        "avg_reward": -328.00928201247007,
        "avg_cost": 328.00928201247007,
        "avg_holding_cost": 3458.186246395111,
        "avg_backlog_cost": 0.0,
        "avg_ordering_cost": 301.4999860525131,
        "avg_inventory": 307.3399429321289,
        "avg_backlog": 0.0,
        "service_level": 100.0
      },
      "Retailer_6": {
        "avg_reward": -328.50697779562324,
        "avg_cost": 328.50697779562324,
        "avg_holding_cost": 3461.75883436203,
        "avg_backlog_cost": 0.0,
        "avg_ordering_cost": 355.49997210502625,
        "avg_inventory": 314.1454129960802,
        "avg_backlog": 0.0,
        "service_level": 100.0
      },
      "Retailer_7": {
        "avg_reward": -327.9881792254746,
        "avg_cost": 327.9881792254746,
        "avg_holding_cost": 3390.318682640791,
        "avg_backlog_cost": 9.493507385253906,
        "avg_ordering_cost": 301.4999860525131,
        "avg_inventory": 303.1470301310221,
        "avg_backlog": 0.01758056879043579,
        "service_level": 99.51219512195122
      },
      "Retailer_8": {
        "avg_reward": -328.3686228096485,
        "avg_cost": 328.3686228096485,
        "avg_holding_cost": 3553.3003606796265,
        "avg_backlog_cost": 0.0,
        "avg_ordering_cost": 301.4999860525131,
        "avg_inventory": 320.3629754808214,
        "avg_backlog": 0.0,
        "service_level": 100.0
      },
      "Retailer_9": {
        "avg_reward": -328.62780804140493,
        "avg_cost": 328.62780804140493,
        "avg_holding_cost": 2863.878591451794,
        "avg_backlog_cost": 635.6508913040161,
        "avg_ordering_cost": 301.4999860525131,
        "avg_inventory": 254.94291203816732,
        "avg_backlog": 1.1771312872568767,
        "service_level": 96.17224880382776
      },
      "Retailer_10": {
        "avg_reward": -327.58585213311017,
        "avg_cost": 327.58585213311017,
        "avg_holding_cost": 3083.845878958702,
        "avg_backlog_cost": 0.0,
        "avg_ordering_cost": 355.49997210502625,
        "avg_inventory": 277.5446504804823,
        "avg_backlog": 0.0,
        "service_level": 100.0
      },
      "Retailer_11": {
        "avg_reward": -327.67029636725783,
        "avg_cost": 327.67029636725783,
        "avg_holding_cost": 2866.520995259285,
        "avg_backlog_cost": 238.46163177490234,
        "avg_ordering_cost": 355.49997210502625,
        "avg_inventory": 255.90851618448895,
        "avg_backlog": 0.44159562322828505,
        "service_level": 98.07692307692307
      },
      "Retailer_12": {
        "avg_reward": -328.02181585598737,
        "avg_cost": 328.02181585598737,
        "avg_holding_cost": 2839.0696589946747,
        "avg_backlog_cost": 475.50689697265625,
        "avg_ordering_cost": 301.4999860525131,
        "avg_inventory": 254.4335338168674,
        "avg_backlog": 0.8805683347913954,
        "service_level": 97.10144927536231
      },
      "Retailer_13": {
        "avg_reward": -328.6176708685234,
        "avg_cost": 328.6176708685234,
        "avg_holding_cost": 2984.8445059657097,
        "avg_backlog_cost": 442.6862459182739,
        "avg_ordering_cost": 355.49997210502625,
        "avg_inventory": 265.01060553656686,
        "avg_backlog": 0.8197893473837111,
        "service_level": 96.89119170984456
      },
      "Retailer_14": {
        "avg_reward": -326.9821565616876,
        "avg_cost": 326.9821565616876,
        "avg_holding_cost": 2854.165914475918,
        "avg_backlog_cost": 21.122846126556396,
        "avg_ordering_cost": 355.49997210502625,
        "avg_inventory": 255.3023802863227,
        "avg_backlog": 0.03911637994978163,
        "service_level": 99.01477832512316
      },
      "Retailer_15": {
        "avg_reward": -326.947848116979,
        "avg_cost": 326.947848116979,
        "avg_holding_cost": 2841.708350479603,
        "avg_backlog_cost": 28.68299174308777,
        "avg_ordering_cost": 301.4999860525131,
        "avg_inventory": 256.38332951863606,
        "avg_backlog": 0.05311665137608846,
        "service_level": 98.9795918367347
      },
      "Retailer_16": {
        "avg_reward": -327.41197587782517,
        "avg_cost": 327.41197587782517,
        "avg_holding_cost": 2901.4504832923412,
        "avg_backlog_cost": 119.06611633300781,
        "avg_ordering_cost": 355.49997210502625,
        "avg_inventory": 258.98199072943794,
        "avg_backlog": 0.22049280802408855,
        "service_level": 99.02439024390245
      }
    },
    "dc_cycle_service_level": {
      "0": 7.777777777777778,
      "1": 6.666666666666667
    },
    "system_retailer_fill_rate": 98.87973640856671
  },
  "episode_data": [
    {
      "total_reward": -27484.011134320754,
      "total_cost": 27484.011134320754,
      "agent_rewards": [
        -10435.066979408264,
        -12130.555737376213,
        -327.58042023936287,
        -328.0743804870872,
        -327.99513114383444,
        -328.00928201247007,
        -328.50697779562324,
        -327.9881792254746,
        -328.3686228096485,
        -328.62780804140493,
        -327.58585213311017,
        -327.67029636725783,
        -328.02181585598737,
        -328.6176708685234,
        -326.9821565616876,
        -326.947848116979,
        -327.41197587782517
      ],