{
  "metadata": {
    "model_dir": "results/11Apr_gnn_colab/run_seed_1/models",
    "algorithm": "GNN-HAPPO",
    "num_episodes": 1,
    "episode_length": 90,
    "gnn_type": "GAT",
    "gnn_hidden_dim": 128,
    "gnn_num_layers": 2,
    "single_agent_obs_dim": 28,
    "evaluation_date": "2026-04-11 17:58:23"
  },
  "statistics": {
    "num_episodes": 1,
    "episode_length": 90,
    "total_reward": {
      "mean": -152.62557092482166,
      "std": 0.0,
      "min": -152.62557092482166,
      "max": -152.62557092482166
    },
    "total_cost": {
      "mean": 152.62557092482166,
      "std": 0.0,
      "min": 152.62557092482166,
      "max": 152.62557092482166
    },
    "per_agent": {
      "DC_0": {
        "avg_reward": -54.19297653436661,
        "avg_cost": 54.19297653436661,
        "avg_holding_cost": 13258.289113044739,
        "avg_backlog_cost": 0.0,
        "avg_ordering_cost": 12231.168148040771,
        "avg_inventory": 7249.0356662326385,
        "avg_backlog": 0.0,
        "service_level": 100.0
      },
      "DC_1": {
        "avg_reward": -52.39960849285126,
        "avg_cost": 52.39960849285126,
        "avg_holding_cost": 12833.958636283875,
        "avg_backlog_cost": 0.0,
        "avg_ordering_cost": 12094.223152160645,
        "avg_inventory": 6997.784103732639,
        "avg_backlog": 0.0,
        "service_level": 100.0
      },
      "Retailer_2": {
        "avg_reward": -6.053229576908052,
        "avg_cost": 6.053229576908052,
        "avg_holding_cost": 4053.873475551605,
        "avg_backlog_cost": 0.0,
        "avg_ordering_cost": 337.99027359485626,
        "avg_inventory": 90.57613881429036,
        "avg_backlog": 0.0,
        "service_level": 100.0
      },
      "Retailer_3": {
        "avg_reward": -1.8845902929315343,
        "avg_cost": 1.8845902929315343,
        "avg_holding_cost": 2341.1302403043956,
        "avg_backlog_cost": 29.77074307203293,
        "avg_ordering_cost": 290.9567133784294,
        "avg_inventory": 49.32346986134847,
        "avg_backlog": 0.30071457227071124,
        "service_level": 95.09803921568627
      },
      "Retailer_4": {
        "avg_reward": -6.219588874839246,
        "avg_cost": 6.219588874839246,
        "avg_holding_cost": 3754.284084290266,
        "avg_backlog_cost": 0.0,
        "avg_ordering_cost": 302.7447156906128,
        "avg_inventory": 81.70456551445855,
        "avg_backlog": 0.0,
        "service_level": 100.0
      },
      "Retailer_5": {
        "avg_reward": -1.924536584643647,
        "avg_cost": 1.924536584643647,
        "avg_holding_cost": 2779.3263858258724,
        "avg_backlog_cost": 3.5883846282958984,
        "avg_ordering_cost": 326.67290073633194,
        "avg_inventory": 59.68576749165853,
        "avg_backlog": 0.03624630769093831,
        "service_level": 99.10313901345292
      },
      "Retailer_6": {
        "avg_reward": -3.221335109497886,
        "avg_cost": 3.221335109497886,
        "avg_holding_cost": 3322.8411412239075,
        "avg_backlog_cost": 0.0,
        "avg_ordering_cost": 314.354994058609,
        "avg_inventory": 74.13308614095052,
        "avg_backlog": 0.0,
        "service_level": 100.0
      },
      "Retailer_7": {
        "avg_reward": -1.8510770584689453,
        "avg_cost": 1.8510770584689453,
        "avg_holding_cost": 2681.6445212364197,
        "avg_backlog_cost": 0.0,
        "avg_ordering_cost": 286.09270054101944,
        "avg_inventory": 59.97774747212728,
        "avg_backlog": 0.0,
        "service_level": 100.0
      },
      "Retailer_8": {
        "avg_reward": -1.8988920109113678,
        "avg_cost": 1.8988920109113678,
        "avg_holding_cost": 1446.5109686360229,
        "avg_backlog_cost": 69.26075300108641,
        "avg_ordering_cost": 268.17242181301117,
        "avg_inventory": 30.65764806535509,
        "avg_backlog": 0.6996035450034671,
        "service_level": 84.65346534653465
      },
      "Retailer_9": {
        "avg_reward": -1.8583029548171908,
        "avg_cost": 1.8583029548171908,
        "avg_holding_cost": 2868.977587223053,
        "avg_backlog_cost": 0.0,
        "avg_ordering_cost": 301.767967402935,
        "avg_inventory": 64.51194347805448,
        "avg_backlog": 0.0,
        "service_level": 100.0
      },
      "Retailer_10": {
        "avg_reward": -6.713833830319345,
        "avg_cost": 6.713833830319345,
        "avg_holding_cost": 3937.5290864109993,
        "avg_backlog_cost": 100.67724937200546,
        "avg_ordering_cost": 338.0227614045143,
        "avg_inventory": 82.19006050957574,
        "avg_backlog": 1.0169418851534526,
        "service_level": 91.91919191919192
      },
      "Retailer_11": {
        "avg_reward": -3.168869437184185,
        "avg_cost": 3.168869437184185,
        "avg_holding_cost": 2322.2735021710396,
        "avg_backlog_cost": 834.0597310066223,
        "avg_ordering_cost": 278.6314482688904,
        "avg_inventory": 50.36554209391276,
        "avg_backlog": 8.424845582909054,
        "service_level": 85.71428571428571
      },
      "Retailer_12": {
        "avg_reward": -1.7401625780330505,
        "avg_cost": 1.7401625780330505,
        "avg_holding_cost": 2379.104912430048,
        "avg_backlog_cost": 0.0,
        "avg_ordering_cost": 274.94898295402527,
        "avg_inventory": 53.72113333808051,
        "avg_backlog": 0.0,
        "service_level": 100.0
      },
      "Retailer_13": {
        "avg_reward": -2.187939441020717,
        "avg_cost": 2.187939441020717,
        "avg_holding_cost": 3204.22638463974,
        "avg_backlog_cost": 0.0,
        "avg_ordering_cost": 345.26792496442795,
        "avg_inventory": 72.1113365597195,
        "avg_backlog": 0.0,
        "service_level": 100.0
      },
      "Retailer_14": {
        "avg_reward": -1.8890952052315697,
        "avg_cost": 1.8890952052315697,
        "avg_holding_cost": 2742.396946236491,
        "avg_backlog_cost": 9.736783504486084,
        "avg_ordering_cost": 318.5915194749832,
        "avg_inventory": 59.664239968193904,
        "avg_backlog": 0.09835134347279867,
        "service_level": 98.63636363636363
      },
      "Retailer_15": {
        "avg_reward": -3.201570034609176,
        "avg_cost": 3.201570034609176,
        "avg_holding_cost": 3326.451819896698,
        "avg_backlog_cost": 0.0,
        "avg_ordering_cost": 287.975573182106,
        "avg_inventory": 76.22155736287435,
        "avg_backlog": 0.0,
        "service_level": 100.0
      },
      "Retailer_16": {
        "avg_reward": -2.219962908187881,
        "avg_cost": 2.219962908187881,
        "avg_holding_cost": 3036.246762275696,
        "avg_backlog_cost": 0.0,
        "avg_ordering_cost": 300.48252272605896,
        "avg_inventory": 68.09466264512804,
        "avg_backlog": 0.0,
        "service_level": 100.0
      }
    },
    "dc_cycle_service_level": {
      "0": 100.0,
      "1": 100.0
    },
    "system_retailer_fill_rate": 97.00868446445803
  },
  "episode_data": [
    {
      "total_reward": -152.62557092482166,
      "total_cost": 152.62557092482166,
      "agent_rewards": [
        -54.19297653436661,
        -52.39960849285126,
        -6.053229576908052,
        -1.8845902929315343,
        -6.219588874839246,
        -1.924536584643647,
        -3.221335109497886,
        -1.8510770584689453,
        -1.8988920109113678,
        -1.8583029548171908,
        -6.713833830319345,
        -3.168869437184185,
        -1.7401625780330505,
        -2.187939441020717,
        -1.8890952052315697,
        -3.201570034609176,
        -2.219962908187881
      ],