{
  "metadata": {
    "model_dir": "results/11Apr_gnn1_colab/run_seed_1/models",
    "algorithm": "GNN-HAPPO",
    "num_episodes": 1,
    "episode_length": 90,
    "gnn_type": "GAT",
    "gnn_hidden_dim": 128,
    "gnn_num_layers": 2,
    "single_agent_obs_dim": 28,
    "evaluation_date": "2026-04-12 10:48:46"
  },
  "statistics": {
    "num_episodes": 1,
    "episode_length": 90,
    "total_reward": {
      "mean": -111.80885744365878,
      "std": 0.0,
      "min": -111.80885744365878,
      "max": -111.80885744365878
    },
    "total_cost": {
      "mean": 111.80885744365878,
      "std": 0.0,
      "min": 111.80885744365878,
      "max": 111.80885744365878
    },
    "per_agent": {
      "DC_0": {
        "avg_reward": -14.91734734957572,
        "avg_cost": 14.91734734957572,
        "avg_holding_cost": 8159.600309848785,
        "avg_backlog_cost": 0.0,
        "avg_ordering_cost": 2678.6694049835205,
        "avg_inventory": 906.6222398546007,
        "avg_backlog": 0.0,
        "service_level": 100.0
      },
      "DC_1": {
        "avg_reward": -14.270551497116685,
        "avg_cost": 14.270551497116685,
        "avg_holding_cost": 8052.705176353455,
        "avg_backlog_cost": 0.0,
        "avg_ordering_cost": 2765.376871109009,
        "avg_inventory": 894.7450113932292,
        "avg_backlog": 0.0,
        "service_level": 100.0
      },
      "Retailer_2": {
        "avg_reward": -9.837496846914291,
        "avg_cost": 9.837496846914291,
        "avg_holding_cost": 4901.876633644104,
        "avg_backlog_cost": 0.0,
        "avg_ordering_cost": 369.17153269052505,
        "avg_inventory": 110.71774775187174,
        "avg_backlog": 0.0,
        "service_level": 100.0
      },
      "Retailer_3": {
        "avg_reward": -6.600918329160777,
        "avg_cost": 6.600918329160777,
        "avg_holding_cost": 3837.977034121752,
        "avg_backlog_cost": 53.680316150188446,
        "avg_ordering_cost": 371.84822565317154,
        "avg_inventory": 79.23284140692817,
        "avg_backlog": 0.5422254072295295,
        "service_level": 94.47004608294931
      },
      "Retailer_4": {
        "avg_reward": -11.96762754721567,
        "avg_cost": 11.96762754721567,
        "avg_holding_cost": 4682.844794429839,
        "avg_backlog_cost": 178.9100497364998,
        "avg_ordering_cost": 346.497168302536,
        "avg_inventory": 98.44497909545899,
        "avg_backlog": 1.8071721739239164,
        "service_level": 86.95652173913044
      },
      "Retailer_5": {
        "avg_reward": -3.592604323057458,
        "avg_cost": 3.592604323057458,
        "avg_holding_cost": 3686.7071611881256,
        "avg_backlog_cost": 0.0,
        "avg_ordering_cost": 350.1751470565796,
        "avg_inventory": 78.78407279120552,
        "avg_backlog": 0.0,
        "service_level": 100.0
      },
      "Retailer_6": {
        "avg_reward": -4.001484487827838,
        "avg_cost": 4.001484487827838,
        "avg_holding_cost": 3621.532771706581,
        "avg_backlog_cost": 0.0,
        "avg_ordering_cost": 316.3183513879776,
        "avg_inventory": 77.28396220737034,
        "avg_backlog": 0.0,
        "service_level": 100.0
      },
      "Retailer_7": {
        "avg_reward": -1.7247926174095483,
        "avg_cost": 1.7247926174095483,
        "avg_holding_cost": 2555.2292062044144,
        "avg_backlog_cost": 96.93934805691242,
        "avg_ordering_cost": 290.0452312231064,
        "avg_inventory": 54.14766188727485,
        "avg_backlog": 0.9791853169600169,
        "service_level": 91.98113207547169
      },
      "Retailer_8": {
        "avg_reward": -5.565253136432148,
        "avg_cost": 5.565253136432148,
        "avg_holding_cost": 3399.4370591640472,
        "avg_backlog_cost": 0.0,
        "avg_ordering_cost": 324.463914334774,
        "avg_inventory": 80.219884830051,
        "avg_backlog": 0.0,
        "service_level": 100.0
      },
      "Retailer_9": {
        "avg_reward": -2.3224882711510872,
        "avg_cost": 2.3224882711510872,
        "avg_holding_cost": 3560.3107013702393,
        "avg_backlog_cost": 0.0,
        "avg_ordering_cost": 328.1965835094452,
        "avg_inventory": 78.62516025967068,
        "avg_backlog": 0.0,
        "service_level": 100.0
      },
      "Retailer_10": {
        "avg_reward": -7.682780140079558,
        "avg_cost": 7.682780140079558,
        "avg_holding_cost": 3921.9497474730015,
        "avg_backlog_cost": 626.4533071995247,
        "avg_ordering_cost": 327.32145661115646,
        "avg_inventory": 80.97370580037435,
        "avg_backlog": 6.327811043792301,
        "service_level": 84.8780487804878
      },
      "Retailer_11": {
        "avg_reward": -5.831076348666102,
        "avg_cost": 5.831076348666102,
        "avg_holding_cost": 3720.840914323926,
        "avg_backlog_cost": 6.590860366821289,
        "avg_ordering_cost": 325.5793418288231,
        "avg_inventory": 79.4656618754069,
        "avg_backlog": 0.0665743456946479,
        "service_level": 99.03846153846155
      },
      "Retailer_12": {
        "avg_reward": -2.143132370430976,
        "avg_cost": 2.143132370430976,
        "avg_holding_cost": 2361.294652879238,
        "avg_backlog_cost": 277.40742552280426,
        "avg_ordering_cost": 275.700114607811,
        "avg_inventory": 49.068861452738446,
        "avg_backlog": 2.8020951469739277,
        "service_level": 83.33333333333334
      },
      "Retailer_13": {
        "avg_reward": -3.579793210636126,
        "avg_cost": 3.579793210636126,
        "avg_holding_cost": 3298.451955318451,
        "avg_backlog_cost": 93.67963933944702,
        "avg_ordering_cost": 339.77432882785797,
        "avg_inventory": 71.45448328653971,
        "avg_backlog": 0.9462589611609776,
        "service_level": 90.33816425120773
      },
      "Retailer_14": {
        "avg_reward": -6.027415808290243,
        "avg_cost": 6.027415808290243,
        "avg_holding_cost": 4162.008388489485,
        "avg_backlog_cost": 1.1659016609191895,
        "avg_ordering_cost": 330.63747572898865,
        "avg_inventory": 88.87409167819553,
        "avg_backlog": 0.011776783731248644,
        "service_level": 99.50738916256158
      },
      "Retailer_15": {
        "avg_reward": -5.148996541509405,
        "avg_cost": 5.148996541509405,
        "avg_holding_cost": 3864.8976451158524,
        "avg_backlog_cost": 92.60063123703003,
        "avg_ordering_cost": 343.279825091362,
        "avg_inventory": 82.48024224175347,
        "avg_backlog": 0.9353598899311489,
        "service_level": 94.23076923076923
      },
      "Retailer_16": {
        "avg_reward": -6.595098618185148,
        "avg_cost": 6.595098618185148,
        "avg_holding_cost": 3461.474337786436,
        "avg_backlog_cost": 10.489800989627838,
        "avg_ordering_cost": 334.6413158774376,
        "avg_inventory": 69.58860007392036,
        "avg_backlog": 0.10595758358637491,
        "service_level": 96.6824644549763
      }
    },
    "dc_cycle_service_level": {
      "0": 100.0,
      "1": 100.0
    },
    "system_retailer_fill_rate": 94.76389335046579
  },
  "episode_data": [
    {
      "total_reward": -111.80885744365878,
      "total_cost": 111.80885744365878,
      "agent_rewards": [
        -14.91734734957572,
        -14.270551497116685,
        -9.837496846914291,
        -6.600918329160777,
        -11.96762754721567,
        -3.592604323057458,
        -4.001484487827838,
        -1.7247926174095483,
        -5.565253136432148,
        -2.3224882711510872,
        -7.682780140079558,
        -5.831076348666102,
        -2.143132370430976,
        -3.579793210636126,
        -6.027415808290243,
        -5.148996541509405,
        -6.595098618185148
      ],