{
  "metadata": {
    "model_dir": "results/15Mar_gnn4_kaggle/run_seed_1/models",
    "algorithm": "GNN-HAPPO",
    "num_episodes": 1,
    "episode_length": 90,
    "gnn_type": "GAT",
    "gnn_hidden_dim": 128,
    "gnn_num_layers": 2,
    "single_agent_obs_dim": 28,
    "evaluation_date": "2026-03-21 08:33:54"
  },
  "statistics": {
    "num_episodes": 1,
    "episode_length": 90,
    "total_reward": {
      "mean": -3671.140536531806,
      "std": 0.0,
      "min": -3671.140536531806,
      "max": -3671.140536531806
    },
    "total_cost": {
      "mean": 3671.140536531806,
      "std": 0.0,
      "min": 3671.140536531806,
      "max": 3671.140536531806
    },
    "per_agent": {
      "DC_0": {
        "avg_reward": -59.41509369015694,
        "avg_cost": 59.41509369015694,
        "avg_holding_cost": 21602.749675273895,
        "avg_backlog_cost": 3800.0,
        "avg_ordering_cost": 0.0,
        "avg_inventory": 4235.833333333333,
        "avg_backlog": 13.333333333333334,
        "service_level": 94.44444444444444
      },
      "DC_1": {
        "avg_reward": -136.8976158052683,
        "avg_cost": 136.8976158052683,
        "avg_holding_cost": 15550.813985509798,
        "avg_backlog_cost": 45166.61514517665,
        "avg_ordering_cost": 57.896837055683136,
        "avg_inventory": 3702.9882931497364,
        "avg_backlog": 158.39657989243668,
        "service_level": 83.33333333333334
      },
      "Retailer_2": {
        "avg_reward": -236.77322340011597,
        "avg_cost": 236.77322340011597,
        "avg_holding_cost": 89808.25764846802,
        "avg_backlog_cost": 0.0,
        "avg_ordering_cost": 85.5000002682209,
        "avg_inventory": 664.4816246880425,
        "avg_backlog": 0.0,
        "service_level": 100.0
      },
      "Retailer_3": {
        "avg_reward": -231.89650017023087,
        "avg_cost": 231.89650017023087,
        "avg_holding_cost": 87724.50607299805,
        "avg_backlog_cost": 0.0,
        "avg_ordering_cost": 98.9999994635582,
        "avg_inventory": 648.6721047295464,
        "avg_backlog": 0.0,
        "service_level": 100.0
      },
      "Retailer_4": {
        "avg_reward": -232.5467128753662,
        "avg_cost": 232.5467128753662,
        "avg_holding_cost": 87918.59028625488,
        "avg_backlog_cost": 0.0,
        "avg_ordering_cost": 85.5000002682209,
        "avg_inventory": 650.5399771796333,
        "avg_backlog": 0.0,
        "service_level": 100.0
      },
      "Retailer_5": {
        "avg_reward": -231.68243145942688,
        "avg_cost": 231.68243145942688,
        "avg_holding_cost": 87525.05626296997,
        "avg_backlog_cost": 0.0,
        "avg_ordering_cost": 85.5000002682209,
        "avg_inventory": 646.2973880343967,
        "avg_backlog": 0.0,
        "service_level": 100.0
      },
      "Retailer_6": {
        "avg_reward": -230.5345356464386,
        "avg_cost": 230.5345356464386,
        "avg_holding_cost": 86989.90851974487,
        "avg_backlog_cost": 0.0,
        "avg_ordering_cost": 98.9999994635582,
        "avg_inventory": 645.2018266465928,
        "avg_backlog": 0.0,
        "service_level": 100.0
      },
      "Retailer_7": {
        "avg_reward": -240.4948650598526,
        "avg_cost": 240.4948650598526,
        "avg_holding_cost": 91400.26836013794,
        "avg_backlog_cost": 0.0,
        "avg_ordering_cost": 85.5000002682209,
        "avg_inventory": 675.7135136922201,
        "avg_backlog": 0.0,
        "service_level": 100.0
      },
      "Retailer_8": {
        "avg_reward": -229.78424298763275,
        "avg_cost": 229.78424298763275,
        "avg_holding_cost": 86779.66416549683,
        "avg_backlog_cost": 0.0,
        "avg_ordering_cost": 85.5000002682209,
        "avg_inventory": 642.7146216498481,
        "avg_backlog": 0.0,
        "service_level": 100.0
      },
      "Retailer_9": {
        "avg_reward": -232.46522146463394,
        "avg_cost": 232.46522146463394,
        "avg_holding_cost": 87797.5241279602,
        "avg_backlog_cost": 0.0,
        "avg_ordering_cost": 85.5000002682209,
        "avg_inventory": 648.9873925103082,
        "avg_backlog": 0.0,
        "service_level": 100.0
      },
      "Retailer_10": {
        "avg_reward": -229.7283303141594,
        "avg_cost": 229.7283303141594,
        "avg_holding_cost": 86577.53503036499,
        "avg_backlog_cost": 0.0,
        "avg_ordering_cost": 98.9999994635582,
        "avg_inventory": 643.1605695936415,
        "avg_backlog": 0.0,
        "service_level": 100.0
      },
      "Retailer_11": {
        "avg_reward": -229.9453745484352,
        "avg_cost": 229.9453745484352,
        "avg_holding_cost": 86632.6650428772,
        "avg_backlog_cost": 0.0,
        "avg_ordering_cost": 98.9999994635582,
        "avg_inventory": 642.8147791544596,
        "avg_backlog": 0.0,
        "service_level": 100.0
      },
      "Retailer_12": {
        "avg_reward": -227.09455239772797,
        "avg_cost": 227.09455239772797,
        "avg_holding_cost": 85494.95080566406,
        "avg_backlog_cost": 0.0,
        "avg_ordering_cost": 85.5000002682209,
        "avg_inventory": 631.463402472602,
        "avg_backlog": 0.0,
        "service_level": 100.0
      },
      "Retailer_13": {
        "avg_reward": -232.26399660110474,
        "avg_cost": 232.26399660110474,
        "avg_holding_cost": 87692.53178405762,
        "avg_backlog_cost": 0.0,
        "avg_ordering_cost": 98.9999994635582,
        "avg_inventory": 649.7043129814996,
        "avg_backlog": 0.0,
        "service_level": 100.0
      },
      "Retailer_14": {
        "avg_reward": -231.29832553863525,
        "avg_cost": 231.29832553863525,
        "avg_holding_cost": 87275.08255767822,
        "avg_backlog_cost": 0.0,
        "avg_ordering_cost": 98.9999994635582,
        "avg_inventory": 644.9787957085504,
        "avg_backlog": 0.0,
        "service_level": 100.0
      },
      "Retailer_15": {
        "avg_reward": -232.52574676275253,
        "avg_cost": 232.52574676275253,
        "avg_holding_cost": 87866.1217956543,
        "avg_backlog_cost": 0.0,
        "avg_ordering_cost": 85.5000002682209,
        "avg_inventory": 649.7221793280708,
        "avg_backlog": 0.0,
        "service_level": 100.0
      },
      "Retailer_16": {
        "avg_reward": -225.79376780986786,
        "avg_cost": 225.79376780986786,
        "avg_holding_cost": 84855.20052719116,
        "avg_backlog_cost": 0.0,
        "avg_ordering_cost": 98.9999994635582,
        "avg_inventory": 629.7771803114149,
        "avg_backlog": 0.0,
        "service_level": 100.0
      }
    },
    "dc_cycle_service_level": {
      "0": 94.44444444444444,
      "1": 83.33333333333334
    },
    "system_retailer_fill_rate": 100.0
  },
  "episode_data": [
    {
      "total_reward": -3671.140536531806,
      "total_cost": 3671.140536531806,
      "agent_rewards": [
        -59.41509369015694,
        -136.8976158052683,
        -236.77322340011597,
        -231.89650017023087,
        -232.5467128753662,
        -231.68243145942688,
        -230.5345356464386,
        -240.4948650598526,
        -229.78424298763275,
        -232.46522146463394,
        -229.7283303141594,
        -229.9453745484352,
        -227.09455239772797,
        -232.26399660110474,
        -231.29832553863525,
        -232.52574676275253,
        -225.79376780986786
      ],
      "agent_costs": [
        59.41509369015694,
        136.8976158052683,
        236.77322340011597,
        231.89650017023087,
        232.5467128753662,
        231.68243145942688,
        230.5345356464386,
        240.4948650598526,
        229.78424298763275,
        232.46522146463394,
        229.7283303141594,
        229.9453745484352,
        227.09455239772797,
        232.26399660110474,
        231.29832553863525,
        232.52574676275253,
        225.79376780986786
      ],