{
  "metadata": {
    "model_dir": "results/11Apr_gnn1_colab/run_seed_1/models",
    "algorithm": "GNN-HAPPO",
    "num_episodes": 1,
    "episode_length": 90,
    "gnn_type": "GAT",
    "gnn_hidden_dim": 128,
    "gnn_num_layers": 2,
    "single_agent_obs_dim": 28,
    "evaluation_date": "2026-04-11 20:39:04"
  },
  "statistics": {
    "num_episodes": 1,
    "episode_length": 90,
    "total_reward": {
      "mean": -2134.9820029735565,
      "std": 0.0,
      "min": -2134.9820029735565,
      "max": -2134.9820029735565
    },
    "total_cost": {
      "mean": 2134.9820029735565,
      "std": 0.0,
      "min": 2134.9820029735565,
      "max": 2134.9820029735565
    },
    "per_agent": {
      "DC_0": {
        "avg_reward": -858.3834710121155,
        "avg_cost": 858.3834710121155,
        "avg_holding_cost": 1086558.1928710938,
        "avg_backlog_cost": 0.0,
        "avg_ordering_cost": 12273.62080860138,
        "avg_inventory": 7101.687358940972,
        "avg_backlog": 0.0,
        "service_level": 100.0
      },
      "DC_1": {
        "avg_reward": -836.0430769920349,
        "avg_cost": 836.0430769920349,
        "avg_holding_cost": 1057737.0734863281,
        "avg_backlog_cost": 0.0,
        "avg_ordering_cost": 12059.479422569275,
        "avg_inventory": 6913.314029947916,
        "avg_backlog": 0.0,
        "service_level": 100.0
      },
      "Retailer_2": {
        "avg_reward": -33.71175701916218,
        "avg_cost": 33.71175701916218,
        "avg_holding_cost": 4894.4167585372925,
        "avg_backlog_cost": 0.0,
        "avg_ordering_cost": 366.7323642373085,
        "avg_inventory": 111.07873662312825,
        "avg_backlog": 0.0,
        "service_level": 100.0
      },
      "Retailer_3": {
        "avg_reward": -31.27976731956005,
        "avg_cost": 31.27976731956005,
        "avg_holding_cost": 4113.796660661697,
        "avg_backlog_cost": 0.0,
        "avg_ordering_cost": 355.3214715719223,
        "avg_inventory": 85.55246035257976,
        "avg_backlog": 0.0,
        "service_level": 100.0
      },
      "Retailer_4": {
        "avg_reward": -36.156429812312126,
        "avg_cost": 36.156429812312126,
        "avg_holding_cost": 4865.134560260456,
        "avg_backlog_cost": 39.584968239068985,
        "avg_ordering_cost": 336.23764967918396,
        "avg_inventory": 102.77475704616971,
        "avg_backlog": 0.3998481591542562,
        "service_level": 92.57425742574257
      },
      "Retailer_5": {
        "avg_reward": -27.264937326312065,
        "avg_cost": 27.264937326312065,
        "avg_holding_cost": 3712.694532394409,
        "avg_backlog_cost": 0.0,
        "avg_ordering_cost": 358.9503546357155,
        "avg_inventory": 79.87147640652127,
        "avg_backlog": 0.0,
        "service_level": 100.0
      },
      "Retailer_6": {
        "avg_reward": -27.34074456989765,
        "avg_cost": 27.34074456989765,
        "avg_holding_cost": 3541.7794876098633,
        "avg_backlog_cost": 0.0,
        "avg_ordering_cost": 321.95651799440384,
        "avg_inventory": 76.55068609449599,
        "avg_backlog": 0.0,
        "service_level": 100.0
      },
      "Retailer_7": {
        "avg_reward": -25.148783698678017,
        "avg_cost": 25.148783698678017,
        "avg_holding_cost": 2570.5222803354263,
        "avg_backlog_cost": 0.0,
        "avg_ordering_cost": 282.43675285577774,
        "avg_inventory": 56.43587572309706,
        "avg_backlog": 0.0,
        "service_level": 100.0
      },
      "Retailer_8": {
        "avg_reward": -29.13432213664055,
        "avg_cost": 29.13432213664055,
        "avg_holding_cost": 3307.1274065971375,
        "avg_backlog_cost": 0.0,
        "avg_ordering_cost": 326.6133818626404,
        "avg_inventory": 78.3962878757053,
        "avg_backlog": 0.0,
        "service_level": 100.0
      },
      "Retailer_9": {
        "avg_reward": -25.62576523423195,
        "avg_cost": 25.62576523423195,
        "avg_holding_cost": 3396.6014065742493,
        "avg_backlog_cost": 0.0,
        "avg_ordering_cost": 319.79822504520416,
        "avg_inventory": 73.76099302503798,
        "avg_backlog": 0.0,
        "service_level": 100.0
      },
      "Retailer_10": {
        "avg_reward": -33.460144370794296,
        "avg_cost": 33.460144370794296,
        "avg_holding_cost": 3979.9321638718247,
        "avg_backlog_cost": 1267.3960118293762,
        "avg_ordering_cost": 315.8635939359665,
        "avg_inventory": 80.79052810668945,
        "avg_backlog": 12.80197966893514,
        "service_level": 83.83838383838383
      },
      "Retailer_11": {
        "avg_reward": -29.895906254649162,
        "avg_cost": 29.895906254649162,
        "avg_holding_cost": 3370.5988106131554,
        "avg_backlog_cost": 366.1831999719143,
        "avg_ordering_cost": 319.1104416847229,
        "avg_inventory": 69.65659302605523,
        "avg_backlog": 3.698820098903444,
        "service_level": 89.40092165898618
      },
      "Retailer_12": {
        "avg_reward": -25.083249524235725,
        "avg_cost": 25.083249524235725,
        "avg_holding_cost": 2412.757784307003,
        "avg_backlog_cost": 0.0,
        "avg_ordering_cost": 273.7395009994507,
        "avg_inventory": 52.17701021830241,
        "avg_backlog": 0.0,
        "service_level": 100.0
      },
      "Retailer_13": {
        "avg_reward": -26.912118956446648,
        "avg_cost": 26.912118956446648,
        "avg_holding_cost": 3341.995762526989,
        "avg_backlog_cost": 83.39803183078766,
        "avg_ordering_cost": 344.22867530584335,
        "avg_inventory": 71.40032162136502,
        "avg_backlog": 0.8424043476581573,
        "service_level": 92.82296650717703
      },
      "Retailer_14": {
        "avg_reward": -28.47879345715046,
        "avg_cost": 28.47879345715046,
        "avg_holding_cost": 3750.8447950035334,
        "avg_backlog_cost": 54.802176505327225,
        "avg_ordering_cost": 352.45509964227676,
        "avg_inventory": 79.04309421115451,
        "avg_backlog": 0.5535573257340325,
        "service_level": 96.36363636363636
      },
      "Retailer_15": {
        "avg_reward": -30.611478954553604,
        "avg_cost": 30.611478954553604,
        "avg_holding_cost": 4476.944887161255,
        "avg_backlog_cost": 0.0,
        "avg_ordering_cost": 326.4382026195526,
        "avg_inventory": 97.37878256903754,
        "avg_backlog": 0.0,
        "service_level": 100.0
      },
      "Retailer_16": {
        "avg_reward": -30.451256334781647,
        "avg_cost": 30.451256334781647,
        "avg_holding_cost": 3903.5661935806274,
        "avg_backlog_cost": 0.0,
        "avg_ordering_cost": 328.81537038087845,
        "avg_inventory": 80.85660841200087,
        "avg_backlog": 0.0,
        "service_level": 100.0
      }
    },
    "dc_cycle_service_level": {
      "0": 100.0,
      "1": 100.0
    },
    "system_retailer_fill_rate": 97.00868446445803
  },
  "episode_data": [
    {
      "total_reward": -2134.9820029735565,
      "total_cost": 2134.9820029735565,
      "agent_rewards": [
        -858.3834710121155,
        -836.0430769920349,
        -33.71175701916218,
        -31.27976731956005,
        -36.156429812312126,
        -27.264937326312065,
        -27.34074456989765,
        -25.148783698678017,
        -29.13432213664055,
        -25.62576523423195,
        -33.460144370794296,
        -29.895906254649162,
        -25.083249524235725,
        -26.912118956446648,
        -28.47879345715046,
        -30.611478954553604,
        -30.451256334781647
      ],