{
  "metadata": {
    "model_dir": "results/13Apr_gnn/run_seed_1/models",
    "algorithm": "GNN-HAPPO",
    "num_episodes": 1,
    "episode_length": 90,
    "gnn_type": "GAT",
    "gnn_hidden_dim": 128,
    "gnn_num_layers": 2,
    "single_agent_obs_dim": 28,
    "evaluation_date": "2026-04-14 19:14:51"
  },
  "statistics": {
    "num_episodes": 1,
    "episode_length": 90,
    "total_reward": {
      "mean": -54.83855347475037,
      "std": 0.0,
      "min": -54.83855347475037,
      "max": -54.83855347475037
    },
    "total_cost": {
      "mean": 54.83855347475037,
      "std": 0.0,
      "min": 54.83855347475037,
      "max": 54.83855347475037
    },
    "per_agent": {
      "DC_0": {
        "avg_reward": -16.246318642486585,
        "avg_cost": 16.246318642486585,
        "avg_holding_cost": 8919.043403625488,
        "avg_backlog_cost": 0.0,
        "avg_ordering_cost": 2770.945510864258,
        "avg_inventory": 991.0048102484809,
        "avg_backlog": 0.0,
        "service_level": 100.0
      },
      "DC_1": {
        "avg_reward": -17.641034243628383,
        "avg_cost": 17.641034243628383,
        "avg_holding_cost": 9506.099216461182,
        "avg_backlog_cost": 0.0,
        "avg_ordering_cost": 3199.0176582336426,
        "avg_inventory": 1056.2332309299045,
        "avg_backlog": 0.0,
        "service_level": 100.0
      },
      "Retailer_2": {
        "avg_reward": -2.550121118547395,
        "avg_cost": 2.550121118547395,
        "avg_holding_cost": 4198.6112060546875,
        "avg_backlog_cost": 0.0,
        "avg_ordering_cost": 338.5654448866844,
        "avg_inventory": 95.89690958658854,
        "avg_backlog": 0.0,
        "service_level": 100.0
      },
      "Retailer_3": {
        "avg_reward": -0.571137081249617,
        "avg_cost": 0.571137081249617,
        "avg_holding_cost": 2445.1910140514374,
        "avg_backlog_cost": 0.0,
        "avg_ordering_cost": 280.94013541936874,
        "avg_inventory": 54.068067974514435,
        "avg_backlog": 0.0,
        "service_level": 100.0
      },
      "Retailer_4": {
        "avg_reward": -1.5942458742065355,
        "avg_cost": 1.5942458742065355,
        "avg_holding_cost": 3627.468897521496,
        "avg_backlog_cost": 0.0,
        "avg_ordering_cost": 322.32026767730713,
        "avg_inventory": 78.03827807108561,
        "avg_backlog": 0.0,
        "service_level": 100.0
      },
      "Retailer_5": {
        "avg_reward": -2.339208452118328,
        "avg_cost": 2.339208452118328,
        "avg_holding_cost": 4115.212143421173,
        "avg_backlog_cost": 0.0,
        "avg_ordering_cost": 359.09054893255234,
        "avg_inventory": 88.85020319620769,
        "avg_backlog": 0.0,
        "service_level": 100.0
      },
      "Retailer_6": {
        "avg_reward": -1.2633569279569201,
        "avg_cost": 1.2633569279569201,
        "avg_holding_cost": 3411.5039582252502,
        "avg_backlog_cost": 0.0,
        "avg_ordering_cost": 320.69266897439957,
        "avg_inventory": 74.9117838965522,
        "avg_backlog": 0.0,
        "service_level": 100.0
      },
      "Retailer_7": {
        "avg_reward": -0.4317291697661858,
        "avg_cost": 0.4317291697661858,
        "avg_holding_cost": 2446.9380704425275,
        "avg_backlog_cost": 11.73001515865326,
        "avg_ordering_cost": 321.73747658729553,
        "avg_inventory": 53.94955190022787,
        "avg_backlog": 0.10025654368930392,
        "service_level": 98.09523809523809
      },
      "Retailer_8": {
        "avg_reward": -1.3201946270637563,
        "avg_cost": 1.3201946270637563,
        "avg_holding_cost": 3685.9891510009766,
        "avg_backlog_cost": 0.0,
        "avg_ordering_cost": 357.2126632332802,
        "avg_inventory": 81.55380469428168,
        "avg_backlog": 0.0,
        "service_level": 100.0
      },
      "Retailer_9": {
        "avg_reward": -2.1466077335644513,
        "avg_cost": 2.1466077335644513,
        "avg_holding_cost": 3859.586374759674,
        "avg_backlog_cost": 0.0,
        "avg_ordering_cost": 321.9808576107025,
        "avg_inventory": 89.64268358018663,
        "avg_backlog": 0.0,
        "service_level": 100.0
      },
      "Retailer_10": {
        "avg_reward": -2.479078905424103,
        "avg_cost": 2.479078905424103,
        "avg_holding_cost": 4283.02225458622,
        "avg_backlog_cost": 0.0,
        "avg_ordering_cost": 351.21494549512863,
        "avg_inventory": 91.59588436550564,
        "avg_backlog": 0.0,
        "service_level": 100.0
      },
      "Retailer_11": {
        "avg_reward": -0.9230597567257064,
        "avg_cost": 0.9230597567257064,
        "avg_holding_cost": 2825.139702320099,
        "avg_backlog_cost": 0.0,
        "avg_ordering_cost": 293.5137509703636,
        "avg_inventory": 64.7263562520345,
        "avg_backlog": 0.0,
        "service_level": 100.0
      },
      "Retailer_12": {
        "avg_reward": -0.826023202156648,
        "avg_cost": 0.826023202156648,
        "avg_holding_cost": 2991.5746879577637,
        "avg_backlog_cost": 0.0,
        "avg_ordering_cost": 306.7435950040817,
        "avg_inventory": 65.90363405015734,
        "avg_backlog": 0.0,
        "service_level": 100.0
      },
      "Retailer_13": {
        "avg_reward": -0.9024373239080887,
        "avg_cost": 0.9024373239080887,
        "avg_holding_cost": 2981.9381443858147,
        "avg_backlog_cost": 0.0,
        "avg_ordering_cost": 327.6107510328293,
        "avg_inventory": 68.24333212110731,
        "avg_backlog": 0.0,
        "service_level": 100.0
      },
      "Retailer_14": {
        "avg_reward": -1.0027514691173565,
        "avg_cost": 1.0027514691173565,
        "avg_holding_cost": 3110.1459790468216,
        "avg_backlog_cost": 0.0,
        "avg_ordering_cost": 304.82834005355835,
        "avg_inventory": 69.64690856933593,
        "avg_backlog": 0.0,
        "service_level": 100.0
      },
      "Retailer_15": {
        "avg_reward": -1.8827863895567134,
        "avg_cost": 1.8827863895567134,
        "avg_holding_cost": 3877.9788670539856,
        "avg_backlog_cost": 0.0,
        "avg_ordering_cost": 324.259902715683,
        "avg_inventory": 86.00778766208225,
        "avg_backlog": 0.0,
        "service_level": 100.0
      },
      "Retailer_16": {
        "avg_reward": -0.7184625572735968,
        "avg_cost": 0.7184625572735968,
        "avg_holding_cost": 2964.961916208267,
        "avg_backlog_cost": 0.0,
        "avg_ordering_cost": 334.20283204317093,
        "avg_inventory": 63.752769300672746,
        "avg_backlog": 0.0,
        "service_level": 100.0
      }
    },
    "dc_cycle_service_level": {
      "0": 100.0,
      "1": 100.0
    },
    "system_retailer_fill_rate": 99.87297554779295
  },
  "episode_data": [
    {
      "total_reward": -54.83855347475037,
      "total_cost": 54.83855347475037,
      "agent_rewards": [
        -16.246318642486585,
        -17.641034243628383,
        -2.550121118547395,
        -0.571137081249617,
        -1.5942458742065355,
        -2.339208452118328,
        -1.2633569279569201,
        -0.4317291697661858,
        -1.3201946270637563,
        -2.1466077335644513,
        -2.479078905424103,
        -0.9230597567257064,
        -0.826023202156648,
        -0.9024373239080887,
        -1.0027514691173565,
        -1.8827863895567134,
        -0.7184625572735968
      ],
      "agent_costs": [
        16.246318642486585,
        17.641034243628383,
        2.550121118547395,
        0.571137081249617,
        1.5942458742065355,
        2.339208452118328,
        1.2633569279569201,
        0.4317291697661858,
        1.3201946270637563,
        2.1466077335644513,
        2.479078905424103,
        0.9230597567257064,
        0.826023202156648,
        0.9024373239080887,
        1.0027514691173565,
        1.8827863895567134,
        0.7184625572735968
      ],