{
  "metadata": {
    "model_dir": "results/22Mar_gnn_kaggle/run_seed_1/models",
    "algorithm": "GNN-HAPPO",
    "num_episodes": 1,
    "episode_length": 90,
    "gnn_type": "GAT",
    "gnn_hidden_dim": 128,
    "gnn_num_layers": 2,
    "single_agent_obs_dim": 28,
    "evaluation_date": "2026-03-22 10:38:59"
  },
  "statistics": {
    "num_episodes": 1,
    "episode_length": 90,
    "total_reward": {
      "mean": -792.7247114032507,
      "std": 0.0,
      "min": -792.7247114032507,
      "max": -792.7247114032507
    },
    "total_cost": {
      "mean": 792.7247114032507,
      "std": 0.0,
      "min": 792.7247114032507,
      "max": 792.7247114032507
    },
    "per_agent": {
      "DC_0": {
        "avg_reward": -90.42317295074463,
        "avg_cost": 90.42317295074463,
        "avg_holding_cost": 40898.7951965332,
        "avg_backlog_cost": 0.0,
        "avg_ordering_cost": 12.214679718017578,
        "avg_inventory": 8016.021240234375,
        "avg_backlog": 0.0,
        "service_level": 100.0
      },
      "DC_1": {
        "avg_reward": -72.73823237419128,
        "avg_cost": 72.73823237419128,
        "avg_holding_cost": 33168.630043029785,
        "avg_backlog_cost": 0.0,
        "avg_ordering_cost": 225.26016807556152,
        "avg_inventory": 7888.388503689236,
        "avg_backlog": 0.0,
        "service_level": 100.0
      },
      "Retailer_2": {
        "avg_reward": -29.14168292284012,
        "avg_cost": 29.14168292284012,
        "avg_holding_cost": 10406.830738067627,
        "avg_backlog_cost": 0.0,
        "avg_ordering_cost": 301.4882769584656,
        "avg_inventory": 76.29786919487847,
        "avg_backlog": 0.0,
        "service_level": 100.0
      },
      "Retailer_3": {
        "avg_reward": -46.23333516716957,
        "avg_cost": 46.23333516716957,
        "avg_holding_cost": 10821.43610715866,
        "avg_backlog_cost": 6270.944505691528,
        "avg_ordering_cost": 301.5000021457672,
        "avg_inventory": 79.96837946573893,
        "avg_backlog": 11.61285994052887,
        "service_level": 82.72251308900523
      },
      "Retailer_4": {
        "avg_reward": -29.724177286028862,
        "avg_cost": 29.724177286028862,
        "avg_holding_cost": 8265.961377382278,
        "avg_backlog_cost": 1634.5804784297943,
        "avg_ordering_cost": 278.9999967813492,
        "avg_inventory": 61.15153927273221,
        "avg_backlog": 3.0270009054077995,
        "service_level": 87.0
      },
      "Retailer_5": {
        "avg_reward": -50.29766809940338,
        "avg_cost": 50.29766809940338,
        "avg_holding_cost": 10221.050981521606,
        "avg_backlog_cost": 8454.42543554306,
        "avg_ordering_cost": 278.9999967813492,
        "avg_inventory": 75.03788214789496,
        "avg_backlog": 15.656343407101101,
        "service_level": 73.73737373737373
      },
      "Retailer_6": {
        "avg_reward": -55.21175041794777,
        "avg_cost": 55.21175041794777,
        "avg_holding_cost": 8793.56840801239,
        "avg_backlog_cost": 12312.416482448578,
        "avg_ordering_cost": 301.5000021457672,
        "avg_inventory": 65.19109882778592,
        "avg_backlog": 22.800771098666722,
        "service_level": 78.0
      },
      "Retailer_7": {
        "avg_reward": -35.1826261729002,
        "avg_cost": 35.1826261729002,
        "avg_holding_cost": 10344.562740027905,
        "avg_backlog_cost": 2072.2604632377625,
        "avg_ordering_cost": 289.2059391736984,
        "avg_inventory": 75.90089933607314,
        "avg_backlog": 3.8375193927023146,
        "service_level": 87.192118226601
      },
      "Retailer_8": {
        "avg_reward": -51.11564113199711,
        "avg_cost": 51.11564113199711,
        "avg_holding_cost": 9749.678920507431,
        "avg_backlog_cost": 9666.89700126648,
        "avg_ordering_cost": 278.9999967813492,
        "avg_inventory": 72.21469306945801,
        "avg_backlog": 17.901661173502603,
        "service_level": 80.6930693069307
      },
      "Retailer_9": {
        "avg_reward": -39.8567281216383,
        "avg_cost": 39.8567281216383,
        "avg_holding_cost": 10798.881844520569,
        "avg_backlog_cost": 3778.4313011169434,
        "avg_ordering_cost": 278.9999967813492,
        "avg_inventory": 79.56807861328124,
        "avg_backlog": 6.997094901402791,
        "service_level": 87.5
      },
      "Retailer_10": {
        "avg_reward": -36.768924325704575,
        "avg_cost": 36.768924325704575,
        "avg_holding_cost": 10513.917174696922,
        "avg_backlog_cost": 2310.275579929352,
        "avg_ordering_cost": 301.5000021457672,
        "avg_inventory": 76.27711953057184,
        "avg_backlog": 4.278288090229035,
        "service_level": 83.33333333333334
      },
      "Retailer_11": {
        "avg_reward": -41.03892086446285,
        "avg_cost": 41.03892086446285,
        "avg_holding_cost": 10206.949585080147,
        "avg_backlog_cost": 4384.984412193298,
        "avg_ordering_cost": 301.5000021457672,
        "avg_inventory": 75.28678860134549,
        "avg_backlog": 8.120341523488362,
        "service_level": 79.6875
      },
      "Retailer_12": {
        "avg_reward": -43.28155329823494,
        "avg_cost": 43.28155329823494,
        "avg_holding_cost": 7532.444930255413,
        "avg_backlog_cost": 8255.324813127518,
        "avg_ordering_cost": 278.9999967813492,
        "avg_inventory": 54.77815657721625,
        "avg_backlog": 15.287638579474555,
        "service_level": 78.03738317757009
      },
      "Retailer_13": {
        "avg_reward": -53.96080945432186,
        "avg_cost": 53.96080945432186,
        "avg_holding_cost": 9946.760916471481,
        "avg_backlog_cost": 10724.960308074951,
        "avg_ordering_cost": 301.5000021457672,
        "avg_inventory": 73.64983435736762,
        "avg_backlog": 19.861037572224934,
        "service_level": 78.32512315270937
      },
      "Retailer_14": {
        "avg_reward": -49.64553491771221,
        "avg_cost": 49.64553491771221,
        "avg_holding_cost": 11330.71185874939,
        "avg_backlog_cost": 7247.347735404968,
        "avg_ordering_cost": 301.5000021457672,
        "avg_inventory": 84.26111602783203,
        "avg_backlog": 13.421014215548833,
        "service_level": 78.53658536585367
      },
      "Retailer_15": {
        "avg_reward": -31.546619057655334,
        "avg_cost": 31.546619057655334,
        "avg_holding_cost": 11446.300966262817,
        "avg_backlog_cost": 0.0,
        "avg_ordering_cost": 304.4876753091812,
        "avg_inventory": 82.79061177571614,
        "avg_backlog": 0.0,
        "service_level": 100.0
      },
      "Retailer_16": {
        "avg_reward": -36.5573348402977,
        "avg_cost": 36.5573348402977,
        "avg_holding_cost": 9590.111105918884,
        "avg_backlog_cost": 3243.8349409103394,
        "avg_ordering_cost": 311.6078917980194,
        "avg_inventory": 75.60874252319336,
        "avg_backlog": 6.007101759645674,
        "service_level": 82.58706467661692
      }
    },
    "dc_cycle_service_level": {
      "0": 100.0,
      "1": 100.0
    },
    "system_retailer_fill_rate": 83.86138613861385
  },
  "episode_data": [
    {
      "total_reward": -792.7247114032507,
      "total_cost": 792.7247114032507,
      "agent_rewards": [
        -90.42317295074463,
        -72.73823237419128,
        -29.14168292284012,
        -46.23333516716957,
        -29.724177286028862,
        -50.29766809940338,
        -55.21175041794777,
        -35.1826261729002,
        -51.11564113199711,
        -39.8567281216383,
        -36.768924325704575,
        -41.03892086446285,
        -43.28155329823494,
        -53.96080945432186,
        -49.64553491771221,
        -31.546619057655334,
        -36.5573348402977
      ],