{
  "metadata": {
    "model_dir": "results/13Mar_gnn2_kaggle/run_seed_1/models",
    "algorithm": "GNN-HAPPO",
    "num_episodes": 1,
    "episode_length": 90,
    "gnn_type": "GAT",
    "gnn_hidden_dim": 128,
    "gnn_num_layers": 2,
    "single_agent_obs_dim": 28,
    "evaluation_date": "2026-03-14 11:14:12"
  },
  "statistics": {
    "num_episodes": 1,
    "episode_length": 90,
    "total_reward": {
      "mean": -2048.0358196600864,
      "std": 0.0,
      "min": -2048.0358196600864,
      "max": -2048.0358196600864
    },
    "total_cost": {
      "mean": 2048.0358196600864,
      "std": 0.0,
      "min": 2048.0358196600864,
      "max": 2048.0358196600864
    },
    "per_agent": {
      "DC_0": {
        "avg_reward": -70.43990695587127,
        "avg_cost": 70.43990695587127,
        "avg_holding_cost": 383.6097538052127,
        "avg_backlog_cost": 21304.994106292725,
        "avg_ordering_cost": 255.01380866765976,
        "avg_inventory": 78.97866382102171,
        "avg_backlog": 71.20511663489872,
        "service_level": 100.0
      },
      "DC_1": {
        "avg_reward": -71.71134991431609,
        "avg_cost": 71.71134991431609,
        "avg_holding_cost": 245.0064851003699,
        "avg_backlog_cost": 22047.709232330322,
        "avg_ordering_cost": 102.72443324327469,
        "avg_inventory": 59.65990156415436,
        "avg_backlog": 74.42401543723213,
        "service_level": 100.0
      },
      "Retailer_2": {
        "avg_reward": -162.37376510957256,
        "avg_cost": 162.37376510957256,
        "avg_holding_cost": 64.33138541132212,
        "avg_backlog_cost": 60056.27286219597,
        "avg_ordering_cost": 13.220594972372055,
        "avg_inventory": 5.711781485875448,
        "avg_backlog": 108.41690018441942,
        "service_level": 25.166428735189506
      },
      "Retailer_3": {
        "avg_reward": -159.32714180997573,
        "avg_cost": 159.32714180997573,
        "avg_holding_cost": 123.94276597723365,
        "avg_backlog_cost": 58914.36372923851,
        "avg_ordering_cost": 7.583204444497824,
        "avg_inventory": 10.376549878385331,
        "avg_backlog": 107.60141429901122,
        "service_level": 24.312887550746577
      },
      "Retailer_4": {
        "avg_reward": -76.92496057896642,
        "avg_cost": 76.92496057896642,
        "avg_holding_cost": 224.29041637293994,
        "avg_backlog_cost": 22534.138097524643,
        "avg_ordering_cost": 18.549072176218033,
        "avg_inventory": 20.021444620026482,
        "avg_backlog": 41.10049844417307,
        "service_level": 50.62364222957867
      },
      "Retailer_5": {
        "avg_reward": -116.43619166989811,
        "avg_cost": 116.43619166989811,
        "avg_holding_cost": 94.25397984217852,
        "avg_backlog_cost": 39437.78628778458,
        "avg_ordering_cost": 12.15493856370449,
        "avg_inventory": 8.16669230858485,
        "avg_backlog": 71.20155656072828,
        "service_level": 37.80772159718158
      },
      "Retailer_6": {
        "avg_reward": -97.88508349296171,
        "avg_cost": 97.88508349296171,
        "avg_holding_cost": 141.21114373207092,
        "avg_backlog_cost": 31606.622581362724,
        "avg_ordering_cost": 21.127601236104965,
        "avg_inventory": 13.260563462310367,
        "avg_backlog": 53.71172519856029,
        "service_level": 46.28019956741802
      },
      "Retailer_7": {
        "avg_reward": -109.93515795748681,
        "avg_cost": 109.93515795748681,
        "avg_holding_cost": 193.85680956300348,
        "avg_backlog_cost": 37353.343710422516,
        "avg_ordering_cost": 19.896337252110243,
        "avg_inventory": 16.534352978070576,
        "avg_backlog": 68.33605770534939,
        "service_level": 41.51268395272291
      },
      "Retailer_8": {
        "avg_reward": -134.8717981763184,
        "avg_cost": 134.8717981763184,
        "avg_holding_cost": 179.18364869477227,
        "avg_backlog_cost": 48250.482285141945,
        "avg_ordering_cost": 9.32355783879757,
        "avg_inventory": 14.21395280568136,
        "avg_backlog": 92.53343148231507,
        "service_level": 28.98971648168103
      },
      "Retailer_9": {
        "avg_reward": -93.0848953522509,
        "avg_cost": 93.0848953522509,
        "avg_holding_cost": 150.61209553759545,
        "avg_backlog_cost": 29442.415570259094,
        "avg_ordering_cost": 14.530368715524673,
        "avg_inventory": 13.623003051016067,
        "avg_backlog": 52.45317486392127,
        "service_level": 42.53109062563365
      },
      "Retailer_10": {
        "avg_reward": -166.95745838154107,
        "avg_cost": 166.95745838154107,
        "avg_holding_cost": 77.84232857002644,
        "avg_backlog_cost": 62226.35634499788,
        "avg_ordering_cost": 8.174705889075994,
        "avg_inventory": 7.243498960841033,
        "avg_backlog": 108.5007736378246,
        "service_level": 23.40656795978829
      },
      "Retailer_11": {
        "avg_reward": -151.86027213558555,
        "avg_cost": 151.86027213558555,
        "avg_holding_cost": 57.800397492945194,
        "avg_backlog_cost": 55242.40446972847,
        "avg_ordering_cost": 15.252094469964504,
        "avg_inventory": 5.120294116934141,
        "avg_backlog": 100.13203975624508,
        "service_level": 25.221581265978603
      },
      "Retailer_12": {
        "avg_reward": -131.3907327449415,
        "avg_cost": 131.3907327449415,
        "avg_holding_cost": 145.75437650084496,
        "avg_backlog_cost": 46344.962622880936,
        "avg_ordering_cost": 9.688091039657593,
        "avg_inventory": 12.271682522031996,
        "avg_backlog": 85.22410397397147,
        "service_level": 26.550579050608906
      },
      "Retailer_13": {
        "avg_reward": -102.0810068793362,
        "avg_cost": 102.0810068793362,
        "avg_holding_cost": 168.3919685217552,
        "avg_backlog_cost": 33609.17870807648,
        "avg_ordering_cost": 17.851587433367968,
        "avg_inventory": 14.417012552420298,
        "avg_backlog": 61.864920834700264,
        "service_level": 43.60109602013042
      },
      "Retailer_14": {
        "avg_reward": -140.90009194985032,
        "avg_cost": 140.90009194985032,
        "avg_holding_cost": 137.1411371640861,
        "avg_backlog_cost": 50802.437026023865,
        "avg_ordering_cost": 10.593406096100807,
        "avg_inventory": 13.91865109205246,
        "avg_backlog": 86.77468970749113,
        "service_level": 31.33303767112856
      },
      "Retailer_15": {
        "avg_reward": -95.55184182911762,
        "avg_cost": 95.55184182911762,
        "avg_holding_cost": 202.42436238378286,
        "avg_backlog_cost": 30667.598222732544,
        "avg_ordering_cost": 12.248660571873188,
        "avg_inventory": 17.204288171397316,
        "avg_backlog": 56.468566019005245,
        "service_level": 44.225288294925434
      },
      "Retailer_16": {
        "avg_reward": -166.30416472209617,
        "avg_cost": 166.30416472209617,
        "avg_holding_cost": 81.51197525858879,
        "avg_backlog_cost": 61910.046489715576,
        "avg_ordering_cost": 11.911251563578844,
        "avg_inventory": 7.233082114325629,
        "avg_backlog": 111.63138341373867,
        "service_level": 20.81255474575675
      }
    }
  },
  "episode_data": [
    {
      "total_reward": -2048.0358196600864,
      "total_cost": 2048.0358196600864,
      "agent_rewards": [
        -70.43990695587127,
        -71.71134991431609,
        -162.37376510957256,
        -159.32714180997573,
        -76.92496057896642,
        -116.43619166989811,
        -97.88508349296171,
        -109.93515795748681,
        -134.8717981763184,
        -93.0848953522509,
        -166.95745838154107,
        -151.86027213558555,
        -131.3907327449415,
        -102.0810068793362,
        -140.90009194985032,
        -95.55184182911762,
        -166.30416472209617
      ],