{
  "metadata": {
    "model_dir": "results/12Apr_gnn_colab/run_seed_1/models",
    "algorithm": "GNN-HAPPO",
    "num_episodes": 1,
    "episode_length": 90,
    "gnn_type": "GAT",
    "gnn_hidden_dim": 128,
    "gnn_num_layers": 2,
    "single_agent_obs_dim": 28,
    "evaluation_date": "2026-04-12 12:40:27"
  },
  "statistics": {
    "num_episodes": 1,
    "episode_length": 90,
    "total_reward": {
      "mean": -86.00192083001821,
      "std": 0.0,
      "min": -86.00192083001821,
      "max": -86.00192083001821
    },
    "total_cost": {
      "mean": 86.00192083001821,
      "std": 0.0,
      "min": 86.00192083001821,
      "max": 86.00192083001821
    },
    "per_agent": {
      "DC_0": {
        "avg_reward": -12.664025751990266,
        "avg_cost": 12.664025751990266,
        "avg_holding_cost": 7561.461211204529,
        "avg_backlog_cost": 0.0,
        "avg_ordering_cost": 2621.8529090881348,
        "avg_inventory": 840.1623446994357,
        "avg_backlog": 0.0,
        "service_level": 100.0
      },
      "DC_1": {
        "avg_reward": -12.64996839966625,
        "avg_cost": 12.64996839966625,
        "avg_holding_cost": 7649.830107688904,
        "avg_backlog_cost": 0.0,
        "avg_ordering_cost": 2753.5926418304443,
        "avg_inventory": 849.9811055501302,
        "avg_backlog": 0.0,
        "service_level": 100.0
      },
      "Retailer_2": {
        "avg_reward": -5.346959619084373,
        "avg_cost": 5.346959619084373,
        "avg_holding_cost": 3577.684476107359,
        "avg_backlog_cost": 6.584073424339294,
        "avg_ordering_cost": 327.9059540629387,
        "avg_inventory": 84.13378533257378,
        "avg_backlog": 0.0665057897567749,
        "service_level": 98.10426540284361
      },
      "Retailer_3": {
        "avg_reward": -4.534235346334754,
        "avg_cost": 4.534235346334754,
        "avg_holding_cost": 3406.511203020811,
        "avg_backlog_cost": 101.17744135856628,
        "avg_ordering_cost": 320.5179300904274,
        "avg_inventory": 70.02277827792697,
        "avg_backlog": 1.021994325849745,
        "service_level": 93.86792452830188
      },
      "Retailer_4": {
        "avg_reward": -4.519232734572142,
        "avg_cost": 4.519232734572142,
        "avg_holding_cost": 3223.749892950058,
        "avg_backlog_cost": 1025.0386970043182,
        "avg_ordering_cost": 318.8186442255974,
        "avg_inventory": 67.08527331882053,
        "avg_backlog": 10.353926012251112,
        "service_level": 83.1858407079646
      },
      "Retailer_5": {
        "avg_reward": -2.584013189385587,
        "avg_cost": 2.584013189385587,
        "avg_holding_cost": 2808.21442617476,
        "avg_backlog_cost": 471.9045622162521,
        "avg_ordering_cost": 318.81030410528183,
        "avg_inventory": 57.62365748087565,
        "avg_backlog": 4.76671263244417,
        "service_level": 80.08849557522124
      },
      "Retailer_6": {
        "avg_reward": -7.960747176839504,
        "avg_cost": 7.960747176839504,
        "avg_holding_cost": 4616.211621284485,
        "avg_backlog_cost": 0.0,
        "avg_ordering_cost": 356.49762892723083,
        "avg_inventory": 101.25753021240234,
        "avg_backlog": 0.0,
        "service_level": 100.0
      },
      "Retailer_7": {
        "avg_reward": -2.520025078927574,
        "avg_cost": 2.520025078927574,
        "avg_holding_cost": 2651.167251840234,
        "avg_backlog_cost": 467.00510025024414,
        "avg_ordering_cost": 306.034880399704,
        "avg_inventory": 54.849863857693144,
        "avg_backlog": 4.717223123709361,
        "service_level": 82.62910798122066
      },
      "Retailer_8": {
        "avg_reward": -4.266936870699283,
        "avg_cost": 4.266936870699283,
        "avg_holding_cost": 4145.482169151306,
        "avg_backlog_cost": 0.0,
        "avg_ordering_cost": 371.018991291523,
        "avg_inventory": 89.5187390645345,
        "avg_backlog": 0.0,
        "service_level": 100.0
      },
      "Retailer_9": {
        "avg_reward": -3.435175158199854,
        "avg_cost": 3.435175158199854,
        "avg_holding_cost": 3980.586763381958,
        "avg_backlog_cost": 0.0,
        "avg_ordering_cost": 299.5618734359741,
        "avg_inventory": 87.5631972418891,
        "avg_backlog": 0.0,
        "service_level": 100.0
      },
      "Retailer_10": {
        "avg_reward": -2.9316948688501725,
        "avg_cost": 2.9316948688501725,
        "avg_holding_cost": 3488.068698167801,
        "avg_backlog_cost": 54.02864131331444,
        "avg_ordering_cost": 311.1254081130028,
        "avg_inventory": 73.85125562879774,
        "avg_backlog": 0.5457438382837507,
        "service_level": 94.6341463414634
      },
      "Retailer_11": {
        "avg_reward": -3.2395426703551493,
        "avg_cost": 3.2395426703551493,
        "avg_holding_cost": 2329.0547264516354,
        "avg_backlog_cost": 1228.994124636054,
        "avg_ordering_cost": 288.62068527936935,
        "avg_inventory": 49.157533709208174,
        "avg_backlog": 12.41408188343048,
        "service_level": 79.90654205607477
      },
      "Retailer_12": {
        "avg_reward": -3.954067090409808,
        "avg_cost": 3.954067090409808,
        "avg_holding_cost": 2835.158966809511,
        "avg_backlog_cost": 1288.4169422388077,
        "avg_ordering_cost": 280.42753583192825,
        "avg_inventory": 58.29723358154297,
        "avg_backlog": 13.014312242137061,
        "service_level": 81.95121951219512
      },
      "Retailer_13": {
        "avg_reward": -5.246915985364467,
        "avg_cost": 5.246915985364467,
        "avg_holding_cost": 3892.4382147789,
        "avg_backlog_cost": 0.0,
        "avg_ordering_cost": 343.67437261343,
        "avg_inventory": 87.44041103786893,
        "avg_backlog": 0.0,
        "service_level": 100.0
      },
      "Retailer_14": {
        "avg_reward": -4.904774466529489,
        "avg_cost": 4.904774466529489,
        "avg_holding_cost": 3838.8291025161743,
        "avg_backlog_cost": 16.744144916534424,
        "avg_ordering_cost": 315.9898157119751,
        "avg_inventory": 80.30300996568468,
        "avg_backlog": 0.16913277440600924,
        "service_level": 97.95918367346938
      },
      "Retailer_15": {
        "avg_reward": -4.115385589189827,
        "avg_cost": 4.115385589189827,
        "avg_holding_cost": 3734.6102771759033,
        "avg_backlog_cost": 0.0,
        "avg_ordering_cost": 319.06063467264175,
        "avg_inventory": 80.83560011121962,
        "avg_backlog": 0.0,
        "service_level": 100.0
      },
      "Retailer_16": {
        "avg_reward": -1.1282208336197073,
        "avg_cost": 1.1282208336197073,
        "avg_holding_cost": 2210.9078447818756,
        "avg_backlog_cost": 47.7134396256879,
        "avg_ordering_cost": 324.75906735658646,
        "avg_inventory": 45.54668318430583,
        "avg_backlog": 0.4819539252254698,
        "service_level": 92.76018099547511
      }
    },
    "dc_cycle_service_level": {
      "0": 100.0,
      "1": 100.0
    },
    "system_retailer_fill_rate": 92.15438152483392
  },
  "episode_data": [
    {
      "total_reward": -86.00192083001821,
      "total_cost": 86.00192083001821,
      "agent_rewards": [
        -12.664025751990266,
        -12.64996839966625,
        -5.346959619084373,
        -4.534235346334754,
        -4.519232734572142,
        -2.584013189385587,
        -7.960747176839504,
        -2.520025078927574,
        -4.266936870699283,
        -3.435175158199854,
        -2.9316948688501725,
        -3.2395426703551493,
        -3.954067090409808,
        -5.246915985364467,
        -4.904774466529489,
        -4.115385589189827,
        -1.1282208336197073
      ],