{
  "metadata": {
    "model_dir": "results/07Apr_gnn_kaggle/run_seed_1/models",
    "algorithm": "GNN-HAPPO",
    "num_episodes": 1,
    "episode_length": 90,
    "gnn_type": "GAT",
    "gnn_hidden_dim": 128,
    "gnn_num_layers": 2,
    "single_agent_obs_dim": 28,
    "evaluation_date": "2026-04-11 14:52:41"
  },
  "statistics": {
    "num_episodes": 1,
    "episode_length": 90,
    "total_reward": {
      "mean": -144.28613727233915,
      "std": 0.0,
      "min": -144.28613727233915,
      "max": -144.28613727233915
    },
    "total_cost": {
      "mean": 144.28613727233915,
      "std": 0.0,
      "min": 144.28613727233915,
      "max": 144.28613727233915
    },
    "per_agent": {
      "DC_0": {
        "avg_reward": -53.4510812163353,
        "avg_cost": 53.4510812163353,
        "avg_holding_cost": 13057.601857185364,
        "avg_backlog_cost": 0.0,
        "avg_ordering_cost": 11679.401381492615,
        "avg_inventory": 7183.883626302083,
        "avg_backlog": 0.0,
        "service_level": 100.0
      },
      "DC_1": {
        "avg_reward": -49.31336936354637,
        "avg_cost": 49.31336936354637,
        "avg_holding_cost": 11910.409715652466,
        "avg_backlog_cost": 0.0,
        "avg_ordering_cost": 10761.692700386047,
        "avg_inventory": 6644.600162760416,
        "avg_backlog": 0.0,
        "service_level": 100.0
      },
      "Retailer_2": {
        "avg_reward": -6.620074598584324,
        "avg_cost": 6.620074598584324,
        "avg_holding_cost": 4002.447581768036,
        "avg_backlog_cost": 0.0,
        "avg_ordering_cost": 338.15927439928055,
        "avg_inventory": 90.92828420003255,
        "avg_backlog": 0.0,
        "service_level": 100.0
      },
      "Retailer_3": {
        "avg_reward": -1.9549792621983215,
        "avg_cost": 1.9549792621983215,
        "avg_holding_cost": 2705.7714125216007,
        "avg_backlog_cost": 5.472439736127853,
        "avg_ordering_cost": 308.030542075634,
        "avg_inventory": 56.773080317179364,
        "avg_backlog": 0.05527716742621528,
        "service_level": 97.54901960784314
      },
      "Retailer_4": {
        "avg_reward": -3.0376991578377783,
        "avg_cost": 3.0376991578377783,
        "avg_holding_cost": 2400.816048324108,
        "avg_backlog_cost": 479.81277027726173,
        "avg_ordering_cost": 270.29487550258636,
        "avg_inventory": 51.1937229792277,
        "avg_backlog": 4.846593546205097,
        "service_level": 79.20792079207921
      },
      "Retailer_5": {
        "avg_reward": -1.8154925712879049,
        "avg_cost": 1.8154925712879049,
        "avg_holding_cost": 2853.95087569952,
        "avg_backlog_cost": 0.0,
        "avg_ordering_cost": 328.9139537215233,
        "avg_inventory": 61.58437101576063,
        "avg_backlog": 0.0,
        "service_level": 100.0
      },
      "Retailer_6": {
        "avg_reward": -2.586318530375138,
        "avg_cost": 2.586318530375138,
        "avg_holding_cost": 1333.3948884010315,
        "avg_backlog_cost": 522.0418963432312,
        "avg_ordering_cost": 227.81039035320282,
        "avg_inventory": 28.09405215581258,
        "avg_backlog": 5.273150300979614,
        "service_level": 81.81818181818183
      },
      "Retailer_7": {
        "avg_reward": -2.88912999726017,
        "avg_cost": 2.88912999726017,
        "avg_holding_cost": 1116.1232701726258,
        "avg_backlog_cost": 624.34044895228,
        "avg_ordering_cost": 249.56194353103638,
        "avg_inventory": 23.05038069089254,
        "avg_backlog": 6.306469016604954,
        "service_level": 66.15384615384615
      },
      "Retailer_8": {
        "avg_reward": -1.4007883710437454,
        "avg_cost": 1.4007883710437454,
        "avg_holding_cost": 1654.1481128633022,
        "avg_backlog_cost": 12.863190829753876,
        "avg_ordering_cost": 287.7161609530449,
        "avg_inventory": 34.889734204610185,
        "avg_backlog": 0.12993121809429592,
        "service_level": 96.53465346534654
      },
      "Retailer_9": {
        "avg_reward": -1.9850692604668438,
        "avg_cost": 1.9850692604668438,
        "avg_holding_cost": 3145.9909207820892,
        "avg_backlog_cost": 0.0,
        "avg_ordering_cost": 310.90010237693787,
        "avg_inventory": 68.92735002305773,
        "avg_backlog": 0.0,
        "service_level": 100.0
      },
      "Retailer_10": {
        "avg_reward": -5.912531574256718,
        "avg_cost": 5.912531574256718,
        "avg_holding_cost": 2621.1442847549915,
        "avg_backlog_cost": 1025.50931109488,
        "avg_ordering_cost": 297.497627556324,
        "avg_inventory": 52.482728746202255,
        "avg_backlog": 10.358679718441433,
        "service_level": 72.72727272727273
      },
      "Retailer_11": {
        "avg_reward": -2.4092978108819807,
        "avg_cost": 2.4092978108819807,
        "avg_holding_cost": 2092.1905502974987,
        "avg_backlog_cost": 528.7176982760429,
        "avg_ordering_cost": 278.74628180265427,
        "avg_inventory": 45.73647289276123,
        "avg_backlog": 5.340582689974043,
        "service_level": 87.55760368663594
      },
      "Retailer_12": {
        "avg_reward": -1.8650200502597727,
        "avg_cost": 1.8650200502597727,
        "avg_holding_cost": 2653.3068239688873,
        "avg_backlog_cost": 0.0,
        "avg_ordering_cost": 282.8962829709053,
        "avg_inventory": 60.99945225185818,
        "avg_backlog": 0.0,
        "service_level": 100.0
      },
      "Retailer_13": {
        "avg_reward": -2.9124217865464743,
        "avg_cost": 2.9124217865464743,
        "avg_holding_cost": 1015.8708132579923,
        "avg_backlog_cost": 731.7266479879618,
        "avg_ordering_cost": 287.81967091560364,
        "avg_inventory": 20.775434119171567,
        "avg_backlog": 7.39117810593711,
        "service_level": 54.066985645933016
      },
      "Retailer_14": {
        "avg_reward": -2.295733497128822,
        "avg_cost": 2.295733497128822,
        "avg_holding_cost": 3357.3756680488586,
        "avg_backlog_cost": 0.0,
        "avg_ordering_cost": 337.297201693058,
        "avg_inventory": 73.82069795396593,
        "avg_backlog": 0.0,
        "service_level": 100.0
      },
      "Retailer_15": {
        "avg_reward": -1.8468764104445654,
        "avg_cost": 1.8468764104445654,
        "avg_holding_cost": 2481.7210433483124,
        "avg_backlog_cost": 8.809274956583977,
        "avg_ordering_cost": 279.53274834156036,
        "avg_inventory": 53.12185516357422,
        "avg_backlog": 0.08898257282045152,
        "service_level": 97.51243781094527
      },
      "Retailer_16": {
        "avg_reward": -1.9902538138849195,
        "avg_cost": 1.9902538138849195,
        "avg_holding_cost": 2163.0202318429947,
        "avg_backlog_cost": 120.03498607873917,
        "avg_ordering_cost": 299.003781080246,
        "avg_inventory": 45.5514397515191,
        "avg_backlog": 1.2124745772944556,
        "service_level": 89.2156862745098
      }
    },
    "dc_cycle_service_level": {
      "0": 100.0,
      "1": 100.0
    },
    "system_retailer_fill_rate": 88.42071405596656
  },
  "episode_data": [
    {
      "total_reward": -144.28613727233915,
      "total_cost": 144.28613727233915,
      "agent_rewards": [
        -53.4510812163353,
        -49.31336936354637,
        -6.620074598584324,
        -1.9549792621983215,
        -3.0376991578377783,
        -1.8154925712879049,
        -2.586318530375138,
        -2.88912999726017,
        -1.4007883710437454,
        -1.9850692604668438,
        -5.912531574256718,
        -2.4092978108819807,
        -1.8650200502597727,
        -2.9124217865464743,
        -2.295733497128822,
        -1.8468764104445654,
        -1.9902538138849195
      ],