{
  "metadata": {
    "model_dir": "results/03Apr_gnn1/run_seed_1/models",
    "algorithm": "GNN-HAPPO",
    "num_episodes": 1,
    "episode_length": 90,
    "gnn_type": "GAT",
    "gnn_hidden_dim": 128,
    "gnn_num_layers": 2,
    "single_agent_obs_dim": 28,
    "evaluation_date": "2026-04-07 22:19:12"
  },
  "statistics": {
    "num_episodes": 1,
    "episode_length": 90,
    "total_reward": {
      "mean": -423.21796437352896,
      "std": 0.0,
      "min": -423.21796437352896,
      "max": -423.21796437352896
    },
    "total_cost": {
      "mean": 423.21796437352896,
      "std": 0.0,
      "min": 423.21796437352896,
      "max": 423.21796437352896
    },
    "per_agent": {
      "DC_0": {
        "avg_reward": -116.32808554172516,
        "avg_cost": 116.32808554172516,
        "avg_holding_cost": 15927.917699813843,
        "avg_backlog_cost": 0.0,
        "avg_ordering_cost": 12139.724287986755,
        "avg_inventory": 8746.9533203125,
        "avg_backlog": 0.0,
        "service_level": 100.0
      },
      "DC_1": {
        "avg_reward": -113.75106555223465,
        "avg_cost": 113.75106555223465,
        "avg_holding_cost": 15445.953910827637,
        "avg_backlog_cost": 0.0,
        "avg_ordering_cost": 12070.163061141968,
        "avg_inventory": 8511.689756944445,
        "avg_backlog": 0.0,
        "service_level": 100.0
      },
      "Retailer_2": {
        "avg_reward": -10.610014334321022,
        "avg_cost": 10.610014334321022,
        "avg_holding_cost": 2901.38177472353,
        "avg_backlog_cost": 1.489245891571045,
        "avg_ordering_cost": 294.5570532679558,
        "avg_inventory": 64.37339074876573,
        "avg_backlog": 0.015042887793646919,
        "service_level": 99.53271028037383
      },
      "Retailer_3": {
        "avg_reward": -9.706179697066545,
        "avg_cost": 9.706179697066545,
        "avg_holding_cost": 1923.559855684638,
        "avg_backlog_cost": 251.19098807871342,
        "avg_ordering_cost": 270.1738611459732,
        "avg_inventory": 39.45536579555935,
        "avg_backlog": 2.537282645702362,
        "service_level": 80.3921568627451
      },
      "Retailer_4": {
        "avg_reward": -10.34753281623125,
        "avg_cost": 10.34753281623125,
        "avg_holding_cost": 2652.709993496537,
        "avg_backlog_cost": 72.70770090818405,
        "avg_ordering_cost": 262.0313830971718,
        "avg_inventory": 57.230361959669324,
        "avg_backlog": 0.7344212177726958,
        "service_level": 94.55445544554455
      },
      "Retailer_5": {
        "avg_reward": -10.443419843912125,
        "avg_cost": 10.443419843912125,
        "avg_holding_cost": 2965.0868687033653,
        "avg_backlog_cost": 0.8069273605942726,
        "avg_ordering_cost": 330.7906596660614,
        "avg_inventory": 63.077762095133465,
        "avg_backlog": 0.008150781525505914,
        "service_level": 99.10313901345292
      },
      "Retailer_6": {
        "avg_reward": -15.915301285684109,
        "avg_cost": 15.915301285684109,
        "avg_holding_cost": 3587.6582872867584,
        "avg_backlog_cost": 0.0,
        "avg_ordering_cost": 321.11819034814835,
        "avg_inventory": 82.66086841159397,
        "avg_backlog": 0.0,
        "service_level": 100.0
      },
      "Retailer_7": {
        "avg_reward": -11.546095333993435,
        "avg_cost": 11.546095333993435,
        "avg_holding_cost": 2221.286031294614,
        "avg_backlog_cost": 599.5750701576471,
        "avg_ordering_cost": 256.8155910372734,
        "avg_inventory": 45.8152887556288,
        "avg_backlog": 6.056313747829861,
        "service_level": 80.51282051282051
      },
      "Retailer_8": {
        "avg_reward": -10.51499804109335,
        "avg_cost": 10.51499804109335,
        "avg_holding_cost": 3017.0730905532837,
        "avg_backlog_cost": 0.0,
        "avg_ordering_cost": 313.4736253619194,
        "avg_inventory": 66.76567963494195,
        "avg_backlog": 0.0,
        "service_level": 100.0
      },
      "Retailer_9": {
        "avg_reward": -10.451508477330208,
        "avg_cost": 10.451508477330208,
        "avg_holding_cost": 3043.474304676056,
        "avg_backlog_cost": 0.0,
        "avg_ordering_cost": 310.27133136987686,
        "avg_inventory": 66.01697633531359,
        "avg_backlog": 0.0,
        "service_level": 100.0
      },
      "Retailer_10": {
        "avg_reward": -18.650080144405365,
        "avg_cost": 18.650080144405365,
        "avg_holding_cost": 3618.554423302412,
        "avg_backlog_cost": 438.90062749385834,
        "avg_ordering_cost": 315.2393245100975,
        "avg_inventory": 73.47193120320638,
        "avg_backlog": 4.43333956334326,
        "service_level": 88.38383838383838
      },
      "Retailer_11": {
        "avg_reward": -17.75178588926792,
        "avg_cost": 17.75178588926792,
        "avg_holding_cost": 2505.036968946457,
        "avg_backlog_cost": 2191.216938793659,
        "avg_ordering_cost": 269.8418538570404,
        "avg_inventory": 51.12355202568902,
        "avg_backlog": 22.13350398408042,
        "service_level": 79.26267281105991
      },
      "Retailer_12": {
        "avg_reward": -9.033897887915373,
        "avg_cost": 9.033897887915373,
        "avg_holding_cost": 2035.6353064775467,
        "avg_backlog_cost": 136.2601177096367,
        "avg_ordering_cost": 252.80220901966095,
        "avg_inventory": 45.102084223429365,
        "avg_backlog": 1.3763647933801015,
        "service_level": 89.95433789954338
      },
      "Retailer_13": {
        "avg_reward": -13.802412569522858,
        "avg_cost": 13.802412569522858,
        "avg_holding_cost": 3192.797631509602,
        "avg_backlog_cost": 345.39614103734493,
        "avg_ordering_cost": 333.7279944419861,
        "avg_inventory": 67.83634156121148,
        "avg_backlog": 3.4888498346010843,
        "service_level": 88.03827751196172
      },
      "Retailer_14": {
        "avg_reward": -15.388348817825317,
        "avg_cost": 15.388348817825317,
        "avg_holding_cost": 2669.9964611828327,
        "avg_backlog_cost": 1321.236013174057,
        "avg_ordering_cost": 291.50898522138596,
        "avg_inventory": 55.46691190931532,
        "avg_backlog": 13.34581793811586,
        "service_level": 77.27272727272727
      },
      "Retailer_15": {
        "avg_reward": -15.194567151367664,
        "avg_cost": 15.194567151367664,
        "avg_holding_cost": 4171.023001194,
        "avg_backlog_cost": 0.0,
        "avg_ordering_cost": 314.0955274105072,
        "avg_inventory": 90.9445576985677,
        "avg_backlog": 0.0,
        "service_level": 100.0
      },
      "Retailer_16": {
        "avg_reward": -13.782670989632607,
        "avg_cost": 13.782670989632607,
        "avg_holding_cost": 3692.5916423797607,
        "avg_backlog_cost": 0.0,
        "avg_ordering_cost": 331.29914969205856,
        "avg_inventory": 79.746741994222,
        "avg_backlog": 0.0,
        "service_level": 100.0
      }
    },
    "dc_cycle_service_level": {
      "0": 100.0,
      "1": 100.0
    },
    "system_retailer_fill_rate": 91.73367642328724
  },
  "episode_data": [
    {
      "total_reward": -423.21796437352896,
      "total_cost": 423.21796437352896,
      "agent_rewards": [
        -116.32808554172516,
        -113.75106555223465,
        -10.610014334321022,
        -9.706179697066545,
        -10.34753281623125,
        -10.443419843912125,
        -15.915301285684109,
        -11.546095333993435,
        -10.51499804109335,
        -10.451508477330208,
        -18.650080144405365,
        -17.75178588926792,
        -9.033897887915373,
        -13.802412569522858,
        -15.388348817825317,
        -15.194567151367664,
        -13.782670989632607
      ],