{
  "metadata": {
    "model_dir": "results/14Apr_gnn_kaggle_vari/run_seed_1/models",
    "algorithm": "GNN-HAPPO",
    "num_episodes": 1,
    "episode_length": 90,
    "gnn_type": "GAT",
    "gnn_hidden_dim": 128,
    "gnn_num_layers": 2,
    "single_agent_obs_dim": 28,
    "evaluation_date": "2026-04-18 11:08:59"
  },
  "statistics": {
    "num_episodes": 1,
    "episode_length": 90,
    "total_reward": {
      "mean": -68.29621875273551,
      "std": 0.0,
      "min": -68.29621875273551,
      "max": -68.29621875273551
    },
    "total_cost": {
      "mean": 68.29621875273551,
      "std": 0.0,
      "min": 68.29621875273551,
      "max": 68.29621875273551
    },
    "per_agent": {
      "DC_0": {
        "avg_reward": -12.838546031154692,
        "avg_cost": 12.838546031154692,
        "avg_holding_cost": 6305.900013409555,
        "avg_backlog_cost": 626.9645151489163,
        "avg_ordering_cost": 2118.955711364746,
        "avg_inventory": 700.65554945204,
        "avg_backlog": 2.322090796847838,
        "service_level": 92.39940387481371
      },
      "DC_1": {
        "avg_reward": -12.765417650341988,
        "avg_cost": 12.765417650341988,
        "avg_holding_cost": 6298.56838208437,
        "avg_backlog_cost": 375.21595488425726,
        "avg_ordering_cost": 2836.727596282959,
        "avg_inventory": 699.8409189860026,
        "avg_backlog": 1.3896887217935452,
        "service_level": 90.18366054464852
      },
      "Retailer_2": {
        "avg_reward": -1.0480895538057666,
        "avg_cost": 1.0480895538057666,
        "avg_holding_cost": 3006.6234246492386,
        "avg_backlog_cost": 0.0,
        "avg_ordering_cost": 337.996109187603,
        "avg_inventory": 66.72991006639269,
        "avg_backlog": 0.0,
        "service_level": 100.0
      },
      "Retailer_3": {
        "avg_reward": -3.612767764396267,
        "avg_cost": 3.612767764396267,
        "avg_holding_cost": 1560.4493521153927,
        "avg_backlog_cost": 819.9034994989634,
        "avg_ordering_cost": 268.8538866043091,
        "avg_inventory": 33.64787235789829,
        "avg_backlog": 7.00772245923678,
        "service_level": 78.03738317757009
      },
      "Retailer_4": {
        "avg_reward": -7.7427626439784945,
        "avg_cost": 7.7427626439784945,
        "avg_holding_cost": 1983.7589342594147,
        "avg_backlog_cost": 1883.5710622668266,
        "avg_ordering_cost": 237.45864391326904,
        "avg_inventory": 41.46197284989887,
        "avg_backlog": 16.098898511462743,
        "service_level": 70.58823529411765
      },
      "Retailer_5": {
        "avg_reward": -4.927347162738442,
        "avg_cost": 4.927347162738442,
        "avg_holding_cost": 5464.92961025238,
        "avg_backlog_cost": 0.0,
        "avg_ordering_cost": 393.2329378128052,
        "avg_inventory": 118.88218621148003,
        "avg_backlog": 0.0,
        "service_level": 100.0
      },
      "Retailer_6": {
        "avg_reward": -1.058890076525131,
        "avg_cost": 1.058890076525131,
        "avg_holding_cost": 2964.56092441082,
        "avg_backlog_cost": 0.0,
        "avg_ordering_cost": 323.1598345041275,
        "avg_inventory": 63.047324413723416,
        "avg_backlog": 0.0,
        "service_level": 100.0
      },
      "Retailer_7": {
        "avg_reward": -1.5201506546054588,
        "avg_cost": 1.5201506546054588,
        "avg_holding_cost": 3574.1859316825867,
        "avg_backlog_cost": 0.0,
        "avg_ordering_cost": 332.36917835474014,
        "avg_inventory": 77.21718321906195,
        "avg_backlog": 0.0,
        "service_level": 100.0
      },
      "Retailer_8": {
        "avg_reward": -1.9812773239973467,
        "avg_cost": 1.9812773239973467,
        "avg_holding_cost": 2960.3305457383394,
        "avg_backlog_cost": 225.38772475719452,
        "avg_ordering_cost": 344.1293889284134,
        "avg_inventory": 62.301521174112956,
        "avg_backlog": 1.9263908631271787,
        "service_level": 88.88888888888889
      },
      "Retailer_9": {
        "avg_reward": -3.4385376954451203,
        "avg_cost": 3.4385376954451203,
        "avg_holding_cost": 4580.006600856781,
        "avg_backlog_cost": 0.0,
        "avg_ordering_cost": 372.2704402208328,
        "avg_inventory": 104.46789610120985,
        "avg_backlog": 0.0,
        "service_level": 100.0
      },
      "Retailer_10": {
        "avg_reward": -2.9817189413588494,
        "avg_cost": 2.9817189413588494,
        "avg_holding_cost": 4487.142776012421,
        "avg_backlog_cost": 0.0,
        "avg_ordering_cost": 341.0025238394737,
        "avg_inventory": 97.70944417317709,
        "avg_backlog": 0.0,
        "service_level": 100.0
      },
      "Retailer_11": {
        "avg_reward": -1.046122559113428,
        "avg_cost": 1.046122559113428,
        "avg_holding_cost": 2420.2231357097626,
        "avg_backlog_cost": 60.501628160476685,
        "avg_ordering_cost": 303.58396714925766,
        "avg_inventory": 54.645519171820744,
        "avg_backlog": 0.5171079688602024,
        "service_level": 93.33333333333333
      },
      "Retailer_12": {
        "avg_reward": -2.0004525389522314,
        "avg_cost": 2.0004525389522314,
        "avg_holding_cost": 3872.8295488357544,
        "avg_backlog_cost": 0.0,
        "avg_ordering_cost": 343.6206399202347,
        "avg_inventory": 84.59410603841145,
        "avg_backlog": 0.0,
        "service_level": 100.0
      },
      "Retailer_13": {
        "avg_reward": -2.130581904348219,
        "avg_cost": 2.130581904348219,
        "avg_holding_cost": 3495.221094071865,
        "avg_backlog_cost": 0.0,
        "avg_ordering_cost": 350.3649791479111,
        "avg_inventory": 78.65871658325196,
        "avg_backlog": 0.0,
        "service_level": 100.0
      },
      "Retailer_14": {
        "avg_reward": -1.1395613926870283,
        "avg_cost": 1.1395613926870283,
        "avg_holding_cost": 2874.785324037075,
        "avg_backlog_cost": 6.915727615356445,
        "avg_ordering_cost": 311.0525956749916,
        "avg_inventory": 65.23391617669,
        "avg_backlog": 0.059108784463670516,
        "service_level": 98.0392156862745
      },
      "Retailer_15": {
        "avg_reward": -3.6201681747916155,
        "avg_cost": 3.6201681747916155,
        "avg_holding_cost": 1592.6641629636288,
        "avg_backlog_cost": 839.0739392340183,
        "avg_ordering_cost": 265.6358636021614,
        "avg_inventory": 34.62814981672499,
        "avg_backlog": 7.171572429604001,
        "service_level": 80.0
      },
      "Retailer_16": {
        "avg_reward": -4.443826684495434,
        "avg_cost": 4.443826684495434,
        "avg_holding_cost": 5361.4639048576355,
        "avg_backlog_cost": 0.0,
        "avg_ordering_cost": 413.1686942577362,
        "avg_inventory": 119.62065166897244,
        "avg_backlog": 0.0,
        "service_level": 100.0
      }
    },
    "dc_cycle_service_level": {
      "0": 92.39940387481371,
      "1": 90.18366054464852
    },
    "system_retailer_fill_rate": 93.75812743823147
  },
  "episode_data": [
    {
      "total_reward": -68.29621875273551,
      "total_cost": 68.29621875273551,
      "agent_rewards": [
        -12.838546031154692,
        -12.765417650341988,
        -1.0480895538057666,
        -3.612767764396267,
        -7.7427626439784945,
        -4.927347162738442,
        -1.058890076525131,
        -1.5201506546054588,
        -1.9812773239973467,
        -3.4385376954451203,
        -2.9817189413588494,
        -1.046122559113428,
        -2.0004525389522314,
        -2.130581904348219,
        -1.1395613926870283,
        -3.6201681747916155,
        -4.443826684495434
      ],