{
  "metadata": {
    "model_dir": "results/15Mar_gnn2_colab/run_seed_1/models",
    "algorithm": "GNN-HAPPO",
    "num_episodes": 1,
    "episode_length": 90,
    "gnn_type": "GAT",
    "gnn_hidden_dim": 128,
    "gnn_num_layers": 2,
    "single_agent_obs_dim": 28,
    "evaluation_date": "2026-03-15 13:34:06"
  },
  "statistics": {
    "num_episodes": 1,
    "episode_length": 90,
    "total_reward": {
      "mean": -27477.43908503343,
      "std": 0.0,
      "min": -27477.43908503343,
      "max": -27477.43908503343
    },
    "total_cost": {
      "mean": 27477.43908503343,
      "std": 0.0,
      "min": 27477.43908503343,
      "max": 27477.43908503343
    },
    "per_agent": {
      "DC_0": {
        "avg_reward": -10435.244188308716,
        "avg_cost": 10435.244188308716,
        "avg_holding_cost": 523.5999872684479,
        "avg_backlog_cost": 4619005.855098393,
        "avg_ordering_cost": 89.40109771490097,
        "avg_inventory": 102.66666666666667,
        "avg_backlog": 0.0,
        "service_level": 7.777777777777778
      },
      "DC_1": {
        "avg_reward": -12129.524335741997,
        "avg_cost": 12129.524335741997,
        "avg_holding_cost": 369.5999940633774,
        "avg_backlog_cost": 5392158.585888613,
        "avg_ordering_cost": 113.15110260248184,
        "avg_inventory": 88.0,
        "avg_backlog": 0.0,
        "service_level": 6.666666666666667
      },
      "Retailer_2": {
        "avg_reward": -328.05149565357715,
        "avg_cost": 328.05149565357715,
        "avg_holding_cost": 3467.277249097824,
        "avg_backlog_cost": 0.0,
        "avg_ordering_cost": 301.4999860525131,
        "avg_inventory": 308.8482081095378,
        "avg_backlog": 0.0,
        "service_level": 100.0
      },
      "Retailer_3": {
        "avg_reward": -327.98980070615653,
        "avg_cost": 327.98980070615653,
        "avg_holding_cost": 3421.646614909172,
        "avg_backlog_cost": 20.024953842163086,
        "avg_ordering_cost": 355.49997210502625,
        "avg_inventory": 306.4645421769884,
        "avg_backlog": 0.03708324697282579,
        "service_level": 99.0521327014218
      },
      "Retailer_4": {
        "avg_reward": -328.0711956140585,
        "avg_cost": 328.0711956140585,
        "avg_holding_cost": 3459.3677475452423,
        "avg_backlog_cost": 0.0,
        "avg_ordering_cost": 301.4999860525131,
        "avg_inventory": 310.05917307535805,
        "avg_backlog": 0.0,
        "service_level": 100.0
      },
      "Retailer_5": {
        "avg_reward": -328.43104105466045,
        "avg_cost": 328.43104105466045,
        "avg_holding_cost": 3340.507772088051,
        "avg_backlog_cost": 269.4239830970764,
        "avg_ordering_cost": 301.4999860525131,
        "avg_inventory": 300.2191433376736,
        "avg_backlog": 0.4989332914352417,
        "service_level": 97.23502304147466
      },
      "Retailer_6": {
        "avg_reward": -328.31995230261236,
        "avg_cost": 328.31995230261236,
        "avg_holding_cost": 3468.952327609062,
        "avg_backlog_cost": 0.0,
        "avg_ordering_cost": 355.49997210502625,
        "avg_inventory": 312.15529725816515,
        "avg_backlog": 0.0,
        "service_level": 100.0
      },
      "Retailer_7": {
        "avg_reward": -327.27876152377576,
        "avg_cost": 327.27876152377576,
        "avg_holding_cost": 3266.6954429149628,
        "avg_backlog_cost": 0.0,
        "avg_ordering_cost": 301.4999860525131,
        "avg_inventory": 292.84499723646377,
        "avg_backlog": 0.0,
        "service_level": 100.0
      },
      "Retailer_8": {
        "avg_reward": -327.78922368073836,
        "avg_cost": 327.78922368073836,
        "avg_holding_cost": 3369.382635012269,
        "avg_backlog_cost": 0.0,
        "avg_ordering_cost": 301.4999860525131,
        "avg_inventory": 299.5537503560384,
        "avg_backlog": 0.0,
        "service_level": 100.0
      },
      "Retailer_9": {
        "avg_reward": -327.72973083984107,
        "avg_cost": 327.72973083984107,
        "avg_holding_cost": 2971.9759571403265,
        "avg_backlog_cost": 213.02216172218323,
        "avg_ordering_cost": 301.4999860525131,
        "avg_inventory": 266.5156259748671,
        "avg_backlog": 0.39448548290464613,
        "service_level": 97.0873786407767
      },
      "Retailer_10": {
        "avg_reward": -328.1984470486641,
        "avg_cost": 328.1984470486641,
        "avg_holding_cost": 2789.1650320217013,
        "avg_backlog_cost": 488.7743110656738,
        "avg_ordering_cost": 355.49997210502625,
        "avg_inventory": 249.93602862887911,
        "avg_backlog": 0.9051376236809625,
        "service_level": 96.69811320754717
      },
      "Retailer_11": {
        "avg_reward": -326.48471835209057,
        "avg_cost": 326.48471835209057,
        "avg_holding_cost": 2670.885929748416,
        "avg_backlog_cost": 65.17205047607422,
        "avg_ordering_cost": 355.49997210502625,
        "avg_inventory": 236.76180398729113,
        "avg_backlog": 0.12068898412916396,
        "service_level": 99.0521327014218
      },
      "Retailer_12": {
        "avg_reward": -326.68921954912366,
        "avg_cost": 326.68921954912366,
        "avg_holding_cost": 2722.8008753955364,
        "avg_backlog_cost": 75.53960800170898,
        "avg_ordering_cost": 301.4999860525131,
        "avg_inventory": 246.35895919799805,
        "avg_backlog": 0.1398881647321913,
        "service_level": 98.00995024875621
      },
      "Retailer_13": {
        "avg_reward": -327.09211248066276,
        "avg_cost": 327.09211248066276,
        "avg_holding_cost": 2758.6809698082507,
        "avg_backlog_cost": 148.78371143341064,
        "avg_ordering_cost": 355.49997210502625,
        "avg_inventory": 245.3594856262207,
        "avg_backlog": 0.27552539110183716,
        "service_level": 98.09523809523809
      },
      "Retailer_14": {
        "avg_reward": -326.8912776755169,
        "avg_cost": 326.8912776755169,
        "avg_holding_cost": 2894.1429909467697,
        "avg_backlog_cost": 0.0,
        "avg_ordering_cost": 355.49997210502625,
        "avg_inventory": 260.5984403822157,
        "avg_backlog": 0.0,
        "service_level": 100.0
      },
      "Retailer_15": {
        "avg_reward": -326.51045159669593,
        "avg_cost": 326.51045159669593,
        "avg_holding_cost": 2752.413666009903,
        "avg_backlog_cost": 0.0,
        "avg_ordering_cost": 301.4999860525131,
        "avg_inventory": 251.77652185228135,
        "avg_backlog": 0.0,
        "service_level": 100.0
      },
      "Retailer_16": {
        "avg_reward": -327.1431329045445,
        "avg_cost": 327.1431329045445,
        "avg_holding_cost": 2944.897785961628,
        "avg_backlog_cost": 0.0,
        "avg_ordering_cost": 355.49997210502625,
        "avg_inventory": 266.835297648112,
        "avg_backlog": 0.0,
        "service_level": 100.0
      }
    },
    "dc_cycle_service_level": {
      "0": 7.777777777777778,
      "1": 6.666666666666667
    },
    "system_retailer_fill_rate": 99.00958466453675
  },
  "episode_data": [
    {
      "total_reward": -27477.43908503343,
      "total_cost": 27477.43908503343,
      "agent_rewards": [
        -10435.244188308716,
        -12129.524335741997,
        -328.05149565357715,
        -327.98980070615653,
        -328.0711956140585,
        -328.43104105466045,
        -328.31995230261236,
        -327.27876152377576,
        -327.78922368073836,
        -327.72973083984107,
        -328.1984470486641,
        -326.48471835209057,
        -326.68921954912366,
        -327.09211248066276,
        -326.8912776755169,
        -326.51045159669593,
        -327.1431329045445
      ],