episode,total_reward,total_cost,DC0_reward,DC0_cost,DC0_avg_inv,DC0_avg_bl,DC0_svc_lvl,DC1_reward,DC1_cost,DC1_avg_inv,DC1_avg_bl,DC1_svc_lvl,R2_reward,R2_cost,R2_avg_inv,R2_avg_bl,R2_svc_lvl,R3_reward,R3_cost,R3_avg_inv,R3_avg_bl,R3_svc_lvl,R4_reward,R4_cost,R4_avg_inv,R4_avg_bl,R4_svc_lvl,R5_reward,R5_cost,R5_avg_inv,R5_avg_bl,R5_svc_lvl,R6_reward,R6_cost,R6_avg_inv,R6_avg_bl,R6_svc_lvl,R7_reward,R7_cost,R7_avg_inv,R7_avg_bl,R7_svc_lvl,R8_reward,R8_cost,R8_avg_inv,R8_avg_bl,R8_svc_lvl,R9_reward,R9_cost,R9_avg_inv,R9_avg_bl,R9_svc_lvl,R10_reward,R10_cost,R10_avg_inv,R10_avg_bl,R10_svc_lvl,R11_reward,R11_cost,R11_avg_inv,R11_avg_bl,R11_svc_lvl,R12_reward,R12_cost,R12_avg_inv,R12_avg_bl,R12_svc_lvl,R13_reward,R13_cost,R13_avg_inv,R13_avg_bl,R13_svc_lvl,R14_reward,R14_cost,R14_avg_inv,R14_avg_bl,R14_svc_lvl,R15_reward,R15_cost,R15_avg_inv,R15_avg_bl,R15_svc_lvl,R16_reward,R16_cost,R16_avg_inv,R16_avg_bl,R16_svc_lvl
1,-661.837939158082,661.837939158082,-117.92254114151001,117.92254114151001,8903.360622829861,0.0,100.0,-116.66323012113571,116.66323012113571,8768.8005859375,0.0,100.0,-32.57598492503166,32.57598492503166,57.54540189107259,23.68385946750641,76.66666666666667,-22.409520030021667,22.409520030021667,35.55772474341922,12.535172148545582,76.92307692307693,-32.657216757535934,32.657216757535934,61.0740589565701,15.58140967686971,75.93582887700535,-29.728941589593887,29.728941589593887,58.06035152011447,9.182915729615424,82.71028037383178,-29.93317613005638,29.93317613005638,51.19412928687201,25.96735345390108,76.57657657657657,-26.648129761219025,26.648129761219025,46.80123199886746,14.345482824908363,76.49769585253456,-28.83688247203827,28.83688247203827,55.201666853162976,8.985384517245823,79.45945945945945,-32.35479375720024,32.35479375720024,67.86074540879991,0.5876066260867648,96.90721649484536,-26.916241630911827,26.916241630911827,53.267781766255695,2.243082888921102,87.6923076923077,-30.919945687055588,30.919945687055588,56.7796031528049,10.775493903954823,83.49514563106796,-25.66682480275631,25.66682480275631,48.16034787495931,6.137057311005062,86.47342995169082,-26.589056596159935,26.589056596159935,47.94497005674574,9.01458178891076,86.34146341463415,-34.30845546722412,34.30845546722412,65.21967506408691,9.029568748672803,83.98058252427184,-21.08478455245495,21.08478455245495,28.094306912687088,17.099761888715957,61.57635467980296,-26.62221373617649,26.62221373617649,44.959482765197755,18.40987084971534,73.42995169082126
