episode,total_reward,total_cost,DC0_reward,DC0_cost,DC0_avg_inv,DC0_avg_bl,DC0_svc_lvl,DC1_reward,DC1_cost,DC1_avg_inv,DC1_avg_bl,DC1_svc_lvl,R2_reward,R2_cost,R2_avg_inv,R2_avg_bl,R2_svc_lvl,R3_reward,R3_cost,R3_avg_inv,R3_avg_bl,R3_svc_lvl,R4_reward,R4_cost,R4_avg_inv,R4_avg_bl,R4_svc_lvl,R5_reward,R5_cost,R5_avg_inv,R5_avg_bl,R5_svc_lvl,R6_reward,R6_cost,R6_avg_inv,R6_avg_bl,R6_svc_lvl,R7_reward,R7_cost,R7_avg_inv,R7_avg_bl,R7_svc_lvl,R8_reward,R8_cost,R8_avg_inv,R8_avg_bl,R8_svc_lvl,R9_reward,R9_cost,R9_avg_inv,R9_avg_bl,R9_svc_lvl,R10_reward,R10_cost,R10_avg_inv,R10_avg_bl,R10_svc_lvl,R11_reward,R11_cost,R11_avg_inv,R11_avg_bl,R11_svc_lvl,R12_reward,R12_cost,R12_avg_inv,R12_avg_bl,R12_svc_lvl,R13_reward,R13_cost,R13_avg_inv,R13_avg_bl,R13_svc_lvl,R14_reward,R14_cost,R14_avg_inv,R14_avg_bl,R14_svc_lvl,R15_reward,R15_cost,R15_avg_inv,R15_avg_bl,R15_svc_lvl,R16_reward,R16_cost,R16_avg_inv,R16_avg_bl,R16_svc_lvl
1,-2470.7261860789295,2470.7261860789295,-31.798451812937856,31.798451812937856,265.9351896497938,0.0,100.0,-31.447900341823697,31.447900341823697,270.69602864583334,0.0,100.0,-140.4279010023456,140.4279010023456,7.750167266527812,87.00738591353098,24.747474747474747,-133.903193211474,133.903193211474,7.172864580154419,81.13469467626678,26.288659793814436,-144.54937288322253,144.54937288322253,7.791552064153883,92.01689487016863,20.0,-148.3006675024517,148.3006675024517,6.357329510317909,95.35832713445028,21.12676056338028,-172.311837377958,172.311837377958,6.276989801724752,111.75097959438959,20.930232558139537,-153.2927649070043,153.2927649070043,7.207579400804308,96.52998657359018,23.15270935960591,-175.71567108342424,175.71567108342424,5.813090484009849,114.59454736974504,19.069767441860467,-154.7678835856059,154.7678835856059,7.100053396489885,99.42293793492847,21.951219512195124,-179.84648065501824,179.84648065501824,5.266921952035692,115.97251641750336,18.095238095238095,-152.1815918921493,152.1815918921493,6.057014487849342,97.74860908985139,23.444976076555022,-186.62901996914297,186.62901996914297,4.940200106302897,124.39512714015113,15.96244131455399,-158.21928868815303,158.21928868815303,7.506344509124756,100.67804404099782,21.1340206185567,-183.01446168217808,183.01446168217808,5.246003802617391,116.0915163172616,19.090909090909093,-154.32926737517118,154.32926737517118,6.262034297651715,97.46816565328174,20.689655172413794,-169.99043210886884,169.99043210886884,5.781076653798421,108.15264560381571,17.78846153846154
