episode,total_reward,total_cost,DC0_reward,DC0_cost,DC0_avg_inv,DC0_avg_bl,DC0_svc_lvl,DC1_reward,DC1_cost,DC1_avg_inv,DC1_avg_bl,DC1_svc_lvl,R2_reward,R2_cost,R2_avg_inv,R2_avg_bl,R2_svc_lvl,R3_reward,R3_cost,R3_avg_inv,R3_avg_bl,R3_svc_lvl,R4_reward,R4_cost,R4_avg_inv,R4_avg_bl,R4_svc_lvl,R5_reward,R5_cost,R5_avg_inv,R5_avg_bl,R5_svc_lvl,R6_reward,R6_cost,R6_avg_inv,R6_avg_bl,R6_svc_lvl,R7_reward,R7_cost,R7_avg_inv,R7_avg_bl,R7_svc_lvl,R8_reward,R8_cost,R8_avg_inv,R8_avg_bl,R8_svc_lvl,R9_reward,R9_cost,R9_avg_inv,R9_avg_bl,R9_svc_lvl,R10_reward,R10_cost,R10_avg_inv,R10_avg_bl,R10_svc_lvl,R11_reward,R11_cost,R11_avg_inv,R11_avg_bl,R11_svc_lvl,R12_reward,R12_cost,R12_avg_inv,R12_avg_bl,R12_svc_lvl,R13_reward,R13_cost,R13_avg_inv,R13_avg_bl,R13_svc_lvl,R14_reward,R14_cost,R14_avg_inv,R14_avg_bl,R14_svc_lvl,R15_reward,R15_cost,R15_avg_inv,R15_avg_bl,R15_svc_lvl,R16_reward,R16_cost,R16_avg_inv,R16_avg_bl,R16_svc_lvl
1,-3326.9546332359314,3326.9546332359314,-110.91390037536621,110.91390037536621,7610.945399305556,0.0,100.0,-76.47149676084518,76.47149676084518,7152.956570095486,0.0,100.0,-199.1072140932083,199.1072140932083,530.4958549499512,0.0,100.0,-214.14265432953835,214.14265432953835,593.9085640801324,0.0,100.0,-212.98031586408615,212.98031586408615,593.3876635233561,0.0,100.0,-215.70159196853638,215.70159196853638,601.329978688558,0.0,100.0,-219.1659046113491,219.1659046113491,610.6569593641493,0.0,100.0,-221.94853347539902,221.94853347539902,622.9117345174153,0.0,100.0,-154.9335805773735,154.9335805773735,417.088698832194,0.0,100.0,-217.16628873348236,217.16628873348236,603.8290101793077,0.0,100.0,-218.45105561614037,218.45105561614037,607.8523264567058,0.0,100.0,-212.98088297247887,212.98088297247887,592.4721227010091,0.0,100.0,-207.82729396224022,207.82729396224022,575.678596496582,0.0,100.0,-211.29003602266312,211.29003602266312,585.5160259670681,0.0,100.0,-211.95246794819832,211.95246794819832,586.8720054626465,0.0,100.0,-210.85059574246407,210.85059574246407,586.2749736362033,0.0,100.0,-211.07082018256187,211.07082018256187,582.9016487969293,0.0,100.0
