episode,total_reward,total_cost,DC0_reward,DC0_cost,DC0_avg_inv,DC0_avg_bl,DC0_svc_lvl,DC1_reward,DC1_cost,DC1_avg_inv,DC1_avg_bl,DC1_svc_lvl,R2_reward,R2_cost,R2_avg_inv,R2_avg_bl,R2_svc_lvl,R3_reward,R3_cost,R3_avg_inv,R3_avg_bl,R3_svc_lvl,R4_reward,R4_cost,R4_avg_inv,R4_avg_bl,R4_svc_lvl,R5_reward,R5_cost,R5_avg_inv,R5_avg_bl,R5_svc_lvl,R6_reward,R6_cost,R6_avg_inv,R6_avg_bl,R6_svc_lvl,R7_reward,R7_cost,R7_avg_inv,R7_avg_bl,R7_svc_lvl,R8_reward,R8_cost,R8_avg_inv,R8_avg_bl,R8_svc_lvl,R9_reward,R9_cost,R9_avg_inv,R9_avg_bl,R9_svc_lvl,R10_reward,R10_cost,R10_avg_inv,R10_avg_bl,R10_svc_lvl,R11_reward,R11_cost,R11_avg_inv,R11_avg_bl,R11_svc_lvl,R12_reward,R12_cost,R12_avg_inv,R12_avg_bl,R12_svc_lvl,R13_reward,R13_cost,R13_avg_inv,R13_avg_bl,R13_svc_lvl,R14_reward,R14_cost,R14_avg_inv,R14_avg_bl,R14_svc_lvl,R15_reward,R15_cost,R15_avg_inv,R15_avg_bl,R15_svc_lvl,R16_reward,R16_cost,R16_avg_inv,R16_avg_bl,R16_svc_lvl
1,-438.68577917665243,438.68577917665243,-114.03643995523453,114.03643995523453,8732.680859375,0.0,100.0,-112.38052892684937,112.38052892684937,8614.459977213543,0.0,100.0,-12.021558374166489,12.021558374166489,74.28650559319391,0.0,100.0,-17.901985868811607,17.901985868811607,87.76545393202039,0.0055254247453477645,99.54128440366972,-22.84952010959387,22.84952010959387,74.10706626044379,2.7883992830912274,84.65346534653465,-11.515575379133224,11.515575379133224,59.07351858350966,2.0011142869790395,91.0377358490566,-21.880380302667618,21.880380302667618,101.10225880940756,0.0,100.0,-11.549089908599854,11.549089908599854,55.321636750963,3.7093900124231975,82.23350253807106,-11.158072121441364,11.158072121441364,64.02503861321344,0.0,100.0,-12.864508740603924,12.864508740603924,55.66510145399305,6.109493255615234,85.64814814814815,-9.85702669620514,9.85702669620514,38.86634959114922,4.2958971275223625,80.90452261306532,-16.017146408557892,16.017146408557892,57.5175668504503,14.47918679714203,72.72727272727273,-16.174435421824455,16.174435421824455,72.06621551513672,0.009032154083251953,99.49238578680203,-12.064800195395947,12.064800195395947,57.27622706095378,0.10534018675486247,98.05825242718447,-11.925416059792042,11.925416059792042,71.80587094624838,0.0,100.0,-12.587167732417583,12.587167732417583,60.793849309285484,1.9506284978654649,91.07981220657277,-11.902126975357533,11.902126975357533,44.20950853559706,13.919412544038561,81.95121951219512
