episode,total_reward,total_cost,DC0_reward,DC0_cost,DC0_avg_inv,DC0_avg_bl,DC0_svc_lvl,DC1_reward,DC1_cost,DC1_avg_inv,DC1_avg_bl,DC1_svc_lvl,R2_reward,R2_cost,R2_avg_inv,R2_avg_bl,R2_svc_lvl,R3_reward,R3_cost,R3_avg_inv,R3_avg_bl,R3_svc_lvl,R4_reward,R4_cost,R4_avg_inv,R4_avg_bl,R4_svc_lvl,R5_reward,R5_cost,R5_avg_inv,R5_avg_bl,R5_svc_lvl,R6_reward,R6_cost,R6_avg_inv,R6_avg_bl,R6_svc_lvl,R7_reward,R7_cost,R7_avg_inv,R7_avg_bl,R7_svc_lvl,R8_reward,R8_cost,R8_avg_inv,R8_avg_bl,R8_svc_lvl,R9_reward,R9_cost,R9_avg_inv,R9_avg_bl,R9_svc_lvl,R10_reward,R10_cost,R10_avg_inv,R10_avg_bl,R10_svc_lvl,R11_reward,R11_cost,R11_avg_inv,R11_avg_bl,R11_svc_lvl,R12_reward,R12_cost,R12_avg_inv,R12_avg_bl,R12_svc_lvl,R13_reward,R13_cost,R13_avg_inv,R13_avg_bl,R13_svc_lvl,R14_reward,R14_cost,R14_avg_inv,R14_avg_bl,R14_svc_lvl,R15_reward,R15_cost,R15_avg_inv,R15_avg_bl,R15_svc_lvl,R16_reward,R16_cost,R16_avg_inv,R16_avg_bl,R16_svc_lvl
1,-752.2919906228781,752.2919906228781,-71.82397918403149,71.82397918403149,3981.3102613661026,0.0,100.0,-66.78683787584305,66.78683787584305,3777.0486958821616,0.0,100.0,-34.08358860015869,34.08358860015869,50.90475355784098,0.0,100.0,-38.13424949347973,38.13424949347973,57.562121878729926,0.0,100.0,-34.7021783515811,34.7021783515811,51.83561295403375,0.0,100.0,-37.3214095979929,37.3214095979929,56.44488684336344,0.0,100.0,-37.77576772868633,37.77576772868633,56.81128660837809,0.0,100.0,-33.301796086132526,33.301796086132526,49.917415385776096,0.0,100.0,-37.467429503798485,37.467429503798485,56.92578940921359,0.0,100.0,-95.31006625294685,95.31006625294685,42.01390919155545,75.76318708128399,72.23587223587224,-39.36409156024456,39.36409156024456,59.64527776506212,0.0,100.0,-36.234837993979454,36.234837993979454,53.911422623528374,0.0,100.0,-34.72994090616703,34.72994090616703,52.35235076480441,0.0,100.0,-39.54092790186405,39.54092790186405,60.101956303914385,0.0,100.0,-39.547668412327766,39.547668412327766,60.238526831732855,0.0,100.0,-39.10960553586483,39.10960553586483,59.637393146091036,0.0,100.0,-37.057615637779236,37.057615637779236,55.69386094411214,0.0,100.0
