episode,total_reward,total_cost,DC0_reward,DC0_cost,DC0_avg_inv,DC0_avg_bl,DC0_svc_lvl,DC1_reward,DC1_cost,DC1_avg_inv,DC1_avg_bl,DC1_svc_lvl,R2_reward,R2_cost,R2_avg_inv,R2_avg_bl,R2_svc_lvl,R3_reward,R3_cost,R3_avg_inv,R3_avg_bl,R3_svc_lvl,R4_reward,R4_cost,R4_avg_inv,R4_avg_bl,R4_svc_lvl,R5_reward,R5_cost,R5_avg_inv,R5_avg_bl,R5_svc_lvl,R6_reward,R6_cost,R6_avg_inv,R6_avg_bl,R6_svc_lvl,R7_reward,R7_cost,R7_avg_inv,R7_avg_bl,R7_svc_lvl,R8_reward,R8_cost,R8_avg_inv,R8_avg_bl,R8_svc_lvl,R9_reward,R9_cost,R9_avg_inv,R9_avg_bl,R9_svc_lvl,R10_reward,R10_cost,R10_avg_inv,R10_avg_bl,R10_svc_lvl,R11_reward,R11_cost,R11_avg_inv,R11_avg_bl,R11_svc_lvl,R12_reward,R12_cost,R12_avg_inv,R12_avg_bl,R12_svc_lvl,R13_reward,R13_cost,R13_avg_inv,R13_avg_bl,R13_svc_lvl,R14_reward,R14_cost,R14_avg_inv,R14_avg_bl,R14_svc_lvl,R15_reward,R15_cost,R15_avg_inv,R15_avg_bl,R15_svc_lvl,R16_reward,R16_cost,R16_avg_inv,R16_avg_bl,R16_svc_lvl
1,-558.3901922404766,558.3901922404766,-118.58839803934097,118.58839803934097,8974.918712022569,0.0,100.0,-104.84335434436798,104.84335434436798,8104.75833875868,0.0,100.0,-23.85556009411812,23.85556009411812,49.42444631788466,0.9391337752342224,94.27083333333334,-21.807897627353668,21.807897627353668,41.71994800567627,3.531857909096612,84.61538461538461,-21.54489116370678,21.54489116370678,38.44374338255988,8.018320353825887,75.74257425742574,-21.986980706453323,21.986980706453323,36.833480058776004,14.10677352613873,76.19047619047619,-20.93690337985754,20.93690337985754,39.69692866007487,2.1893188860681323,78.21782178217822,-24.391554683446884,24.391554683446884,38.176006974114316,27.466744736830393,72.47706422018348,-20.405049443244934,20.405049443244934,28.3015751891666,21.7139066113366,59.80861244019139,-20.53371872007847,20.53371872007847,32.77250215609868,13.61851154035992,67.33668341708542,-19.66093748807907,19.66093748807907,17.697598753372827,36.43685789571868,39.42307692307692,-25.775903701782227,25.775903701782227,45.61466924879286,14.434904482629564,71.42857142857143,-24.289977073669434,24.289977073669434,37.89691458808051,26.647406112485463,69.7560975609756,-20.548780158162117,20.548780158162117,33.88291101455688,11.36412815782759,73.89162561576354,-24.131784036755562,24.131784036755562,38.5088971985711,25.283319456709755,75.11961722488039,-20.343021266162395,20.343021266162395,34.92981072531806,8.320827341079712,65.86538461538461,-24.745480313897133,24.745480313897133,46.25530713399251,10.173595705297258,76.69902912621359
