episode,total_reward,total_cost,DC0_reward,DC0_cost,DC0_avg_inv,DC0_avg_bl,DC0_svc_lvl,DC1_reward,DC1_cost,DC1_avg_inv,DC1_avg_bl,DC1_svc_lvl,R2_reward,R2_cost,R2_avg_inv,R2_avg_bl,R2_svc_lvl,R3_reward,R3_cost,R3_avg_inv,R3_avg_bl,R3_svc_lvl,R4_reward,R4_cost,R4_avg_inv,R4_avg_bl,R4_svc_lvl,R5_reward,R5_cost,R5_avg_inv,R5_avg_bl,R5_svc_lvl,R6_reward,R6_cost,R6_avg_inv,R6_avg_bl,R6_svc_lvl,R7_reward,R7_cost,R7_avg_inv,R7_avg_bl,R7_svc_lvl,R8_reward,R8_cost,R8_avg_inv,R8_avg_bl,R8_svc_lvl,R9_reward,R9_cost,R9_avg_inv,R9_avg_bl,R9_svc_lvl,R10_reward,R10_cost,R10_avg_inv,R10_avg_bl,R10_svc_lvl,R11_reward,R11_cost,R11_avg_inv,R11_avg_bl,R11_svc_lvl,R12_reward,R12_cost,R12_avg_inv,R12_avg_bl,R12_svc_lvl,R13_reward,R13_cost,R13_avg_inv,R13_avg_bl,R13_svc_lvl,R14_reward,R14_cost,R14_avg_inv,R14_avg_bl,R14_svc_lvl,R15_reward,R15_cost,R15_avg_inv,R15_avg_bl,R15_svc_lvl,R16_reward,R16_cost,R16_avg_inv,R16_avg_bl,R16_svc_lvl
1,-3598.923584893346,3598.923584893346,-55.07639265060425,55.07639265060425,4823.909647284614,0.0,100.0,-84.20636077225208,84.20636077225208,4218.41847237481,71.93490740781029,88.88888888888889,-223.97047585248947,223.97047585248947,625.2907840304905,0.0,100.0,-233.64443796873093,233.64443796873093,656.4728815714518,0.0,100.0,-235.20215725898743,235.20215725898743,662.443909878201,0.0,100.0,-236.40118372440338,236.40118372440338,666.5987386067708,0.0,100.0,-232.17510628700256,232.17510628700256,652.3434104071723,0.0,100.0,-235.0366016626358,235.0366016626358,661.1555145263671,0.0,100.0,-230.91871523857117,230.91871523857117,649.0129772610135,0.0,100.0,-238.44497537612915,238.44497537612915,673.281260172526,0.0,100.0,-231.34369939565659,231.34369939565659,650.8764024522569,0.0,100.0,-224.566000521183,224.566000521183,625.5838512844509,0.0,100.0,-225.67176645994186,225.67176645994186,630.9169119940864,0.0,100.0,-229.38672399520874,229.38672399520874,642.6191602918836,0.0,100.0,-229.05731117725372,229.05731117725372,640.1237063937717,0.0,100.0,-225.5379821062088,225.5379821062088,631.9817048814562,0.0,100.0,-228.28369444608688,228.28369444608688,640.1573993259007,0.0,100.0
