episode,total_reward,total_cost,DC0_reward,DC0_cost,DC0_avg_inv,DC0_avg_bl,DC0_svc_lvl,DC1_reward,DC1_cost,DC1_avg_inv,DC1_avg_bl,DC1_svc_lvl,R2_reward,R2_cost,R2_avg_inv,R2_avg_bl,R2_svc_lvl,R3_reward,R3_cost,R3_avg_inv,R3_avg_bl,R3_svc_lvl,R4_reward,R4_cost,R4_avg_inv,R4_avg_bl,R4_svc_lvl,R5_reward,R5_cost,R5_avg_inv,R5_avg_bl,R5_svc_lvl,R6_reward,R6_cost,R6_avg_inv,R6_avg_bl,R6_svc_lvl,R7_reward,R7_cost,R7_avg_inv,R7_avg_bl,R7_svc_lvl,R8_reward,R8_cost,R8_avg_inv,R8_avg_bl,R8_svc_lvl,R9_reward,R9_cost,R9_avg_inv,R9_avg_bl,R9_svc_lvl,R10_reward,R10_cost,R10_avg_inv,R10_avg_bl,R10_svc_lvl,R11_reward,R11_cost,R11_avg_inv,R11_avg_bl,R11_svc_lvl,R12_reward,R12_cost,R12_avg_inv,R12_avg_bl,R12_svc_lvl,R13_reward,R13_cost,R13_avg_inv,R13_avg_bl,R13_svc_lvl,R14_reward,R14_cost,R14_avg_inv,R14_avg_bl,R14_svc_lvl,R15_reward,R15_cost,R15_avg_inv,R15_avg_bl,R15_svc_lvl,R16_reward,R16_cost,R16_avg_inv,R16_avg_bl,R16_svc_lvl
1,-2026.9591475725174,2026.9591475725174,-94.30235666036606,94.30235666036606,6886.998638237847,0.0,100.0,-87.46307945251465,87.46307945251465,6457.130609809028,0.0,100.0,-121.12042820453644,121.12042820453644,324.6618633694119,0.0,100.0,-128.13873067498207,128.13873067498207,345.73991266886395,0.0,100.0,-122.52470853924751,122.52470853924751,329.33594563802086,0.0,100.0,-113.45053234696388,113.45053234696388,300.79185282389324,0.0,100.0,-123.52374336123466,123.52374336123466,331.73295237223306,0.0,100.0,-118.7277364730835,118.7277364730835,317.34137132432727,0.0,100.0,-120.75313863158226,120.75313863158226,323.63995649549696,0.0,100.0,-127.35164365172386,127.35164365172386,344.6616557651096,0.0,100.0,-124.31502702832222,124.31502702832222,334.0603655497233,0.0,100.0,-121.72494196891785,121.72494196891785,325.9231750488281,0.0,100.0,-126.65791589021683,126.65791589021683,341.9161019219292,0.0,100.0,-124.81111463904381,124.81111463904381,335.53838500976565,0.0,100.0,-125.12808761000633,125.12808761000633,336.26588219536677,0.0,100.0,-124.05443295836449,124.05443295836449,334.1172129313151,0.0,100.0,-122.91152948141098,122.91152948141098,329.49056142171224,0.0,100.0
