episode,total_reward,total_cost,DC0_reward,DC0_cost,DC0_avg_inv,DC0_avg_bl,DC0_svc_lvl,DC1_reward,DC1_cost,DC1_avg_inv,DC1_avg_bl,DC1_svc_lvl,R2_reward,R2_cost,R2_avg_inv,R2_avg_bl,R2_svc_lvl,R3_reward,R3_cost,R3_avg_inv,R3_avg_bl,R3_svc_lvl,R4_reward,R4_cost,R4_avg_inv,R4_avg_bl,R4_svc_lvl,R5_reward,R5_cost,R5_avg_inv,R5_avg_bl,R5_svc_lvl,R6_reward,R6_cost,R6_avg_inv,R6_avg_bl,R6_svc_lvl,R7_reward,R7_cost,R7_avg_inv,R7_avg_bl,R7_svc_lvl,R8_reward,R8_cost,R8_avg_inv,R8_avg_bl,R8_svc_lvl,R9_reward,R9_cost,R9_avg_inv,R9_avg_bl,R9_svc_lvl,R10_reward,R10_cost,R10_avg_inv,R10_avg_bl,R10_svc_lvl,R11_reward,R11_cost,R11_avg_inv,R11_avg_bl,R11_svc_lvl,R12_reward,R12_cost,R12_avg_inv,R12_avg_bl,R12_svc_lvl,R13_reward,R13_cost,R13_avg_inv,R13_avg_bl,R13_svc_lvl,R14_reward,R14_cost,R14_avg_inv,R14_avg_bl,R14_svc_lvl,R15_reward,R15_cost,R15_avg_inv,R15_avg_bl,R15_svc_lvl,R16_reward,R16_cost,R16_avg_inv,R16_avg_bl,R16_svc_lvl
1,-7063.864970207214,7063.864970207214,-443.23268043994904,443.23268043994904,3836.8151814778644,650.3419863318331,74.44444444444444,-240.84530246257782,240.84530246257782,2979.6735105726452,325.1884305989524,77.03703703703704,-455.1206435263157,455.1206435263157,1256.3675418429905,0.0,100.0,-405.185953438282,405.185953438282,1050.5323388841416,0.0,100.0,-434.9600502252579,434.9600502252579,1177.8014367845324,0.0,100.0,-423.8324548602104,423.8324548602104,1138.5894592285156,0.0,100.0,-424.9081874191761,424.9081874191761,1140.8943483988444,0.0,100.0,-419.04903438687325,419.04903438687325,1123.4759601169162,0.0,100.0,-424.965033441782,424.965033441782,1144.1001929389106,0.0,100.0,-458.04995715618134,458.04995715618134,1266.9366518656414,0.0,100.0,-459.60896384716034,459.60896384716034,1268.4501408047147,0.0,100.0,-266.64021667838097,266.64021667838097,665.1999688890245,0.0,100.0,-446.7003674507141,446.7003674507141,1226.1273289998373,0.0,100.0,-439.87240770459175,439.87240770459175,1202.2865040249294,0.0,100.0,-439.8689914047718,439.8689914047718,1201.4361434936523,0.0,100.0,-445.00543585419655,445.00543585419655,1217.7801974826389,0.0,100.0,-436.0192899107933,436.0192899107933,1187.3343975490993,0.0,100.0
