episode,total_reward,total_cost,DC0_reward,DC0_cost,DC0_avg_inv,DC0_avg_bl,DC0_svc_lvl,DC1_reward,DC1_cost,DC1_avg_inv,DC1_avg_bl,DC1_svc_lvl,R2_reward,R2_cost,R2_avg_inv,R2_avg_bl,R2_svc_lvl,R3_reward,R3_cost,R3_avg_inv,R3_avg_bl,R3_svc_lvl,R4_reward,R4_cost,R4_avg_inv,R4_avg_bl,R4_svc_lvl,R5_reward,R5_cost,R5_avg_inv,R5_avg_bl,R5_svc_lvl,R6_reward,R6_cost,R6_avg_inv,R6_avg_bl,R6_svc_lvl,R7_reward,R7_cost,R7_avg_inv,R7_avg_bl,R7_svc_lvl,R8_reward,R8_cost,R8_avg_inv,R8_avg_bl,R8_svc_lvl,R9_reward,R9_cost,R9_avg_inv,R9_avg_bl,R9_svc_lvl,R10_reward,R10_cost,R10_avg_inv,R10_avg_bl,R10_svc_lvl,R11_reward,R11_cost,R11_avg_inv,R11_avg_bl,R11_svc_lvl,R12_reward,R12_cost,R12_avg_inv,R12_avg_bl,R12_svc_lvl,R13_reward,R13_cost,R13_avg_inv,R13_avg_bl,R13_svc_lvl,R14_reward,R14_cost,R14_avg_inv,R14_avg_bl,R14_svc_lvl,R15_reward,R15_cost,R15_avg_inv,R15_avg_bl,R15_svc_lvl,R16_reward,R16_cost,R16_avg_inv,R16_avg_bl,R16_svc_lvl
1,-2678.969459950924,2678.969459950924,-121.30356788635254,121.30356788635254,9221.732020399306,0.0,100.0,-94.67543429136276,94.67543429136276,8574.195627170138,0.0,100.0,-162.8154057264328,162.8154057264328,443.66867701212567,0.0,100.0,-162.223835170269,162.223835170269,442.6668009440104,0.0,100.0,-168.92017677426338,168.92017677426338,465.4839486863878,0.0,100.0,-170.36828324198723,170.36828324198723,468.8638110690647,0.0,100.0,-158.83536085486412,158.83536085486412,430.9741383022732,0.0,100.0,-165.0562210381031,165.0562210381031,453.8570826212565,0.0,100.0,-172.9298548400402,172.9298548400402,475.5711477491591,0.0,100.0,-170.72589859366417,170.72589859366417,466.7495787726508,0.0,100.0,-163.71581146121025,163.71581146121025,446.64773076375326,0.0,100.0,-139.13246858119965,139.13246858119965,366.13420240614147,0.0,100.0,-169.95900624990463,169.95900624990463,467.1632609049479,0.0,100.0,-172.07096073031425,172.07096073031425,472.0449705335829,0.0,100.0,-155.11573508381844,155.11573508381844,417.6787401835124,0.0,100.0,-168.39878252148628,168.39878252148628,464.2431427849664,0.0,100.0,-162.7226569056511,162.7226569056511,442.3809910244412,0.0,100.0
