{
  "metadata": {
    "model_dir": "results/23Mar_gnn1_colab/run_seed_1/models",
    "algorithm": "GNN-HAPPO",
    "num_episodes": 1,
    "episode_length": 90,
    "gnn_type": "GAT",
    "gnn_hidden_dim": 128,
    "gnn_num_layers": 2,
    "single_agent_obs_dim": 28,
    "evaluation_date": "2026-03-23 23:33:32"
  },
  "statistics": {
    "num_episodes": 1,
    "episode_length": 90,
    "total_reward": {
      "mean": -3326.9546332359314,
      "std": 0.0,
      "min": -3326.9546332359314,
      "max": -3326.9546332359314
    },
    "total_cost": {
      "mean": 3326.9546332359314,
      "std": 0.0,
      "min": 3326.9546332359314,
      "max": 3326.9546332359314
    },
    "per_agent": {
      "DC_0": {
        "avg_reward": -110.91390037536621,
        "avg_cost": 110.91390037536621,
        "avg_holding_cost": 41026.7808265686,
        "avg_backlog_cost": 0.0,
        "avg_ordering_cost": 10602.370671272278,
        "avg_inventory": 7610.945399305556,
        "avg_backlog": 0.0,
        "service_level": 100.0
      },
      "DC_1": {
        "avg_reward": -76.47149676084518,
        "avg_cost": 76.47149676084518,
        "avg_holding_cost": 29613.650413513184,
        "avg_backlog_cost": 0.0,
        "avg_ordering_cost": 10362.957944869995,
        "avg_inventory": 7152.956570095486,
        "avg_backlog": 0.0,
        "service_level": 100.0
      },
      "Retailer_2": {
        "avg_reward": -199.1072140932083,
        "avg_cost": 199.1072140932083,
        "avg_holding_cost": 73763.88693237305,
        "avg_backlog_cost": 0.0,
        "avg_ordering_cost": 783.091933131218,
        "avg_inventory": 530.4958549499512,
        "avg_backlog": 0.0,
        "service_level": 100.0
      },
      "Retailer_3": {
        "avg_reward": -214.14265432953835,
        "avg_cost": 214.14265432953835,
        "avg_holding_cost": 80455.85962677002,
        "avg_backlog_cost": 0.0,
        "avg_ordering_cost": 967.5,
        "avg_inventory": 593.9085640801324,
        "avg_backlog": 0.0,
        "service_level": 100.0
      },
      "Retailer_4": {
        "avg_reward": -212.98031586408615,
        "avg_cost": 212.98031586408615,
        "avg_holding_cost": 80077.10133743286,
        "avg_backlog_cost": 0.0,
        "avg_ordering_cost": 855.0,
        "avg_inventory": 593.3876635233561,
        "avg_backlog": 0.0,
        "service_level": 100.0
      },
      "Retailer_5": {
        "avg_reward": -215.70159196853638,
        "avg_cost": 215.70159196853638,
        "avg_holding_cost": 81268.96761322021,
        "avg_backlog_cost": 0.0,
        "avg_ordering_cost": 855.0,
        "avg_inventory": 601.329978688558,
        "avg_backlog": 0.0,
        "service_level": 100.0
      },
      "Retailer_6": {
        "avg_reward": -219.1659046113491,
        "avg_cost": 219.1659046113491,
        "avg_holding_cost": 82701.30450057983,
        "avg_backlog_cost": 0.0,
        "avg_ordering_cost": 967.5,
        "avg_inventory": 610.6569593641493,
        "avg_backlog": 0.0,
        "service_level": 100.0
      },
      "Retailer_7": {
        "avg_reward": -221.94853347539902,
        "avg_cost": 221.94853347539902,
        "avg_holding_cost": 83973.82021713257,
        "avg_backlog_cost": 0.0,
        "avg_ordering_cost": 855.0,
        "avg_inventory": 622.9117345174153,
        "avg_backlog": 0.0,
        "service_level": 100.0
      },
      "Retailer_8": {
        "avg_reward": -154.9335805773735,
        "avg_cost": 154.9335805773735,
        "avg_holding_cost": 53899.59260559082,
        "avg_backlog_cost": 0.0,
        "avg_ordering_cost": 654.124834060669,
        "avg_inventory": 417.088698832194,
        "avg_backlog": 0.0,
        "service_level": 100.0
      },
      "Retailer_9": {
        "avg_reward": -217.16628873348236,
        "avg_cost": 217.16628873348236,
        "avg_holding_cost": 81791.07614135742,
        "avg_backlog_cost": 0.0,
        "avg_ordering_cost": 855.0,
        "avg_inventory": 603.8290101793077,
        "avg_backlog": 0.0,
        "service_level": 100.0
      },
      "Retailer_10": {
        "avg_reward": -218.45105561614037,
        "avg_cost": 218.45105561614037,
        "avg_holding_cost": 82278.38151931763,
        "avg_backlog_cost": 0.0,
        "avg_ordering_cost": 967.5,
        "avg_inventory": 607.8523264567058,
        "avg_backlog": 0.0,
        "service_level": 100.0
      },
      "Retailer_11": {
        "avg_reward": -212.98088297247887,
        "avg_cost": 212.98088297247887,
        "avg_holding_cost": 79940.22029876709,
        "avg_backlog_cost": 0.0,
        "avg_ordering_cost": 967.5,
        "avg_inventory": 592.4721227010091,
        "avg_backlog": 0.0,
        "service_level": 100.0
      },
      "Retailer_12": {
        "avg_reward": -207.82729396224022,
        "avg_cost": 207.82729396224022,
        "avg_holding_cost": 77718.27446365356,
        "avg_backlog_cost": 0.0,
        "avg_ordering_cost": 827.9822552204132,
        "avg_inventory": 575.678596496582,
        "avg_backlog": 0.0,
        "service_level": 100.0
      },
      "Retailer_13": {
        "avg_reward": -211.29003602266312,
        "avg_cost": 211.29003602266312,
        "avg_holding_cost": 79210.99856948853,
        "avg_backlog_cost": 0.0,
        "avg_ordering_cost": 967.5,
        "avg_inventory": 585.5160259670681,
        "avg_backlog": 0.0,
        "service_level": 100.0
      },
      "Retailer_14": {
        "avg_reward": -211.95246794819832,
        "avg_cost": 211.95246794819832,
        "avg_holding_cost": 79534.47364425659,
        "avg_backlog_cost": 0.0,
        "avg_ordering_cost": 967.5,
        "avg_inventory": 586.8720054626465,
        "avg_backlog": 0.0,
        "service_level": 100.0
      },
      "Retailer_15": {
        "avg_reward": -210.85059574246407,
        "avg_cost": 210.85059574246407,
        "avg_holding_cost": 79189.33909225464,
        "avg_backlog_cost": 0.0,
        "avg_ordering_cost": 855.0,
        "avg_inventory": 586.2749736362033,
        "avg_backlog": 0.0,
        "service_level": 100.0
      },
      "Retailer_16": {
        "avg_reward": -211.07082018256187,
        "avg_cost": 211.07082018256187,
        "avg_holding_cost": 79181.17475509644,
        "avg_backlog_cost": 0.0,
        "avg_ordering_cost": 967.5,
        "avg_inventory": 582.9016487969293,
        "avg_backlog": 0.0,
        "service_level": 100.0
      }
    },
    "dc_cycle_service_level": {
      "0": 100.0,
      "1": 100.0
    },
    "system_retailer_fill_rate": 100.0
  },
  "episode_data": [
    {
      "total_reward": -3326.9546332359314,
      "total_cost": 3326.9546332359314,
      "agent_rewards": [
        -110.91390037536621,
        -76.47149676084518,
        -199.1072140932083,
        -214.14265432953835,
        -212.98031586408615,
        -215.70159196853638,
        -219.1659046113491,
        -221.94853347539902,
        -154.9335805773735,
        -217.16628873348236,
        -218.45105561614037,
        -212.98088297247887,
        -207.82729396224022,
        -211.29003602266312,
        -211.95246794819832,
        -210.85059574246407,
        -211.07082018256187
      ],
      "agent_costs": [
        110.91390037536621,
        76.47149676084518,
        199.1072140932083,
        214.14265432953835,
        212.98031586408615,
        215.70159196853638,
        219.1659046113491,
        221.94853347539902,
        154.9335805773735,
        217.16628873348236,
        218.45105561614037,
        212.98088297247887,
        207.82729396224022,
        211.29003602266312,
        211.95246794819832,
        210.85059574246407,
        211.07082018256187
      ],