{
  "metadata": {
    "model_dir": "results/25Mar_gnn2/run_seed_1/models",
    "algorithm": "GNN-HAPPO",
    "num_episodes": 1,
    "episode_length": 180,
    "gnn_type": "GAT",
    "gnn_hidden_dim": 128,
    "gnn_num_layers": 2,
    "single_agent_obs_dim": 28,
    "evaluation_date": "2026-03-28 09:06:28"
  },
  "statistics": {
    "num_episodes": 1,
    "episode_length": 180,
    "total_reward": {
      "mean": -752.2919906228781,
      "std": 0.0,
      "min": -752.2919906228781,
      "max": -752.2919906228781
    },
    "total_cost": {
      "mean": 752.2919906228781,
      "std": 0.0,
      "min": 752.2919906228781,
      "max": 752.2919906228781
    },
    "per_agent": {
      "DC_0": {
        "avg_reward": -71.82397918403149,
        "avg_cost": 71.82397918403149,
        "avg_holding_cost": 15145.189578056335,
        "avg_backlog_cost": 0.0,
        "avg_ordering_cost": 109.50440692901611,
        "avg_inventory": 3981.3102613661026,
        "avg_backlog": 0.0,
        "service_level": 100.0
      },
      "DC_1": {
        "avg_reward": -66.78683787584305,
        "avg_cost": 66.78683787584305,
        "avg_holding_cost": 14288.398470640182,
        "avg_backlog_cost": 0.0,
        "avg_ordering_cost": 632.2848613262177,
        "avg_inventory": 3777.0486958821616,
        "avg_backlog": 0.0,
        "service_level": 100.0
      },
      "Retailer_2": {
        "avg_reward": -34.08358860015869,
        "avg_cost": 34.08358860015869,
        "avg_holding_cost": 6943.608527183533,
        "avg_backlog_cost": 0.0,
        "avg_ordering_cost": 936.4430218935013,
        "avg_inventory": 50.90475355784098,
        "avg_backlog": 0.0,
        "service_level": 100.0
      },
      "Retailer_3": {
        "avg_reward": -38.13424949347973,
        "avg_cost": 38.13424949347973,
        "avg_holding_cost": 7757.438953399658,
        "avg_backlog_cost": 0.0,
        "avg_ordering_cost": 1119.3367146253586,
        "avg_inventory": 57.562121878729926,
        "avg_backlog": 0.0,
        "service_level": 100.0
      },
      "Retailer_4": {
        "avg_reward": -34.7021783515811,
        "avg_cost": 34.7021783515811,
        "avg_holding_cost": 7011.033595561981,
        "avg_backlog_cost": 0.0,
        "avg_ordering_cost": 1092.04543197155,
        "avg_inventory": 51.83561295403375,
        "avg_backlog": 0.0,
        "service_level": 100.0
      },
      "Retailer_5": {
        "avg_reward": -37.3214095979929,
        "avg_cost": 37.3214095979929,
        "avg_holding_cost": 7596.448755264282,
        "avg_backlog_cost": 0.0,
        "avg_ordering_cost": 1012.7587122917175,
        "avg_inventory": 56.44488684336344,
        "avg_backlog": 0.0,
        "service_level": 100.0
      },
      "Retailer_6": {
        "avg_reward": -37.77576772868633,
        "avg_cost": 37.77576772868633,
        "avg_holding_cost": 7660.994843482971,
        "avg_backlog_cost": 0.0,
        "avg_ordering_cost": 1127.9881414175034,
        "avg_inventory": 56.81128660837809,
        "avg_backlog": 0.0,
        "service_level": 100.0
      },
      "Retailer_7": {
        "avg_reward": -33.301796086132526,
        "avg_cost": 33.301796086132526,
        "avg_holding_cost": 6716.647028684616,
        "avg_backlog_cost": 0.0,
        "avg_ordering_cost": 992.3719507455826,
        "avg_inventory": 49.917415385776096,
        "avg_backlog": 0.0,
        "service_level": 100.0
      },
      "Retailer_8": {
        "avg_reward": -37.467429503798485,
        "avg_cost": 37.467429503798485,
        "avg_holding_cost": 7641.972881555557,
        "avg_backlog_cost": 0.0,
        "avg_ordering_cost": 963.9499752521515,
        "avg_inventory": 56.92578940921359,
        "avg_backlog": 0.0,
        "service_level": 100.0
      },
      "Retailer_9": {
        "avg_reward": -95.31006625294685,
        "avg_cost": 95.31006625294685,
        "avg_holding_cost": 5499.955502271652,
        "avg_backlog_cost": 27274.747349262238,
        "avg_ordering_cost": 858.98535323143,
        "avg_inventory": 42.01390919155545,
        "avg_backlog": 75.76318708128399,
        "service_level": 72.23587223587224
      },
      "Retailer_10": {
        "avg_reward": -39.36409156024456,
        "avg_cost": 39.36409156024456,
        "avg_holding_cost": 8045.543256759644,
        "avg_backlog_cost": 0.0,
        "avg_ordering_cost": 1037.8736573457718,
        "avg_inventory": 59.64527776506212,
        "avg_backlog": 0.0,
        "service_level": 100.0
      },
      "Retailer_11": {
        "avg_reward": -36.234837993979454,
        "avg_cost": 36.234837993979454,
        "avg_holding_cost": 7278.880793571472,
        "avg_backlog_cost": 0.0,
        "avg_ordering_cost": 1111.497120141983,
        "avg_inventory": 53.911422623528374,
        "avg_backlog": 0.0,
        "service_level": 100.0
      },
      "Retailer_12": {
        "avg_reward": -34.72994090616703,
        "avg_cost": 34.72994090616703,
        "avg_holding_cost": 7048.530950546265,
        "avg_backlog_cost": 0.0,
        "avg_ordering_cost": 1000.1244674921036,
        "avg_inventory": 52.35235076480441,
        "avg_backlog": 0.0,
        "service_level": 100.0
      },
      "Retailer_13": {
        "avg_reward": -39.54092790186405,
        "avg_cost": 39.54092790186405,
        "avg_holding_cost": 8101.6683621406555,
        "avg_backlog_cost": 0.0,
        "avg_ordering_cost": 1067.5152560472488,
        "avg_inventory": 60.101956303914385,
        "avg_backlog": 0.0,
        "service_level": 100.0
      },
      "Retailer_14": {
        "avg_reward": -39.547668412327766,
        "avg_cost": 39.547668412327766,
        "avg_holding_cost": 8117.187719345093,
        "avg_backlog_cost": 0.0,
        "avg_ordering_cost": 1029.143760919571,
        "avg_inventory": 60.238526831732855,
        "avg_backlog": 0.0,
        "service_level": 100.0
      },
      "Retailer_15": {
        "avg_reward": -39.10960553586483,
        "avg_cost": 39.10960553586483,
        "avg_holding_cost": 8035.255806446075,
        "avg_backlog_cost": 0.0,
        "avg_ordering_cost": 904.7547473907471,
        "avg_inventory": 59.637393146091036,
        "avg_backlog": 0.0,
        "service_level": 100.0
      },
      "Retailer_16": {
        "avg_reward": -37.057615637779236,
        "avg_cost": 37.057615637779236,
        "avg_holding_cost": 7507.75146150589,
        "avg_backlog_cost": 0.0,
        "avg_ordering_cost": 1156.7833198308945,
        "avg_inventory": 55.69386094411214,
        "avg_backlog": 0.0,
        "service_level": 100.0
      }
    },
    "dc_cycle_service_level": {
      "0": 100.0,
      "1": 100.0
    },
    "system_retailer_fill_rate": 98.16110659072417
  },
  "episode_data": [
    {
      "total_reward": -752.2919906228781,
      "total_cost": 752.2919906228781,
      "agent_rewards": [
        -71.82397918403149,
        -66.78683787584305,
        -34.08358860015869,
        -38.13424949347973,
        -34.7021783515811,
        -37.3214095979929,
        -37.77576772868633,
        -33.301796086132526,
        -37.467429503798485,
        -95.31006625294685,
        -39.36409156024456,
        -36.234837993979454,
        -34.72994090616703,
        -39.54092790186405,
        -39.547668412327766,
        -39.10960553586483,
        -37.057615637779236
      ],
      "agent_costs": [
        71.82397918403149,
        66.78683787584305,
        34.08358860015869,
        38.13424949347973,
        34.7021783515811,
        37.3214095979929,
        37.77576772868633,
        33.301796086132526,
        37.467429503798485,
        95.31006625294685,
        39.36409156024456,
        36.234837993979454,
        34.72994090616703,
        39.54092790186405,
        39.547668412327766,
        39.10960553586483,
        37.057615637779236
      ],