{
  "metadata": {
    "model_dir": "results/test/run_seed_1/models",
    "algorithm": "GNN-HAPPO",
    "num_episodes": 1,
    "episode_length": 90,
    "gnn_type": "GAT",
    "gnn_hidden_dim": 128,
    "gnn_num_layers": 2,
    "single_agent_obs_dim": 28,
    "evaluation_date": "2026-03-29 15:39:31"
  },
  "statistics": {
    "num_episodes": 1,
    "episode_length": 90,
    "total_reward": {
      "mean": -661.837939158082,
      "std": 0.0,
      "min": -661.837939158082,
      "max": -661.837939158082
    },
    "total_cost": {
      "mean": 661.837939158082,
      "std": 0.0,
      "min": 661.837939158082,
      "max": 661.837939158082
    },
    "per_agent": {
      "DC_0": {
        "avg_reward": -117.92254114151001,
        "avg_cost": 117.92254114151001,
        "avg_holding_cost": 15988.83821105957,
        "avg_backlog_cost": 0.0,
        "avg_ordering_cost": 11041.297298431396,
        "avg_inventory": 8903.360622829861,
        "avg_backlog": 0.0,
        "service_level": 100.0
      },
      "DC_1": {
        "avg_reward": -116.66323012113571,
        "avg_cost": 116.66323012113571,
        "avg_holding_cost": 15836.935081481934,
        "avg_backlog_cost": 0.0,
        "avg_ordering_cost": 10986.451877593994,
        "avg_inventory": 8768.8005859375,
        "avg_backlog": 0.0,
        "service_level": 100.0
      },
      "Retailer_2": {
        "avg_reward": -32.57598492503166,
        "avg_cost": 32.57598492503166,
        "avg_holding_cost": 9131.024112224579,
        "avg_backlog_cost": 1705.2379076108336,
        "avg_ordering_cost": 488.70987725257874,
        "avg_inventory": 57.54540189107259,
        "avg_backlog": 23.68385946750641,
        "service_level": 76.66666666666667
      },
      "Retailer_3": {
        "avg_reward": -22.409520030021667,
        "avg_cost": 22.409520030021667,
        "avg_holding_cost": 5740.526339426637,
        "avg_backlog_cost": 901.9260040670633,
        "avg_ordering_cost": 462.2660549879074,
        "avg_inventory": 35.55772474341922,
        "avg_backlog": 12.535172148545582,
        "service_level": 76.92307692307693
      },
      "Retailer_4": {
        "avg_reward": -32.657216757535934,
        "avg_cost": 32.657216757535934,
        "avg_holding_cost": 9720.004196166992,
        "avg_backlog_cost": 1121.8615270853043,
        "avg_ordering_cost": 452.50193095207214,
        "avg_inventory": 61.0740589565701,
        "avg_backlog": 15.58140967686971,
        "service_level": 75.93582887700535
      },
      "Retailer_5": {
        "avg_reward": -29.728941589593887,
        "avg_cost": 29.728941589593887,
        "avg_holding_cost": 9268.971192002296,
        "avg_backlog_cost": 661.1699466258287,
        "avg_ordering_cost": 491.1535165309906,
        "avg_inventory": 58.06035152011447,
        "avg_backlog": 9.182915729615424,
        "service_level": 82.71028037383178
      },
      "Retailer_6": {
        "avg_reward": -29.93317613005638,
        "avg_cost": 29.93317613005638,
        "avg_holding_cost": 8115.628575325012,
        "avg_backlog_cost": 1869.6494909077883,
        "avg_ordering_cost": 487.1614910364151,
        "avg_inventory": 51.19412928687201,
        "avg_backlog": 25.96735345390108,
        "service_level": 76.57657657657657
      },
      "Retailer_7": {
        "avg_reward": -26.648129761219025,
        "avg_cost": 26.648129761219025,
        "avg_holding_cost": 7405.735734462738,
        "avg_backlog_cost": 1032.608423281461,
        "avg_ordering_cost": 478.6260645389557,
        "avg_inventory": 46.80123199886746,
        "avg_backlog": 14.345482824908363,
        "service_level": 76.49769585253456
      },
      "Retailer_8": {
        "avg_reward": -28.83688247203827,
        "avg_cost": 28.83688247203827,
        "avg_holding_cost": 8789.56522846222,
        "avg_backlog_cost": 646.9476970136166,
        "avg_ordering_cost": 417.992707490921,
        "avg_inventory": 55.201666853162976,
        "avg_backlog": 8.985384517245823,
        "service_level": 79.45945945945945
      },
      "Retailer_9": {
        "avg_reward": -32.35479375720024,
        "avg_cost": 32.35479375720024,
        "avg_holding_cost": 11066.919740915298,
        "avg_backlog_cost": 42.30767786502838,
        "avg_ordering_cost": 480.996604681015,
        "avg_inventory": 67.86074540879991,
        "avg_backlog": 0.5876066260867648,
        "service_level": 96.90721649484536
      },
      "Retailer_10": {
        "avg_reward": -26.916241630911827,
        "avg_cost": 26.916241630911827,
        "avg_holding_cost": 8643.419521808624,
        "avg_backlog_cost": 161.50197183340788,
        "avg_ordering_cost": 510.33613979816437,
        "avg_inventory": 53.267781766255695,
        "avg_backlog": 2.243082888921102,
        "service_level": 87.6923076923077
      },
      "Retailer_11": {
        "avg_reward": -30.919945687055588,
        "avg_cost": 30.919945687055588,
        "avg_holding_cost": 9027.131954669952,
        "avg_backlog_cost": 775.8355748653412,
        "avg_ordering_cost": 521.908757686615,
        "avg_inventory": 56.7796031528049,
        "avg_backlog": 10.775493903954823,
        "service_level": 83.49514563106796
      },
      "Retailer_12": {
        "avg_reward": -25.66682480275631,
        "avg_cost": 25.66682480275631,
        "avg_holding_cost": 7807.433124542236,
        "avg_backlog_cost": 441.86813232302666,
        "avg_ordering_cost": 414.7640497684479,
        "avg_inventory": 48.16034787495931,
        "avg_backlog": 6.137057311005062,
        "service_level": 86.47342995169082
      },
      "Retailer_13": {
        "avg_reward": -26.589056596159935,
        "avg_cost": 26.589056596159935,
        "avg_holding_cost": 7792.002689838409,
        "avg_backlog_cost": 649.0499000549316,
        "avg_ordering_cost": 480.2792283296585,
        "avg_inventory": 47.94497005674574,
        "avg_backlog": 9.01458178891076,
        "service_level": 86.34146341463415
      },
      "Retailer_14": {
        "avg_reward": -34.30845546722412,
        "avg_cost": 34.30845546722412,
        "avg_holding_cost": 10411.40117073059,
        "avg_backlog_cost": 650.1289620064199,
        "avg_ordering_cost": 499.6603459119797,
        "avg_inventory": 65.21967506408691,
        "avg_backlog": 9.029568748672803,
        "service_level": 83.98058252427184
      },
      "Retailer_15": {
        "avg_reward": -21.08478455245495,
        "avg_cost": 21.08478455245495,
        "avg_holding_cost": 4558.981613850585,
        "avg_backlog_cost": 1200.9686401337385,
        "avg_ordering_cost": 345.16779804229736,
        "avg_inventory": 28.094306912687088,
        "avg_backlog": 17.099761888715957,
        "service_level": 61.57635467980296
      },
      "Retailer_16": {
        "avg_reward": -26.62221373617649,
        "avg_cost": 26.62221373617649,
        "avg_holding_cost": 7123.460459947586,
        "avg_backlog_cost": 1325.5107241868973,
        "avg_ordering_cost": 509.72434306144714,
        "avg_inventory": 44.959482765197755,
        "avg_backlog": 18.40987084971534,
        "service_level": 73.42995169082126
      }
    },
    "dc_cycle_service_level": {
      "0": 100.0,
      "1": 100.0
    },
    "system_retailer_fill_rate": 80.2208509256252
  },
  "episode_data": [
    {
      "total_reward": -661.837939158082,
      "total_cost": 661.837939158082,
      "agent_rewards": [
        -117.92254114151001,
        -116.66323012113571,
        -32.57598492503166,
        -22.409520030021667,
        -32.657216757535934,
        -29.728941589593887,
        -29.93317613005638,
        -26.648129761219025,
        -28.83688247203827,
        -32.35479375720024,
        -26.916241630911827,
        -30.919945687055588,
        -25.66682480275631,
        -26.589056596159935,
        -34.30845546722412,
        -21.08478455245495,
        -26.62221373617649
      ],