{
  "metadata": {
    "model_dir": "results/29Mar_gnn_kaggle/run_seed_1/models",
    "algorithm": "GNN-HAPPO",
    "num_episodes": 1,
    "episode_length": 90,
    "gnn_type": "GAT",
    "gnn_hidden_dim": 128,
    "gnn_num_layers": 2,
    "single_agent_obs_dim": 28,
    "evaluation_date": "2026-03-31 15:07:20"
  },
  "statistics": {
    "num_episodes": 1,
    "episode_length": 90,
    "total_reward": {
      "mean": -558.3901922404766,
      "std": 0.0,
      "min": -558.3901922404766,
      "max": -558.3901922404766
    },
    "total_cost": {
      "mean": 558.3901922404766,
      "std": 0.0,
      "min": 558.3901922404766,
      "max": 558.3901922404766
    },
    "per_agent": {
      "DC_0": {
        "avg_reward": -118.58839803934097,
        "avg_cost": 118.58839803934097,
        "avg_holding_cost": 16220.177780151367,
        "avg_backlog_cost": 0.0,
        "avg_ordering_cost": 11445.730039596558,
        "avg_inventory": 8974.918712022569,
        "avg_backlog": 0.0,
        "service_level": 100.0
      },
      "DC_1": {
        "avg_reward": -104.84335434436798,
        "avg_cost": 104.84335434436798,
        "avg_holding_cost": 14601.505819320679,
        "avg_backlog_cost": 0.0,
        "avg_ordering_cost": 9160.546737670898,
        "avg_inventory": 8104.75833875868,
        "avg_backlog": 0.0,
        "service_level": 100.0
      },
      "Retailer_2": {
        "avg_reward": -23.85556009411812,
        "avg_cost": 23.85556009411812,
        "avg_holding_cost": 7965.5946345329285,
        "avg_backlog_cost": 67.61763279139996,
        "avg_ordering_cost": 428.2720003128052,
        "avg_inventory": 49.42444631788466,
        "avg_backlog": 0.9391337752342224,
        "service_level": 94.27083333333334
      },
      "Retailer_3": {
        "avg_reward": -21.807897627353668,
        "avg_cost": 21.807897627353668,
        "avg_holding_cost": 6715.82737493515,
        "avg_backlog_cost": 254.29377460479736,
        "avg_ordering_cost": 413.8026649951935,
        "avg_inventory": 41.71994800567627,
        "avg_backlog": 3.531857909096612,
        "service_level": 84.61538461538461
      },
      "Retailer_4": {
        "avg_reward": -21.54489116370678,
        "avg_cost": 21.54489116370678,
        "avg_holding_cost": 6160.308636859059,
        "avg_backlog_cost": 576.666481167078,
        "avg_ordering_cost": 428.42104983329773,
        "avg_inventory": 38.44374338255988,
        "avg_backlog": 8.018320353825887,
        "service_level": 75.74257425742574
      },
      "Retailer_5": {
        "avg_reward": -21.986980706453323,
        "avg_cost": 21.986980706453323,
        "avg_holding_cost": 5989.046665638685,
        "avg_backlog_cost": 1015.5390808098018,
        "avg_ordering_cost": 373.4586544036865,
        "avg_inventory": 36.833480058776004,
        "avg_backlog": 14.10677352613873,
        "service_level": 76.19047619047619
      },
      "Retailer_6": {
        "avg_reward": -20.93690337985754,
        "avg_cost": 20.93690337985754,
        "avg_holding_cost": 6360.137567341328,
        "avg_backlog_cost": 151.7435410618782,
        "avg_ordering_cost": 468.7883323431015,
        "avg_inventory": 39.69692866007487,
        "avg_backlog": 2.1893188860681323,
        "service_level": 78.21782178217822
      },
      "Retailer_7": {
        "avg_reward": -24.391554683446884,
        "avg_cost": 24.391554683446884,
        "avg_holding_cost": 6072.016605734825,
        "avg_backlog_cost": 1977.6056656390429,
        "avg_ordering_cost": 406.5659396648407,
        "avg_inventory": 38.176006974114316,
        "avg_backlog": 27.466744736830393,
        "service_level": 72.47706422018348
      },
      "Retailer_8": {
        "avg_reward": -20.405049443244934,
        "avg_cost": 20.405049443244934,
        "avg_holding_cost": 4531.827188074589,
        "avg_backlog_cost": 1540.6139107365161,
        "avg_ordering_cost": 359.7840415239334,
        "avg_inventory": 28.3015751891666,
        "avg_backlog": 21.7139066113366,
        "service_level": 59.80861244019139
      },
      "Retailer_9": {
        "avg_reward": -20.53371872007847,
        "avg_cost": 20.53371872007847,
        "avg_holding_cost": 5286.724256575108,
        "avg_backlog_cost": 977.649502363056,
        "avg_ordering_cost": 363.58676505088806,
        "avg_inventory": 32.77250215609868,
        "avg_backlog": 13.61851154035992,
        "service_level": 67.33668341708542
      },
      "Retailer_10": {
        "avg_reward": -19.66093748807907,
        "avg_cost": 19.66093748807907,
        "avg_holding_cost": 2827.9538136720657,
        "avg_backlog_cost": 2549.078904122114,
        "avg_ordering_cost": 366.4442479610443,
        "avg_inventory": 17.697598753372827,
        "avg_backlog": 36.43685789571868,
        "service_level": 39.42307692307692
      },
      "Retailer_11": {
        "avg_reward": -25.775903701782227,
        "avg_cost": 25.775903701782227,
        "avg_holding_cost": 7367.1221479177475,
        "avg_backlog_cost": 1028.9316446185112,
        "avg_ordering_cost": 394.258762717247,
        "avg_inventory": 45.61466924879286,
        "avg_backlog": 14.434904482629564,
        "service_level": 71.42857142857143
      },
      "Retailer_12": {
        "avg_reward": -24.289977073669434,
        "avg_cost": 24.289977073669434,
        "avg_holding_cost": 5979.4628664553165,
        "avg_backlog_cost": 1915.3660866767168,
        "avg_ordering_cost": 326.9781023263931,
        "avg_inventory": 37.89691458808051,
        "avg_backlog": 26.647406112485463,
        "service_level": 69.7560975609756
      },
      "Retailer_13": {
        "avg_reward": -20.548780158162117,
        "avg_cost": 20.548780158162117,
        "avg_holding_cost": 5446.5783675685525,
        "avg_backlog_cost": 813.1120145395398,
        "avg_ordering_cost": 419.52659916877747,
        "avg_inventory": 33.88291101455688,
        "avg_backlog": 11.36412815782759,
        "service_level": 73.89162561576354
      },
      "Retailer_14": {
        "avg_reward": -24.131784036755562,
        "avg_cost": 24.131784036755562,
        "avg_holding_cost": 6137.016603987664,
        "avg_backlog_cost": 1820.3990383446217,
        "avg_ordering_cost": 420.8956229686737,
        "avg_inventory": 38.5088971985711,
        "avg_backlog": 25.283319456709755,
        "service_level": 75.11961722488039
      },
      "Retailer_15": {
        "avg_reward": -20.343021266162395,
        "avg_cost": 20.343021266162395,
        "avg_holding_cost": 5556.563866853714,
        "avg_backlog_cost": 591.0470724701881,
        "avg_ordering_cost": 406.2338048219681,
        "avg_inventory": 34.92981072531806,
        "avg_backlog": 8.320827341079712,
        "service_level": 65.86538461538461
      },
      "Retailer_16": {
        "avg_reward": -24.745480313897133,
        "avg_cost": 24.745480313897133,
        "avg_holding_cost": 7394.626814723015,
        "avg_backlog_cost": 729.8435003235936,
        "avg_ordering_cost": 468.51244938373566,
        "avg_inventory": 46.25530713399251,
        "avg_backlog": 10.173595705297258,
        "service_level": 76.69902912621359
      }
    },
    "dc_cycle_service_level": {
      "0": 100.0,
      "1": 100.0
    },
    "system_retailer_fill_rate": 71.88009123492995
  },
  "episode_data": [
    {
      "total_reward": -558.3901922404766,
      "total_cost": 558.3901922404766,
      "agent_rewards": [
        -118.58839803934097,
        -104.84335434436798,
        -23.85556009411812,
        -21.807897627353668,
        -21.54489116370678,
        -21.986980706453323,
        -20.93690337985754,
        -24.391554683446884,
        -20.405049443244934,
        -20.53371872007847,
        -19.66093748807907,
        -25.775903701782227,
        -24.289977073669434,
        -20.548780158162117,
        -24.131784036755562,
        -20.343021266162395,
        -24.745480313897133
      ],