{
  "metadata": {
    "model_dir": "results/21Mar_gnn1_colab/run_seed_1/models",
    "algorithm": "GNN-HAPPO",
    "num_episodes": 1,
    "episode_length": 90,
    "gnn_type": "GAT",
    "gnn_hidden_dim": 128,
    "gnn_num_layers": 2,
    "single_agent_obs_dim": 28,
    "evaluation_date": "2026-03-21 09:24:49"
  },
  "statistics": {
    "num_episodes": 1,
    "episode_length": 90,
    "total_reward": {
      "mean": -3598.923584893346,
      "std": 0.0,
      "min": -3598.923584893346,
      "max": -3598.923584893346
    },
    "total_cost": {
      "mean": 3598.923584893346,
      "std": 0.0,
      "min": 3598.923584893346,
      "max": 3598.923584893346
    },
    "per_agent": {
      "DC_0": {
        "avg_reward": -55.07639265060425,
        "avg_cost": 55.07639265060425,
        "avg_holding_cost": 24600.469763994217,
        "avg_backlog_cost": 0.0,
        "avg_ordering_cost": 110.36112588644028,
        "avg_inventory": 4823.909647284614,
        "avg_backlog": 0.0,
        "service_level": 100.0
      },
      "DC_1": {
        "avg_reward": -84.20636077225208,
        "avg_cost": 84.20636077225208,
        "avg_holding_cost": 17717.677439287305,
        "avg_backlog_cost": 20498.003003038466,
        "avg_ordering_cost": 111.79661512374878,
        "avg_inventory": 4218.41847237481,
        "avg_backlog": 71.93490740781029,
        "service_level": 88.88888888888889
      },
      "Retailer_2": {
        "avg_reward": -223.97047585248947,
        "avg_cost": 223.97047585248947,
        "avg_holding_cost": 84700.64607620239,
        "avg_backlog_cost": 0.0,
        "avg_ordering_cost": 85.5000002682209,
        "avg_inventory": 625.2907840304905,
        "avg_backlog": 0.0,
        "service_level": 100.0
      },
      "Retailer_3": {
        "avg_reward": -233.64443796873093,
        "avg_cost": 233.64443796873093,
        "avg_holding_cost": 88796.24402999878,
        "avg_backlog_cost": 0.0,
        "avg_ordering_cost": 98.9999994635582,
        "avg_inventory": 656.4728815714518,
        "avg_backlog": 0.0,
        "service_level": 100.0
      },
      "Retailer_4": {
        "avg_reward": -235.20215725898743,
        "avg_cost": 235.20215725898743,
        "avg_holding_cost": 89505.8275642395,
        "avg_backlog_cost": 0.0,
        "avg_ordering_cost": 85.5000002682209,
        "avg_inventory": 662.443909878201,
        "avg_backlog": 0.0,
        "service_level": 100.0
      },
      "Retailer_5": {
        "avg_reward": -236.40118372440338,
        "avg_cost": 236.40118372440338,
        "avg_holding_cost": 90008.09397125244,
        "avg_backlog_cost": 0.0,
        "avg_ordering_cost": 85.5000002682209,
        "avg_inventory": 666.5987386067708,
        "avg_backlog": 0.0,
        "service_level": 100.0
      },
      "Retailer_6": {
        "avg_reward": -232.17510628700256,
        "avg_cost": 232.17510628700256,
        "avg_holding_cost": 88164.26328659058,
        "avg_backlog_cost": 0.0,
        "avg_ordering_cost": 98.9999994635582,
        "avg_inventory": 652.3434104071723,
        "avg_backlog": 0.0,
        "service_level": 100.0
      },
      "Retailer_7": {
        "avg_reward": -235.0366016626358,
        "avg_cost": 235.0366016626358,
        "avg_holding_cost": 89409.75135040283,
        "avg_backlog_cost": 0.0,
        "avg_ordering_cost": 85.5000002682209,
        "avg_inventory": 661.1555145263671,
        "avg_backlog": 0.0,
        "service_level": 100.0
      },
      "Retailer_8": {
        "avg_reward": -230.91871523857117,
        "avg_cost": 230.91871523857117,
        "avg_holding_cost": 87642.16954040527,
        "avg_backlog_cost": 0.0,
        "avg_ordering_cost": 85.5000002682209,
        "avg_inventory": 649.0129772610135,
        "avg_backlog": 0.0,
        "service_level": 100.0
      },
      "Retailer_9": {
        "avg_reward": -238.44497537612915,
        "avg_cost": 238.44497537612915,
        "avg_holding_cost": 90778.93451690674,
        "avg_backlog_cost": 0.0,
        "avg_ordering_cost": 85.5000002682209,
        "avg_inventory": 673.281260172526,
        "avg_backlog": 0.0,
        "service_level": 100.0
      },
      "Retailer_10": {
        "avg_reward": -231.34369939565659,
        "avg_cost": 231.34369939565659,
        "avg_holding_cost": 87702.16374588013,
        "avg_backlog_cost": 0.0,
        "avg_ordering_cost": 98.9999994635582,
        "avg_inventory": 650.8764024522569,
        "avg_backlog": 0.0,
        "service_level": 100.0
      },
      "Retailer_11": {
        "avg_reward": -224.566000521183,
        "avg_cost": 224.566000521183,
        "avg_holding_cost": 84811.77697753906,
        "avg_backlog_cost": 0.0,
        "avg_ordering_cost": 98.9999994635582,
        "avg_inventory": 625.5838512844509,
        "avg_backlog": 0.0,
        "service_level": 100.0
      },
      "Retailer_12": {
        "avg_reward": -225.67176645994186,
        "avg_cost": 225.67176645994186,
        "avg_holding_cost": 85193.87687301636,
        "avg_backlog_cost": 0.0,
        "avg_ordering_cost": 85.5000002682209,
        "avg_inventory": 630.9169119940864,
        "avg_backlog": 0.0,
        "service_level": 100.0
      },
      "Retailer_13": {
        "avg_reward": -229.38672399520874,
        "avg_cost": 229.38672399520874,
        "avg_holding_cost": 86968.55202102661,
        "avg_backlog_cost": 0.0,
        "avg_ordering_cost": 98.9999994635582,
        "avg_inventory": 642.6191602918836,
        "avg_backlog": 0.0,
        "service_level": 100.0
      },
      "Retailer_14": {
        "avg_reward": -229.05731117725372,
        "avg_cost": 229.05731117725372,
        "avg_holding_cost": 86826.98316574097,
        "avg_backlog_cost": 0.0,
        "avg_ordering_cost": 98.9999994635582,
        "avg_inventory": 640.1237063937717,
        "avg_backlog": 0.0,
        "service_level": 100.0
      },
      "Retailer_15": {
        "avg_reward": -225.5379821062088,
        "avg_cost": 225.5379821062088,
        "avg_holding_cost": 85262.54970169067,
        "avg_backlog_cost": 0.0,
        "avg_ordering_cost": 85.5000002682209,
        "avg_inventory": 631.9817048814562,
        "avg_backlog": 0.0,
        "service_level": 100.0
      },
      "Retailer_16": {
        "avg_reward": -228.28369444608688,
        "avg_cost": 228.28369444608688,
        "avg_holding_cost": 86364.76867675781,
        "avg_backlog_cost": 0.0,
        "avg_ordering_cost": 98.9999994635582,
        "avg_inventory": 640.1573993259007,
        "avg_backlog": 0.0,
        "service_level": 100.0
      }
    },
    "dc_cycle_service_level": {
      "0": 100.0,
      "1": 88.88888888888889
    },
    "system_retailer_fill_rate": 100.0
  },
  "episode_data": [
    {
      "total_reward": -3598.923584893346,
      "total_cost": 3598.923584893346,
      "agent_rewards": [
        -55.07639265060425,
        -84.20636077225208,
        -223.97047585248947,
        -233.64443796873093,
        -235.20215725898743,
        -236.40118372440338,
        -232.17510628700256,
        -235.0366016626358,
        -230.91871523857117,
        -238.44497537612915,
        -231.34369939565659,
        -224.566000521183,
        -225.67176645994186,
        -229.38672399520874,
        -229.05731117725372,
        -225.5379821062088,
        -228.28369444608688
      ],
      "agent_costs": [
        55.07639265060425,
        84.20636077225208,
        223.97047585248947,
        233.64443796873093,
        235.20215725898743,
        236.40118372440338,
        232.17510628700256,
        235.0366016626358,
        230.91871523857117,
        238.44497537612915,
        231.34369939565659,
        224.566000521183,
        225.67176645994186,
        229.38672399520874,
        229.05731117725372,
        225.5379821062088,
        228.28369444608688
      ],