{
  "metadata": {
    "model_dir": "results/22Mar_gnn1_colab/run_seed_1/models",
    "algorithm": "GNN-HAPPO",
    "num_episodes": 1,
    "episode_length": 90,
    "gnn_type": "GAT",
    "gnn_hidden_dim": 128,
    "gnn_num_layers": 2,
    "single_agent_obs_dim": 28,
    "evaluation_date": "2026-03-22 13:28:05"
  },
  "statistics": {
    "num_episodes": 1,
    "episode_length": 90,
    "total_reward": {
      "mean": -7063.864970207214,
      "std": 0.0,
      "min": -7063.864970207214,
      "max": -7063.864970207214
    },
    "total_cost": {
      "mean": 7063.864970207214,
      "std": 0.0,
      "min": 7063.864970207214,
      "max": 7063.864970207214
    },
    "per_agent": {
      "DC_0": {
        "avg_reward": -443.23268043994904,
        "avg_cost": 443.23268043994904,
        "avg_holding_cost": 22086.76333218813,
        "avg_backlog_cost": 161155.63868407844,
        "avg_ordering_cost": 12641.836393356323,
        "avg_inventory": 3836.8151814778644,
        "avg_backlog": 650.3419863318331,
        "service_level": 74.44444444444444
      },
      "DC_1": {
        "avg_reward": -240.84530246257782,
        "avg_cost": 240.84530246257782,
        "avg_holding_cost": 12947.446374446154,
        "avg_backlog_cost": 85148.42785647052,
        "avg_ordering_cost": 12196.835920333862,
        "avg_inventory": 2979.6735105726452,
        "avg_backlog": 325.1884305989524,
        "service_level": 77.03703703703704
      },
      "Retailer_2": {
        "avg_reward": -455.1206435263157,
        "avg_cost": 455.1206435263157,
        "avg_holding_cost": 169798.1922454834,
        "avg_backlog_cost": 0.0,
        "avg_ordering_cost": 1575.0,
        "avg_inventory": 1256.3675418429905,
        "avg_backlog": 0.0,
        "service_level": 100.0
      },
      "Retailer_3": {
        "avg_reward": -405.185953438282,
        "avg_cost": 405.185953438282,
        "avg_holding_cost": 147052.15546035767,
        "avg_backlog_cost": 0.0,
        "avg_ordering_cost": 1612.6420562267303,
        "avg_inventory": 1050.5323388841416,
        "avg_backlog": 0.0,
        "service_level": 100.0
      },
      "Retailer_4": {
        "avg_reward": -434.9600502252579,
        "avg_cost": 434.9600502252579,
        "avg_holding_cost": 160427.78913497925,
        "avg_backlog_cost": 0.0,
        "avg_ordering_cost": 1575.0,
        "avg_inventory": 1177.8014367845324,
        "avg_backlog": 0.0,
        "service_level": 100.0
      },
      "Retailer_5": {
        "avg_reward": -423.8324548602104,
        "avg_cost": 423.8324548602104,
        "avg_holding_cost": 155487.88381195068,
        "avg_backlog_cost": 0.0,
        "avg_ordering_cost": 1575.0,
        "avg_inventory": 1138.5894592285156,
        "avg_backlog": 0.0,
        "service_level": 100.0
      },
      "Retailer_6": {
        "avg_reward": -424.9081874191761,
        "avg_cost": 424.9081874191761,
        "avg_holding_cost": 155835.75031280518,
        "avg_backlog_cost": 0.0,
        "avg_ordering_cost": 1800.0,
        "avg_inventory": 1140.8943483988444,
        "avg_backlog": 0.0,
        "service_level": 100.0
      },
      "Retailer_7": {
        "avg_reward": -419.04903438687325,
        "avg_cost": 419.04903438687325,
        "avg_holding_cost": 153418.91842269897,
        "avg_backlog_cost": 0.0,
        "avg_ordering_cost": 1575.0,
        "avg_inventory": 1123.4759601169162,
        "avg_backlog": 0.0,
        "service_level": 100.0
      },
      "Retailer_8": {
        "avg_reward": -424.965033441782,
        "avg_cost": 424.965033441782,
        "avg_holding_cost": 155999.6792526245,
        "avg_backlog_cost": 0.0,
        "avg_ordering_cost": 1575.0,
        "avg_inventory": 1144.1001929389106,
        "avg_backlog": 0.0,
        "service_level": 100.0
      },
      "Retailer_9": {
        "avg_reward": -458.04995715618134,
        "avg_cost": 458.04995715618134,
        "avg_holding_cost": 171108.57430648804,
        "avg_backlog_cost": 0.0,
        "avg_ordering_cost": 1575.0,
        "avg_inventory": 1266.9366518656414,
        "avg_backlog": 0.0,
        "service_level": 100.0
      },
      "Retailer_10": {
        "avg_reward": -459.60896384716034,
        "avg_cost": 459.60896384716034,
        "avg_holding_cost": 171524.03554534912,
        "avg_backlog_cost": 0.0,
        "avg_ordering_cost": 1800.0,
        "avg_inventory": 1268.4501408047147,
        "avg_backlog": 0.0,
        "service_level": 100.0
      },
      "Retailer_11": {
        "avg_reward": -266.64021667838097,
        "avg_cost": 266.64021667838097,
        "avg_holding_cost": 84356.96993255615,
        "avg_backlog_cost": 0.0,
        "avg_ordering_cost": 995.1726760864258,
        "avg_inventory": 665.1999688890245,
        "avg_backlog": 0.0,
        "service_level": 100.0
      },
      "Retailer_12": {
        "avg_reward": -446.7003674507141,
        "avg_cost": 446.7003674507141,
        "avg_holding_cost": 165942.55855941772,
        "avg_backlog_cost": 0.0,
        "avg_ordering_cost": 1575.0,
        "avg_inventory": 1226.1273289998373,
        "avg_backlog": 0.0,
        "service_level": 100.0
      },
      "Retailer_13": {
        "avg_reward": -439.87240770459175,
        "avg_cost": 439.87240770459175,
        "avg_holding_cost": 162589.5005607605,
        "avg_backlog_cost": 0.0,
        "avg_ordering_cost": 1800.0,
        "avg_inventory": 1202.2865040249294,
        "avg_backlog": 0.0,
        "service_level": 100.0
      },
      "Retailer_14": {
        "avg_reward": -439.8689914047718,
        "avg_cost": 439.8689914047718,
        "avg_holding_cost": 162617.68154525757,
        "avg_backlog_cost": 0.0,
        "avg_ordering_cost": 1800.0,
        "avg_inventory": 1201.4361434936523,
        "avg_backlog": 0.0,
        "service_level": 100.0
      },
      "Retailer_15": {
        "avg_reward": -445.00543585419655,
        "avg_cost": 445.00543585419655,
        "avg_holding_cost": 164999.43493652344,
        "avg_backlog_cost": 0.0,
        "avg_ordering_cost": 1575.0,
        "avg_inventory": 1217.7801974826389,
        "avg_backlog": 0.0,
        "service_level": 100.0
      },
      "Retailer_16": {
        "avg_reward": -436.0192899107933,
        "avg_cost": 436.0192899107933,
        "avg_holding_cost": 160847.09896850586,
        "avg_backlog_cost": 0.0,
        "avg_ordering_cost": 1800.0,
        "avg_inventory": 1187.3343975490993,
        "avg_backlog": 0.0,
        "service_level": 100.0
      }
    },
    "dc_cycle_service_level": {
      "0": 74.44444444444444,
      "1": 77.03703703703704
    },
    "system_retailer_fill_rate": 100.0
  },
  "episode_data": [
    {
      "total_reward": -7063.864970207214,
      "total_cost": 7063.864970207214,
      "agent_rewards": [
        -443.23268043994904,
        -240.84530246257782,
        -455.1206435263157,
        -405.185953438282,
        -434.9600502252579,
        -423.8324548602104,
        -424.9081874191761,
        -419.04903438687325,
        -424.965033441782,
        -458.04995715618134,
        -459.60896384716034,
        -266.64021667838097,
        -446.7003674507141,
        -439.87240770459175,
        -439.8689914047718,
        -445.00543585419655,
        -436.0192899107933
      ],
      "agent_costs": [
        443.23268043994904,
        240.84530246257782,
        455.1206435263157,
        405.185953438282,
        434.9600502252579,
        423.8324548602104,
        424.9081874191761,
        419.04903438687325,
        424.965033441782,
        458.04995715618134,
        459.60896384716034,
        266.64021667838097,
        446.7003674507141,
        439.87240770459175,
        439.8689914047718,
        445.00543585419655,
        436.0192899107933
      ],