{
  "metadata": {
    "model_dir": "results/28Mar_gnn1_colab/run_seed_1/models",
    "algorithm": "GNN-HAPPO",
    "num_episodes": 1,
    "episode_length": 90,
    "gnn_type": "GAT",
    "gnn_hidden_dim": 128,
    "gnn_num_layers": 2,
    "single_agent_obs_dim": 28,
    "evaluation_date": "2026-03-28 10:23:44"
  },
  "statistics": {
    "num_episodes": 1,
    "episode_length": 90,
    "total_reward": {
      "mean": -2026.9591475725174,
      "std": 0.0,
      "min": -2026.9591475725174,
      "max": -2026.9591475725174
    },
    "total_cost": {
      "mean": 2026.9591475725174,
      "std": 0.0,
      "min": 2026.9591475725174,
      "max": 2026.9591475725174
    },
    "per_agent": {
      "DC_0": {
        "avg_reward": -94.30235666036606,
        "avg_cost": 94.30235666036606,
        "avg_holding_cost": 12390.76957321167,
        "avg_backlog_cost": 0.0,
        "avg_ordering_cost": 12256.377771377563,
        "avg_inventory": 6886.998638237847,
        "avg_backlog": 0.0,
        "service_level": 100.0
      },
      "DC_1": {
        "avg_reward": -87.46307945251465,
        "avg_cost": 87.46307945251465,
        "avg_holding_cost": 11616.497087478638,
        "avg_backlog_cost": 0.0,
        "avg_ordering_cost": 12289.468971252441,
        "avg_inventory": 6457.130609809028,
        "avg_backlog": 0.0,
        "service_level": 100.0
      },
      "Retailer_2": {
        "avg_reward": -121.12042820453644,
        "avg_cost": 121.12042820453644,
        "avg_holding_cost": 21767.572286605835,
        "avg_backlog_cost": 0.0,
        "avg_ordering_cost": 1133.999948501587,
        "avg_inventory": 324.6618633694119,
        "avg_backlog": 0.0,
        "service_level": 100.0
      },
      "Retailer_3": {
        "avg_reward": -128.13873067498207,
        "avg_cost": 128.13873067498207,
        "avg_holding_cost": 23218.895177841187,
        "avg_backlog_cost": 0.0,
        "avg_ordering_cost": 1269.0000343322754,
        "avg_inventory": 345.73991266886395,
        "avg_backlog": 0.0,
        "service_level": 100.0
      },
      "Retailer_4": {
        "avg_reward": -122.52470853924751,
        "avg_cost": 122.52470853924751,
        "avg_holding_cost": 22039.852968215942,
        "avg_backlog_cost": 0.0,
        "avg_ordering_cost": 1133.999948501587,
        "avg_inventory": 329.33594563802086,
        "avg_backlog": 0.0,
        "service_level": 100.0
      },
      "Retailer_5": {
        "avg_reward": -113.45053234696388,
        "avg_cost": 113.45053234696388,
        "avg_holding_cost": 20116.563053131104,
        "avg_backlog_cost": 0.0,
        "avg_ordering_cost": 1133.999948501587,
        "avg_inventory": 300.79185282389324,
        "avg_backlog": 0.0,
        "service_level": 100.0
      },
      "Retailer_6": {
        "avg_reward": -123.52374336123466,
        "avg_cost": 123.52374336123466,
        "avg_holding_cost": 22198.823387145996,
        "avg_backlog_cost": 0.0,
        "avg_ordering_cost": 1269.0000343322754,
        "avg_inventory": 331.73295237223306,
        "avg_backlog": 0.0,
        "service_level": 100.0
      },
      "Retailer_7": {
        "avg_reward": -118.7277364730835,
        "avg_cost": 118.7277364730835,
        "avg_holding_cost": 21251.050191879272,
        "avg_backlog_cost": 0.0,
        "avg_ordering_cost": 1133.999948501587,
        "avg_inventory": 317.34137132432727,
        "avg_backlog": 0.0,
        "service_level": 100.0
      },
      "Retailer_8": {
        "avg_reward": -120.75313863158226,
        "avg_cost": 120.75313863158226,
        "avg_holding_cost": 21728.128480911255,
        "avg_backlog_cost": 0.0,
        "avg_ordering_cost": 1133.999948501587,
        "avg_inventory": 323.63995649549696,
        "avg_backlog": 0.0,
        "service_level": 100.0
      },
      "Retailer_9": {
        "avg_reward": -127.35164365172386,
        "avg_cost": 127.35164365172386,
        "avg_holding_cost": 23081.546533584595,
        "avg_backlog_cost": 0.0,
        "avg_ordering_cost": 1133.999948501587,
        "avg_inventory": 344.6616557651096,
        "avg_backlog": 0.0,
        "service_level": 100.0
      },
      "Retailer_10": {
        "avg_reward": -124.31502702832222,
        "avg_cost": 124.31502702832222,
        "avg_holding_cost": 22364.863746643066,
        "avg_backlog_cost": 0.0,
        "avg_ordering_cost": 1269.0000343322754,
        "avg_inventory": 334.0603655497233,
        "avg_backlog": 0.0,
        "service_level": 100.0
      },
      "Retailer_11": {
        "avg_reward": -121.72494196891785,
        "avg_cost": 121.72494196891785,
        "avg_holding_cost": 21856.28569793701,
        "avg_backlog_cost": 0.0,
        "avg_ordering_cost": 1269.0000343322754,
        "avg_inventory": 325.9231750488281,
        "avg_backlog": 0.0,
        "service_level": 100.0
      },
      "Retailer_12": {
        "avg_reward": -126.65791589021683,
        "avg_cost": 126.65791589021683,
        "avg_holding_cost": 22983.252950668335,
        "avg_backlog_cost": 0.0,
        "avg_ordering_cost": 1133.999948501587,
        "avg_inventory": 341.9161019219292,
        "avg_backlog": 0.0,
        "service_level": 100.0
      },
      "Retailer_13": {
        "avg_reward": -124.81111463904381,
        "avg_cost": 124.81111463904381,
        "avg_holding_cost": 22497.272331237793,
        "avg_backlog_cost": 0.0,
        "avg_ordering_cost": 1269.0000343322754,
        "avg_inventory": 335.53838500976565,
        "avg_backlog": 0.0,
        "service_level": 100.0
      },
      "Retailer_14": {
        "avg_reward": -125.12808761000633,
        "avg_cost": 125.12808761000633,
        "avg_holding_cost": 22595.50478363037,
        "avg_backlog_cost": 0.0,
        "avg_ordering_cost": 1269.0000343322754,
        "avg_inventory": 336.26588219536677,
        "avg_backlog": 0.0,
        "service_level": 100.0
      },
      "Retailer_15": {
        "avg_reward": -124.05443295836449,
        "avg_cost": 124.05443295836449,
        "avg_holding_cost": 22405.10816001892,
        "avg_backlog_cost": 0.0,
        "avg_ordering_cost": 1133.999948501587,
        "avg_inventory": 334.1172129313151,
        "avg_backlog": 0.0,
        "service_level": 100.0
      },
      "Retailer_16": {
        "avg_reward": -122.91152948141098,
        "avg_cost": 122.91152948141098,
        "avg_holding_cost": 22077.18515396118,
        "avg_backlog_cost": 0.0,
        "avg_ordering_cost": 1269.0000343322754,
        "avg_inventory": 329.49056142171224,
        "avg_backlog": 0.0,
        "service_level": 100.0
      }
    },
    "dc_cycle_service_level": {
      "0": 100.0,
      "1": 100.0
    },
    "system_retailer_fill_rate": 100.0
  },
  "episode_data": [
    {
      "total_reward": -2026.9591475725174,
      "total_cost": 2026.9591475725174,
      "agent_rewards": [
        -94.30235666036606,
        -87.46307945251465,
        -121.12042820453644,
        -128.13873067498207,
        -122.52470853924751,
        -113.45053234696388,
        -123.52374336123466,
        -118.7277364730835,
        -120.75313863158226,
        -127.35164365172386,
        -124.31502702832222,
        -121.72494196891785,
        -126.65791589021683,
        -124.81111463904381,
        -125.12808761000633,
        -124.05443295836449,
        -122.91152948141098
      ],
      "agent_costs": [
        94.30235666036606,
        87.46307945251465,
        121.12042820453644,
        128.13873067498207,
        122.52470853924751,
        113.45053234696388,
        123.52374336123466,
        118.7277364730835,
        120.75313863158226,
        127.35164365172386,
        124.31502702832222,
        121.72494196891785,
        126.65791589021683,
        124.81111463904381,
        125.12808761000633,
        124.05443295836449,
        122.91152948141098
      ],