{
  "metadata": {
    "model_dir": "results/24Mar_gnn1_colab/run_seed_1/models",
    "algorithm": "GNN-HAPPO",
    "num_episodes": 1,
    "episode_length": 90,
    "gnn_type": "GAT",
    "gnn_hidden_dim": 128,
    "gnn_num_layers": 2,
    "single_agent_obs_dim": 28,
    "evaluation_date": "2026-03-24 14:43:06"
  },
  "statistics": {
    "num_episodes": 1,
    "episode_length": 90,
    "total_reward": {
      "mean": -2678.969459950924,
      "std": 0.0,
      "min": -2678.969459950924,
      "max": -2678.969459950924
    },
    "total_cost": {
      "mean": 2678.969459950924,
      "std": 0.0,
      "min": 2678.969459950924,
      "max": 2678.969459950924
    },
    "per_agent": {
      "DC_0": {
        "avg_reward": -121.30356788635254,
        "avg_cost": 121.30356788635254,
        "avg_holding_cost": 45625.79122924805,
        "avg_backlog_cost": 0.0,
        "avg_ordering_cost": 11960.503475189209,
        "avg_inventory": 9221.732020399306,
        "avg_backlog": 0.0,
        "service_level": 100.0
      },
      "DC_1": {
        "avg_reward": -94.67543429136276,
        "avg_cost": 94.67543429136276,
        "avg_holding_cost": 35362.909185409546,
        "avg_backlog_cost": 0.0,
        "avg_ordering_cost": 11914.941372394562,
        "avg_inventory": 8574.195627170138,
        "avg_backlog": 0.0,
        "service_level": 100.0
      },
      "Retailer_2": {
        "avg_reward": -162.8154057264328,
        "avg_cost": 162.8154057264328,
        "avg_holding_cost": 60214.115394592285,
        "avg_backlog_cost": 0.0,
        "avg_ordering_cost": 1421.9999742507935,
        "avg_inventory": 443.66867701212567,
        "avg_backlog": 0.0,
        "service_level": 100.0
      },
      "Retailer_3": {
        "avg_reward": -162.223835170269,
        "avg_cost": 162.223835170269,
        "avg_holding_cost": 59865.13986968994,
        "avg_backlog_cost": 0.0,
        "avg_ordering_cost": 1602.0000171661377,
        "avg_inventory": 442.6668009440104,
        "avg_backlog": 0.0,
        "service_level": 100.0
      },
      "Retailer_4": {
        "avg_reward": -168.92017677426338,
        "avg_cost": 168.92017677426338,
        "avg_holding_cost": 62799.88480377197,
        "avg_backlog_cost": 0.0,
        "avg_ordering_cost": 1421.9999742507935,
        "avg_inventory": 465.4839486863878,
        "avg_backlog": 0.0,
        "service_level": 100.0
      },
      "Retailer_5": {
        "avg_reward": -170.36828324198723,
        "avg_cost": 170.36828324198723,
        "avg_holding_cost": 63474.09272003174,
        "avg_backlog_cost": 0.0,
        "avg_ordering_cost": 1421.9999742507935,
        "avg_inventory": 468.8638110690647,
        "avg_backlog": 0.0,
        "service_level": 100.0
      },
      "Retailer_6": {
        "avg_reward": -158.83536085486412,
        "avg_cost": 158.83536085486412,
        "avg_holding_cost": 58091.42077636719,
        "avg_backlog_cost": 0.0,
        "avg_ordering_cost": 1492.3646006584167,
        "avg_inventory": 430.9741383022732,
        "avg_backlog": 0.0,
        "service_level": 100.0
      },
      "Retailer_7": {
        "avg_reward": -165.0562210381031,
        "avg_cost": 165.0562210381031,
        "avg_holding_cost": 61207.41562271118,
        "avg_backlog_cost": 0.0,
        "avg_ordering_cost": 1421.9999742507935,
        "avg_inventory": 453.8570826212565,
        "avg_backlog": 0.0,
        "service_level": 100.0
      },
      "Retailer_8": {
        "avg_reward": -172.9298548400402,
        "avg_cost": 172.9298548400402,
        "avg_holding_cost": 64622.112968444824,
        "avg_backlog_cost": 0.0,
        "avg_ordering_cost": 1421.9999742507935,
        "avg_inventory": 475.5711477491591,
        "avg_backlog": 0.0,
        "service_level": 100.0
      },
      "Retailer_9": {
        "avg_reward": -170.72589859366417,
        "avg_cost": 170.72589859366417,
        "avg_holding_cost": 63635.74967575073,
        "avg_backlog_cost": 0.0,
        "avg_ordering_cost": 1421.9999742507935,
        "avg_inventory": 466.7495787726508,
        "avg_backlog": 0.0,
        "service_level": 100.0
      },
      "Retailer_10": {
        "avg_reward": -163.71581146121025,
        "avg_cost": 163.71581146121025,
        "avg_holding_cost": 60492.73184585571,
        "avg_backlog_cost": 0.0,
        "avg_ordering_cost": 1602.0000171661377,
        "avg_inventory": 446.64773076375326,
        "avg_backlog": 0.0,
        "service_level": 100.0
      },
      "Retailer_11": {
        "avg_reward": -139.13246858119965,
        "avg_cost": 139.13246858119965,
        "avg_holding_cost": 49421.68436050415,
        "avg_backlog_cost": 0.0,
        "avg_ordering_cost": 1389.8466081619263,
        "avg_inventory": 366.13420240614147,
        "avg_backlog": 0.0,
        "service_level": 100.0
      },
      "Retailer_12": {
        "avg_reward": -169.95900624990463,
        "avg_cost": 169.95900624990463,
        "avg_holding_cost": 63383.646812438965,
        "avg_backlog_cost": 0.0,
        "avg_ordering_cost": 1421.9999742507935,
        "avg_inventory": 467.1632609049479,
        "avg_backlog": 0.0,
        "service_level": 100.0
      },
      "Retailer_13": {
        "avg_reward": -172.07096073031425,
        "avg_cost": 172.07096073031425,
        "avg_holding_cost": 64076.153900146484,
        "avg_backlog_cost": 0.0,
        "avg_ordering_cost": 1602.0000171661377,
        "avg_inventory": 472.0449705335829,
        "avg_backlog": 0.0,
        "service_level": 100.0
      },
      "Retailer_14": {
        "avg_reward": -155.11573508381844,
        "avg_cost": 155.11573508381844,
        "avg_holding_cost": 56522.7917137146,
        "avg_backlog_cost": 0.0,
        "avg_ordering_cost": 1511.2133259773254,
        "avg_inventory": 417.6787401835124,
        "avg_backlog": 0.0,
        "service_level": 100.0
      },
      "Retailer_15": {
        "avg_reward": -168.39878252148628,
        "avg_cost": 168.39878252148628,
        "avg_holding_cost": 62593.44714355469,
        "avg_backlog_cost": 0.0,
        "avg_ordering_cost": 1421.9999742507935,
        "avg_inventory": 464.2431427849664,
        "avg_backlog": 0.0,
        "service_level": 100.0
      },
      "Retailer_16": {
        "avg_reward": -162.7226569056511,
        "avg_cost": 162.7226569056511,
        "avg_holding_cost": 59952.48239898682,
        "avg_backlog_cost": 0.0,
        "avg_ordering_cost": 1602.0000171661377,
        "avg_inventory": 442.3809910244412,
        "avg_backlog": 0.0,
        "service_level": 100.0
      }
    },
    "dc_cycle_service_level": {
      "0": 100.0,
      "1": 100.0
    },
    "system_retailer_fill_rate": 100.0
  },
  "episode_data": [
    {
      "total_reward": -2678.969459950924,
      "total_cost": 2678.969459950924,
      "agent_rewards": [
        -121.30356788635254,
        -94.67543429136276,
        -162.8154057264328,
        -162.223835170269,
        -168.92017677426338,
        -170.36828324198723,
        -158.83536085486412,
        -165.0562210381031,
        -172.9298548400402,
        -170.72589859366417,
        -163.71581146121025,
        -139.13246858119965,
        -169.95900624990463,
        -172.07096073031425,
        -155.11573508381844,
        -168.39878252148628,
        -162.7226569056511
      ],
      "agent_costs": [
        121.30356788635254,
        94.67543429136276,
        162.8154057264328,
        162.223835170269,
        168.92017677426338,
        170.36828324198723,
        158.83536085486412,
        165.0562210381031,
        172.9298548400402,
        170.72589859366417,
        163.71581146121025,
        139.13246858119965,
        169.95900624990463,
        172.07096073031425,
        155.11573508381844,
        168.39878252148628,
        162.7226569056511
      ],