{
  "metadata": {
    "model_dir": "results/31Mar_gnn1_colab/run_seed_1/models",
    "algorithm": "GNN-HAPPO",
    "num_episodes": 1,
    "episode_length": 90,
    "gnn_type": "GAT",
    "gnn_hidden_dim": 128,
    "gnn_num_layers": 2,
    "single_agent_obs_dim": 28,
    "evaluation_date": "2026-03-31 21:25:48"
  },
  "statistics": {
    "num_episodes": 1,
    "episode_length": 90,
    "total_reward": {
      "mean": -438.68577917665243,
      "std": 0.0,
      "min": -438.68577917665243,
      "max": -438.68577917665243
    },
    "total_cost": {
      "mean": 438.68577917665243,
      "std": 0.0,
      "min": 438.68577917665243,
      "max": 438.68577917665243
    },
    "per_agent": {
      "DC_0": {
        "avg_reward": -114.03643995523453,
        "avg_cost": 114.03643995523453,
        "avg_holding_cost": 15831.208150863647,
        "avg_backlog_cost": 0.0,
        "avg_ordering_cost": 11094.366729736328,
        "avg_inventory": 8732.680859375,
        "avg_backlog": 0.0,
        "service_level": 100.0
      },
      "DC_1": {
        "avg_reward": -112.38052892684937,
        "avg_cost": 112.38052892684937,
        "avg_holding_cost": 15567.36332321167,
        "avg_backlog_cost": 0.0,
        "avg_ordering_cost": 10917.959935188293,
        "avg_inventory": 8614.459977213543,
        "avg_backlog": 0.0,
        "service_level": 100.0
      },
      "Retailer_2": {
        "avg_reward": -12.021558374166489,
        "avg_cost": 12.021558374166489,
        "avg_holding_cost": 3321.3186569213867,
        "avg_backlog_cost": 0.0,
        "avg_ordering_cost": 451.12233650684357,
        "avg_inventory": 74.28650559319391,
        "avg_backlog": 0.0,
        "service_level": 100.0
      },
      "Retailer_3": {
        "avg_reward": -17.901985868811607,
        "avg_cost": 17.901985868811607,
        "avg_holding_cost": 4025.824943333864,
        "avg_backlog_cost": 0.3978305757045746,
        "avg_ordering_cost": 576.8780813217163,
        "avg_inventory": 87.76545393202039,
        "avg_backlog": 0.0055254247453477645,
        "service_level": 99.54128440366972
      },
      "Retailer_4": {
        "avg_reward": -22.84952010959387,
        "avg_cost": 22.84952010959387,
        "avg_holding_cost": 3400.8713577571325,
        "avg_backlog_cost": 200.76475059089717,
        "avg_ordering_cost": 508.7847398519516,
        "avg_inventory": 74.10706626044379,
        "avg_backlog": 2.7883992830912274,
        "service_level": 84.65346534653465
      },
      "Retailer_5": {
        "avg_reward": -11.515575379133224,
        "avg_cost": 11.515575379133224,
        "avg_holding_cost": 2811.8879203163087,
        "avg_backlog_cost": 144.08023093640804,
        "avg_ordering_cost": 465.07151651382446,
        "avg_inventory": 59.07351858350966,
        "avg_backlog": 2.0011142869790395,
        "service_level": 91.0377358490566
      },
      "Retailer_6": {
        "avg_reward": -21.880380302667618,
        "avg_cost": 21.880380302667618,
        "avg_holding_cost": 4561.94810962677,
        "avg_backlog_cost": 0.0,
        "avg_ordering_cost": 602.1750408411026,
        "avg_inventory": 101.10225880940756,
        "avg_backlog": 0.0,
        "service_level": 100.0
      },
      "Retailer_7": {
        "avg_reward": -11.549089908599854,
        "avg_cost": 11.549089908599854,
        "avg_holding_cost": 2646.256566412747,
        "avg_backlog_cost": 267.0760877355933,
        "avg_ordering_cost": 414.4777389764786,
        "avg_inventory": 55.321636750963,
        "avg_backlog": 3.7093900124231975,
        "service_level": 82.23350253807106
      },
      "Retailer_8": {
        "avg_reward": -11.158072121441364,
        "avg_cost": 11.158072121441364,
        "avg_holding_cost": 2965.332682132721,
        "avg_backlog_cost": 0.0,
        "avg_ordering_cost": 489.1701933145523,
        "avg_inventory": 64.02503861321344,
        "avg_backlog": 0.0,
        "service_level": 100.0
      },
      "Retailer_9": {
        "avg_reward": -12.864508740603924,
        "avg_cost": 12.864508740603924,
        "avg_holding_cost": 2702.820538468659,
        "avg_backlog_cost": 439.88352236151695,
        "avg_ordering_cost": 437.2604571580887,
        "avg_inventory": 55.66510145399305,
        "avg_backlog": 6.109493255615234,
        "service_level": 85.64814814814815
      },
      "Retailer_10": {
        "avg_reward": -9.85702669620514,
        "avg_cost": 9.85702669620514,
        "avg_holding_cost": 1821.1117084920406,
        "avg_backlog_cost": 308.97662666998804,
        "avg_ordering_cost": 415.0659648180008,
        "avg_inventory": 38.86634959114922,
        "avg_backlog": 4.2958971275223625,
        "service_level": 80.90452261306532
      },
      "Retailer_11": {
        "avg_reward": -16.017146408557892,
        "avg_cost": 16.017146408557892,
        "avg_holding_cost": 2859.127212718129,
        "avg_backlog_cost": 1042.501461327076,
        "avg_ordering_cost": 551.876870393753,
        "avg_inventory": 57.5175668504503,
        "avg_backlog": 14.47918679714203,
        "service_level": 72.72727272727273
      },
      "Retailer_12": {
        "avg_reward": -16.174435421824455,
        "avg_cost": 16.174435421824455,
        "avg_holding_cost": 3333.074814617634,
        "avg_backlog_cost": 0.6503151059150696,
        "avg_ordering_cost": 475.8857820034027,
        "avg_inventory": 72.06621551513672,
        "avg_backlog": 0.009032154083251953,
        "service_level": 99.49238578680203
      },
      "Retailer_13": {
        "avg_reward": -12.064800195395947,
        "avg_cost": 12.064800195395947,
        "avg_holding_cost": 2618.6655082032084,
        "avg_backlog_cost": 7.584493547677994,
        "avg_ordering_cost": 498.8406181335449,
        "avg_inventory": 57.27622706095378,
        "avg_backlog": 0.10534018675486247,
        "service_level": 98.05825242718447
      },
      "Retailer_14": {
        "avg_reward": -11.925416059792042,
        "avg_cost": 11.925416059792042,
        "avg_holding_cost": 3252.2492842674255,
        "avg_backlog_cost": 0.0,
        "avg_ordering_cost": 512.0602613687515,
        "avg_inventory": 71.80587094624838,
        "avg_backlog": 0.0,
        "service_level": 100.0
      },
      "Retailer_15": {
        "avg_reward": -12.587167732417583,
        "avg_cost": 12.587167732417583,
        "avg_holding_cost": 2815.1713785529137,
        "avg_backlog_cost": 140.42022494971752,
        "avg_ordering_cost": 501.54480624198914,
        "avg_inventory": 60.793849309285484,
        "avg_backlog": 1.9506284978654649,
        "service_level": 91.07981220657277
      },
      "Retailer_16": {
        "avg_reward": -11.902126975357533,
        "avg_cost": 11.902126975357533,
        "avg_holding_cost": 2059.5074369460344,
        "avg_backlog_cost": 1002.1977190971375,
        "avg_ordering_cost": 496.3227332830429,
        "avg_inventory": 44.20950853559706,
        "avg_backlog": 13.919412544038561,
        "service_level": 81.95121951219512
      }
    },
    "dc_cycle_service_level": {
      "0": 100.0,
      "1": 100.0
    },
    "system_retailer_fill_rate": 91.105381888495
  },
  "episode_data": [
    {
      "total_reward": -438.68577917665243,
      "total_cost": 438.68577917665243,
      "agent_rewards": [
        -114.03643995523453,
        -112.38052892684937,
        -12.021558374166489,
        -17.901985868811607,
        -22.84952010959387,
        -11.515575379133224,
        -21.880380302667618,
        -11.549089908599854,
        -11.158072121441364,
        -12.864508740603924,
        -9.85702669620514,
        -16.017146408557892,
        -16.174435421824455,
        -12.064800195395947,
        -11.925416059792042,
        -12.587167732417583,
        -11.902126975357533
      ],