{
  "metadata": {
    "model_dir": "results/14Mar_gnn1_colab/run_seed_1/models",
    "algorithm": "GNN-HAPPO",
    "num_episodes": 1,
    "episode_length": 90,
    "gnn_type": "GAT",
    "gnn_hidden_dim": 128,
    "gnn_num_layers": 2,
    "single_agent_obs_dim": 28,
    "evaluation_date": "2026-03-14 15:42:43"
  },
  "statistics": {
    "num_episodes": 1,
    "episode_length": 90,
    "total_reward": {
      "mean": -2470.7261860789295,
      "std": 0.0,
      "min": -2470.7261860789295,
      "max": -2470.7261860789295
    },
    "total_cost": {
      "mean": 2470.7261860789295,
      "std": 0.0,
      "min": 2470.7261860789295,
      "max": 2470.7261860789295
    },
    "per_agent": {
      "DC_0": {
        "avg_reward": -31.798451812937856,
        "avg_cost": 31.798451812937856,
        "avg_holding_cost": 1349.9238004684448,
        "avg_backlog_cost": 0.0,
        "avg_ordering_cost": 51.75919896364212,
        "avg_inventory": 265.9351896497938,
        "avg_backlog": 0.0,
        "service_level": 100.0
      },
      "DC_1": {
        "avg_reward": -31.447900341823697,
        "avg_cost": 31.447900341823697,
        "avg_holding_cost": 1136.5728347301483,
        "avg_backlog_cost": 0.0,
        "avg_ordering_cost": 87.52474230527878,
        "avg_inventory": 270.69602864583334,
        "avg_backlog": 0.0,
        "service_level": 100.0
      },
      "Retailer_2": {
        "avg_reward": -140.4279010023456,
        "avg_cost": 140.4279010023456,
        "avg_holding_cost": 86.06851221062243,
        "avg_backlog_cost": 47886.714639663696,
        "avg_ordering_cost": 7.780204586684704,
        "avg_inventory": 7.750167266527812,
        "avg_backlog": 87.00738591353098,
        "service_level": 24.747474747474747
      },
      "Retailer_3": {
        "avg_reward": -133.903193211474,
        "avg_cost": 133.903193211474,
        "avg_holding_cost": 81.07157440762967,
        "avg_backlog_cost": 44997.990223646164,
        "avg_ordering_cost": 4.454107195138931,
        "avg_inventory": 7.172864580154419,
        "avg_backlog": 81.13469467626678,
        "service_level": 26.288659793814436
      },
      "Retailer_4": {
        "avg_reward": -144.54937288322253,
        "avg_cost": 144.54937288322253,
        "avg_holding_cost": 89.17846909165382,
        "avg_backlog_cost": 49704.19956460595,
        "avg_ordering_cost": 10.934628400951624,
        "avg_inventory": 7.791552064153883,
        "avg_backlog": 92.01689487016863,
        "service_level": 20.0
      },
      "Retailer_5": {
        "avg_reward": -148.3006675024517,
        "avg_cost": 148.3006675024517,
        "avg_holding_cost": 74.485012633726,
        "avg_backlog_cost": 51448.14188718796,
        "avg_ordering_cost": 5.347080335021019,
        "avg_inventory": 6.357329510317909,
        "avg_backlog": 95.35832713445028,
        "service_level": 21.12676056338028
      },
      "Retailer_6": {
        "avg_reward": -172.311837377958,
        "avg_cost": 172.311837377958,
        "avg_holding_cost": 70.40993928909302,
        "avg_backlog_cost": 62319.6285918951,
        "avg_ordering_cost": 10.223602000623941,
        "avg_inventory": 6.276989801724752,
        "avg_backlog": 111.75097959438959,
        "service_level": 20.930232558139537
      },
      "Retailer_7": {
        "avg_reward": -153.2927649070043,
        "avg_cost": 153.2927649070043,
        "avg_holding_cost": 81.03981545567513,
        "avg_backlog_cost": 53776.64884829521,
        "avg_ordering_cost": 10.634824998676777,
        "avg_inventory": 7.207579400804308,
        "avg_backlog": 96.52998657359018,
        "service_level": 23.15270935960591
      },
      "Retailer_8": {
        "avg_reward": -175.71567108342424,
        "avg_cost": 175.71567108342424,
        "avg_holding_cost": 65.24921304732561,
        "avg_backlog_cost": 63859.67244005203,
        "avg_ordering_cost": 12.684433072805405,
        "avg_inventory": 5.813090484009849,
        "avg_backlog": 114.59454736974504,
        "service_level": 19.069767441860467
      },
      "Retailer_9": {
        "avg_reward": -154.7678835856059,
        "avg_cost": 154.7678835856059,
        "avg_holding_cost": 80.1489580720663,
        "avg_backlog_cost": 54373.25487446785,
        "avg_ordering_cost": 5.156088076531887,
        "avg_inventory": 7.100053396489885,
        "avg_backlog": 99.42293793492847,
        "service_level": 21.951219512195124
      },
      "Retailer_10": {
        "avg_reward": -179.84648065501824,
        "avg_cost": 179.84648065501824,
        "avg_holding_cost": 56.510330103337765,
        "avg_backlog_cost": 65674.84867811203,
        "avg_ordering_cost": 7.852689187973738,
        "avg_inventory": 5.266921952035692,
        "avg_backlog": 115.97251641750336,
        "service_level": 18.095238095238095
      },
      "Retailer_11": {
        "avg_reward": -152.1815918921493,
        "avg_cost": 152.1815918921493,
        "avg_holding_cost": 69.97308923862875,
        "avg_backlog_cost": 53196.68507361412,
        "avg_ordering_cost": 11.655260439962149,
        "avg_inventory": 6.057014487849342,
        "avg_backlog": 97.74860908985139,
        "service_level": 23.444976076555022
      },
      "Retailer_12": {
        "avg_reward": -186.62901996914297,
        "avg_cost": 186.62901996914297,
        "avg_holding_cost": 54.863751739263535,
        "avg_backlog_cost": 68669.6583416462,
        "avg_ordering_cost": 9.595438819378614,
        "avg_inventory": 4.940200106302897,
        "avg_backlog": 124.39512714015113,
        "service_level": 15.96244131455399
      },
      "Retailer_13": {
        "avg_reward": -158.21928868815303,
        "avg_cost": 158.21928868815303,
        "avg_holding_cost": 86.56416930630803,
        "avg_backlog_cost": 55952.33268260956,
        "avg_ordering_cost": 5.0116665586829185,
        "avg_inventory": 7.506344509124756,
        "avg_backlog": 100.67804404099782,
        "service_level": 21.1340206185567
      },
      "Retailer_14": {
        "avg_reward": -183.01446168217808,
        "avg_cost": 183.01446168217808,
        "avg_holding_cost": 55.79299212247133,
        "avg_backlog_cost": 67095.47321176529,
        "avg_ordering_cost": 5.659366592764854,
        "avg_inventory": 5.246003802617391,
        "avg_backlog": 116.0915163172616,
        "service_level": 19.090909090909093
      },
      "Retailer_15": {
        "avg_reward": -154.32926737517118,
        "avg_cost": 154.32926737517118,
        "avg_holding_cost": 71.69223479181528,
        "avg_backlog_cost": 54088.75016963482,
        "avg_ordering_cost": 12.223534360527992,
        "avg_inventory": 6.262034297651715,
        "avg_backlog": 97.46816565328174,
        "service_level": 20.689655172413794
      },
      "Retailer_16": {
        "avg_reward": -169.99043210886884,
        "avg_cost": 169.99043210886884,
        "avg_holding_cost": 64.61148443818092,
        "avg_backlog_cost": 61171.47501349449,
        "avg_ordering_cost": 5.226117845624685,
        "avg_inventory": 5.781076653798421,
        "avg_backlog": 108.15264560381571,
        "service_level": 17.78846153846154
      }
    },
    "dc_cycle_service_level": {
      "0": 100.0,
      "1": 100.0
    },
    "system_retailer_fill_rate": 20.838709677419352
  },
  "episode_data": [
    {
      "total_reward": -2470.7261860789295,
      "total_cost": 2470.7261860789295,
      "agent_rewards": [
        -31.798451812937856,
        -31.447900341823697,
        -140.4279010023456,
        -133.903193211474,
        -144.54937288322253,
        -148.3006675024517,
        -172.311837377958,
        -153.2927649070043,
        -175.71567108342424,
        -154.7678835856059,
        -179.84648065501824,
        -152.1815918921493,
        -186.62901996914297,
        -158.21928868815303,
        -183.01446168217808,
        -154.32926737517118,
        -169.99043210886884
      ],