episode,total_reward,total_cost,DC0_reward,DC0_cost,DC0_avg_inv,DC0_avg_bl,DC0_svc_lvl,DC1_reward,DC1_cost,DC1_avg_inv,DC1_avg_bl,DC1_svc_lvl,R2_reward,R2_cost,R2_avg_inv,R2_avg_bl,R2_svc_lvl,R3_reward,R3_cost,R3_avg_inv,R3_avg_bl,R3_svc_lvl,R4_reward,R4_cost,R4_avg_inv,R4_avg_bl,R4_svc_lvl,R5_reward,R5_cost,R5_avg_inv,R5_avg_bl,R5_svc_lvl,R6_reward,R6_cost,R6_avg_inv,R6_avg_bl,R6_svc_lvl,R7_reward,R7_cost,R7_avg_inv,R7_avg_bl,R7_svc_lvl,R8_reward,R8_cost,R8_avg_inv,R8_avg_bl,R8_svc_lvl,R9_reward,R9_cost,R9_avg_inv,R9_avg_bl,R9_svc_lvl,R10_reward,R10_cost,R10_avg_inv,R10_avg_bl,R10_svc_lvl,R11_reward,R11_cost,R11_avg_inv,R11_avg_bl,R11_svc_lvl,R12_reward,R12_cost,R12_avg_inv,R12_avg_bl,R12_svc_lvl,R13_reward,R13_cost,R13_avg_inv,R13_avg_bl,R13_svc_lvl,R14_reward,R14_cost,R14_avg_inv,R14_avg_bl,R14_svc_lvl,R15_reward,R15_cost,R15_avg_inv,R15_avg_bl,R15_svc_lvl,R16_reward,R16_cost,R16_avg_inv,R16_avg_bl,R16_svc_lvl
1,-302490.0350394249,302490.0350394249,-1249.1472778320312,1249.1472778320312,224.47581905788846,0.0,100.0,-1143.6015253067017,1143.6015253067017,217.39294908311632,0.0,100.0,-18827.767899036407,18827.767899036407,7.152825500303879,91.35731337865194,18.761657056686765,-20777.0358171463,20777.0358171463,7.558783448901441,98.90089704460568,20.310669848652445,-20287.28943490982,20287.28943490982,7.237186261307862,99.43813917107052,18.762693740054992,-18332.761409282684,18332.761409282684,7.5510213678081834,87.36436977651384,21.676424156675992,-24527.888731479645,24527.888731479645,5.237159485825234,123.18811730278863,15.496477210694016,-24521.8506398201,24521.8506398201,4.88743376441093,122.5912016219563,16.701080866534394,-22827.427591323853,22827.427591323853,4.857479127051516,112.23428040610419,17.559693722506005,-19370.5142223835,19370.5142223835,6.659203110552497,93.27692388561037,19.2358089957743,-19518.61691069603,19518.61691069603,6.312803859346443,96.8803102519777,20.061323990883814,-17563.08340358734,17563.08340358734,6.2456571384747,85.33649964729945,21.48102456051905,-21182.654089212418,21182.654089212418,6.8368821724007525,105.98256241414282,17.32252630081365,-20581.454508066177,20581.454508066177,6.576545745424099,103.17243955665164,18.84871906780878,-15819.697752952576,15819.697752952576,7.684704367381831,78.23754156165653,24.456105111402714,-17964.399426937103,17964.399426937103,8.10619219300958,88.95788652631971,19.940626611759154,-17994.84439945221,17994.84439945221,5.884646574325032,85.9350815958447,21.42607642820911
