{
  "metadata": {
    "model_dir": "results/12Mar_gnn1/run_seed_1/models",
    "algorithm": "GNN-HAPPO",
    "num_episodes": 1,
    "episode_length": 90,
    "gnn_type": "GAT",
    "gnn_hidden_dim": 128,
    "gnn_num_layers": 2,
    "single_agent_obs_dim": 27,
    "evaluation_date": "2026-03-12 08:53:04"
  },
  "statistics": {
    "num_episodes": 1,
    "episode_length": 90,
    "total_reward": {
      "mean": -302490.0350394249,
      "std": 0.0,
      "min": -302490.0350394249,
      "max": -302490.0350394249
    },
    "total_cost": {
      "mean": 302490.0350394249,
      "std": 0.0,
      "min": 302490.0350394249,
      "max": 302490.0350394249
    },
    "per_agent": {
      "DC_0": {
        "avg_reward": -1249.1472778320312,
        "avg_cost": 1249.1472778320312,
        "avg_holding_cost": 1169.5371429920197,
        "avg_backlog_cost": 0.0,
        "avg_ordering_cost": 79.53573179244995,
        "avg_inventory": 224.47581905788846,
        "avg_backlog": 0.0,
        "service_level": 100.0
      },
      "DC_1": {
        "avg_reward": -1143.6015253067017,
        "avg_cost": 1143.6015253067017,
        "avg_holding_cost": 908.3960454463959,
        "avg_backlog_cost": 0.0,
        "avg_ordering_cost": 235.05492210388184,
        "avg_inventory": 217.39294908311632,
        "avg_backlog": 0.0,
        "service_level": 100.0
      },
      "Retailer_2": {
        "avg_reward": -18827.767899036407,
        "avg_cost": 18827.767899036407,
        "avg_holding_cost": 81.25859179726103,
        "avg_backlog_cost": 17072.529205083847,
        "avg_ordering_cost": 47.34851111471653,
        "avg_inventory": 7.152825500303879,
        "avg_backlog": 91.35731337865194,
        "service_level": 18.761657056686765
      },
      "Retailer_3": {
        "avg_reward": -20777.0358171463,
        "avg_cost": 20777.0358171463,
        "avg_holding_cost": 76.9010327574797,
        "avg_backlog_cost": 19102.824419498444,
        "avg_ordering_cost": 45.9574511051178,
        "avg_inventory": 7.558783448901441,
        "avg_backlog": 98.90089704460568,
        "service_level": 20.310669848652445
      },
      "Retailer_4": {
        "avg_reward": -20287.28943490982,
        "avg_cost": 20287.28943490982,
        "avg_holding_cost": 80.88830282131676,
        "avg_backlog_cost": 18571.82625937462,
        "avg_ordering_cost": 25.030763193964958,
        "avg_inventory": 7.237186261307862,
        "avg_backlog": 99.43813917107052,
        "service_level": 18.762693740054992
      },
      "Retailer_5": {
        "avg_reward": -18332.761409282684,
        "avg_cost": 18332.761409282684,
        "avg_holding_cost": 83.4218066171743,
        "avg_backlog_cost": 16643.30194747448,
        "avg_ordering_cost": 39.57400959730148,
        "avg_inventory": 7.5510213678081834,
        "avg_backlog": 87.36436977651384,
        "service_level": 21.676424156675992
      },
      "Retailer_6": {
        "avg_reward": -24527.888731479645,
        "avg_cost": 24527.888731479645,
        "avg_holding_cost": 61.04738575049032,
        "avg_backlog_cost": 22699.477249622345,
        "avg_ordering_cost": 48.47301334142685,
        "avg_inventory": 5.237159485825234,
        "avg_backlog": 123.18811730278863,
        "service_level": 15.496477210694016
      },
      "Retailer_7": {
        "avg_reward": -24521.8506398201,
        "avg_cost": 24521.8506398201,
        "avg_holding_cost": 55.813033846381586,
        "avg_backlog_cost": 22706.39134144783,
        "avg_ordering_cost": 16.053914323449135,
        "avg_inventory": 4.88743376441093,
        "avg_backlog": 122.5912016219563,
        "service_level": 16.701080866534394
      },
      "Retailer_8": {
        "avg_reward": -22827.427591323853,
        "avg_cost": 22827.427591323853,
        "avg_holding_cost": 54.41213834640803,
        "avg_backlog_cost": 21028.647797048092,
        "avg_ordering_cost": 54.2287133038044,
        "avg_inventory": 4.857479127051516,
        "avg_backlog": 112.23428040610419,
        "service_level": 17.559693722506005
      },
      "Retailer_9": {
        "avg_reward": -19370.5142223835,
        "avg_cost": 19370.5142223835,
        "avg_holding_cost": 74.48251685552532,
        "avg_backlog_cost": 17613.61579966545,
        "avg_ordering_cost": 41.046812906861305,
        "avg_inventory": 6.659203110552497,
        "avg_backlog": 93.27692388561037,
        "service_level": 19.2358089957743
      },
      "Retailer_10": {
        "avg_reward": -19518.61691069603,
        "avg_cost": 19518.61691069603,
        "avg_holding_cost": 71.74860726227053,
        "avg_backlog_cost": 17786.699493050575,
        "avg_ordering_cost": 25.39515021443367,
        "avg_inventory": 6.312803859346443,
        "avg_backlog": 96.8803102519777,
        "service_level": 20.061323990883814
      },
      "Retailer_11": {
        "avg_reward": -17563.08340358734,
        "avg_cost": 17563.08340358734,
        "avg_holding_cost": 71.5463838735377,
        "avg_backlog_cost": 15817.034431576729,
        "avg_ordering_cost": 26.050651729106903,
        "avg_inventory": 6.2456571384747,
        "avg_backlog": 85.33649964729945,
        "service_level": 21.48102456051905
      },
      "Retailer_12": {
        "avg_reward": -21182.654089212418,
        "avg_cost": 21182.654089212418,
        "avg_holding_cost": 79.21630405820906,
        "avg_backlog_cost": 19456.238114595413,
        "avg_ordering_cost": 40.511274605989456,
        "avg_inventory": 6.8368821724007525,
        "avg_backlog": 105.98256241414282,
        "service_level": 17.32252630081365
      },
      "Retailer_13": {
        "avg_reward": -20581.454508066177,
        "avg_cost": 20581.454508066177,
        "avg_holding_cost": 72.97060107439756,
        "avg_backlog_cost": 18848.507343769073,
        "avg_ordering_cost": 24.626253977417946,
        "avg_inventory": 6.576545745424099,
        "avg_backlog": 103.17243955665164,
        "service_level": 18.84871906780878
      },
      "Retailer_14": {
        "avg_reward": -15819.697752952576,
        "avg_cost": 15819.697752952576,
        "avg_holding_cost": 88.95740408200072,
        "avg_backlog_cost": 14131.782766103745,
        "avg_ordering_cost": 28.753234520554543,
        "avg_inventory": 7.684704367381831,
        "avg_backlog": 78.23754156165653,
        "service_level": 24.456105111402714
      },
      "Retailer_15": {
        "avg_reward": -17964.399426937103,
        "avg_cost": 17964.399426937103,
        "avg_holding_cost": 92.01616567821475,
        "avg_backlog_cost": 16264.342667490244,
        "avg_ordering_cost": 41.73352415859699,
        "avg_inventory": 8.10619219300958,
        "avg_backlog": 88.95788652631971,
        "service_level": 19.940626611759154
      },
      "Retailer_16": {
        "avg_reward": -17994.84439945221,
        "avg_cost": 17994.84439945221,
        "avg_holding_cost": 65.08079414907843,
        "avg_backlog_cost": 16188.432153880596,
        "avg_ordering_cost": 56.58370904624462,
        "avg_inventory": 5.884646574325032,
        "avg_backlog": 85.9350815958447,
        "service_level": 21.42607642820911
      }
    }
  },
  "episode_data": [
    {
      "total_reward": -302490.0350394249,
      "total_cost": 302490.0350394249,
      "agent_rewards": [
        -1249.1472778320312,
        -1143.6015253067017,
        -18827.767899036407,
        -20777.0358171463,
        -20287.28943490982,
        -18332.761409282684,
        -24527.888731479645,
        -24521.8506398201,
        -22827.427591323853,
        -19370.5142223835,
        -19518.61691069603,
        -17563.08340358734,
        -21182.654089212418,
        -20581.454508066177,
        -15819.697752952576,
        -17964.399426937103,
        -17994.84439945221
      ],