{
  "metadata": {
    "model_dir": "results/07Apr_gnn_kaggle/run_seed_1/models",
    "algorithm": "GNN-HAPPO",
    "num_episodes": 1,
    "episode_length": 90,
    "gnn_type": "GAT",
    "gnn_hidden_dim": 128,
    "gnn_num_layers": 2,
    "single_agent_obs_dim": 28,
    "evaluation_date": "2026-04-08 23:12:51"
  },
  "statistics": {
    "num_episodes": 1,
    "episode_length": 90,
    "total_reward": {
      "mean": -372.8094438314438,
      "std": 0.0,
      "min": -372.8094438314438,
      "max": -372.8094438314438
    },
    "total_cost": {
      "mean": 372.8094438314438,
      "std": 0.0,
      "min": 372.8094438314438,
      "max": 372.8094438314438
    },
    "per_agent": {
      "DC_0": {
        "avg_reward": -113.5546527504921,
        "avg_cost": 113.5546527504921,
        "avg_holding_cost": 15694.100057601929,
        "avg_backlog_cost": 0.0,
        "avg_ordering_cost": 11679.401381492615,
        "avg_inventory": 8636.01204969618,
        "avg_backlog": 0.0,
        "service_level": 100.0
      },
      "DC_1": {
        "avg_reward": -107.00378209352493,
        "avg_cost": 107.00378209352493,
        "avg_holding_cost": 14646.56460571289,
        "avg_backlog_cost": 0.0,
        "avg_ordering_cost": 11058.637340545654,
        "avg_inventory": 8144.7668674045135,
        "avg_backlog": 0.0,
        "service_level": 100.0
      },
      "Retailer_2": {
        "avg_reward": -16.11637944728136,
        "avg_cost": 16.11637944728136,
        "avg_holding_cost": 4002.447581768036,
        "avg_backlog_cost": 0.0,
        "avg_ordering_cost": 338.15927439928055,
        "avg_inventory": 90.92828420003255,
        "avg_backlog": 0.0,
        "service_level": 100.0
      },
      "Retailer_3": {
        "avg_reward": -9.413226142525673,
        "avg_cost": 9.413226142525673,
        "avg_holding_cost": 2705.7714125216007,
        "avg_backlog_cost": 5.472439736127853,
        "avg_ordering_cost": 308.030542075634,
        "avg_inventory": 56.773080317179364,
        "avg_backlog": 0.05527716742621528,
        "service_level": 97.54901960784314
      },
      "Retailer_4": {
        "avg_reward": -10.366932734847069,
        "avg_cost": 10.366932734847069,
        "avg_holding_cost": 2562.8520592302084,
        "avg_backlog_cost": 224.04951202869415,
        "avg_ordering_cost": 282.9874704480171,
        "avg_inventory": 54.68705016242133,
        "avg_backlog": 2.2631262991163466,
        "service_level": 81.68316831683168
      },
      "Retailer_5": {
        "avg_reward": -9.531482949852943,
        "avg_cost": 9.531482949852943,
        "avg_holding_cost": 2853.95087569952,
        "avg_backlog_cost": 0.0,
        "avg_ordering_cost": 328.9139537215233,
        "avg_inventory": 61.58437101576063,
        "avg_backlog": 0.0,
        "service_level": 100.0
      },
      "Retailer_6": {
        "avg_reward": -8.420302242040634,
        "avg_cost": 8.420302242040634,
        "avg_holding_cost": 1391.3077151179314,
        "avg_backlog_cost": 413.1502875983715,
        "avg_ordering_cost": 243.17194211483002,
        "avg_inventory": 29.519850868648952,
        "avg_backlog": 4.173235093222724,
        "service_level": 83.33333333333334
      },
      "Retailer_7": {
        "avg_reward": -7.579941734671593,
        "avg_cost": 7.579941734671593,
        "avg_holding_cost": 1236.121426886879,
        "avg_backlog_cost": 227.26977089047432,
        "avg_ordering_cost": 257.35054475069046,
        "avg_inventory": 25.864643573760986,
        "avg_backlog": 2.295654214090771,
        "service_level": 81.02564102564102
      },
      "Retailer_8": {
        "avg_reward": -9.935052588582039,
        "avg_cost": 9.935052588582039,
        "avg_holding_cost": 2909.3093366622925,
        "avg_backlog_cost": 0.0,
        "avg_ordering_cost": 312.1736370921135,
        "avg_inventory": 66.3214934878879,
        "avg_backlog": 0.0,
        "service_level": 100.0
      },
      "Retailer_9": {
        "avg_reward": -10.113586947321892,
        "avg_cost": 10.113586947321892,
        "avg_holding_cost": 3145.9909207820892,
        "avg_backlog_cost": 0.0,
        "avg_ordering_cost": 310.90010237693787,
        "avg_inventory": 68.92735002305773,
        "avg_backlog": 0.0,
        "service_level": 100.0
      },
      "Retailer_10": {
        "avg_reward": -14.79393494874239,
        "avg_cost": 14.79393494874239,
        "avg_holding_cost": 2700.4035898353904,
        "avg_backlog_cost": 864.6743792742491,
        "avg_ordering_cost": 305.9129047393799,
        "avg_inventory": 54.20302181243896,
        "avg_backlog": 8.734084486961365,
        "service_level": 78.28282828282829
      },
      "Retailer_11": {
        "avg_reward": -10.175612982362509,
        "avg_cost": 10.175612982362509,
        "avg_holding_cost": 2302.0954051613808,
        "avg_backlog_cost": 465.29486459493637,
        "avg_ordering_cost": 284.97323685884476,
        "avg_inventory": 50.5610360039605,
        "avg_backlog": 4.699947995609707,
        "service_level": 88.0184331797235
      },
      "Retailer_12": {
        "avg_reward": -9.182398431003094,
        "avg_cost": 9.182398431003094,
        "avg_holding_cost": 2653.3068239688873,
        "avg_backlog_cost": 0.0,
        "avg_ordering_cost": 282.8962829709053,
        "avg_inventory": 60.99945225185818,
        "avg_backlog": 0.0,
        "service_level": 100.0
      },
      "Retailer_13": {
        "avg_reward": -6.728416159749031,
        "avg_cost": 6.728416159749031,
        "avg_holding_cost": 1404.0824621766806,
        "avg_backlog_cost": 27.571689951699227,
        "avg_ordering_cost": 308.49424117803574,
        "avg_inventory": 30.379055054982505,
        "avg_backlog": 0.27850191063351104,
        "service_level": 93.77990430622009
      },
      "Retailer_14": {
        "avg_reward": -10.800638541579247,
        "avg_cost": 10.800638541579247,
        "avg_holding_cost": 3357.3756680488586,
        "avg_backlog_cost": 0.0,
        "avg_ordering_cost": 337.297201693058,
        "avg_inventory": 73.82069795396593,
        "avg_backlog": 0.0,
        "service_level": 100.0
      },
      "Retailer_15": {
        "avg_reward": -10.073742054402828,
        "avg_cost": 10.073742054402828,
        "avg_holding_cost": 3001.1567112505436,
        "avg_backlog_cost": 5.383488237857819,
        "avg_ordering_cost": 298.0019109249115,
        "avg_inventory": 65.28808068169488,
        "avg_backlog": 0.054378668467203774,
        "service_level": 98.00995024875621
      },
      "Retailer_16": {
        "avg_reward": -9.019361082464457,
        "avg_cost": 9.019361082464457,
        "avg_holding_cost": 2420.5674808323383,
        "avg_backlog_cost": 23.952040505595505,
        "avg_ordering_cost": 308.5685395002365,
        "avg_inventory": 51.9483069313897,
        "avg_backlog": 0.24193980031543308,
        "service_level": 96.07843137254902
      }
    },
    "dc_cycle_service_level": {
      "0": 100.0,
      "1": 100.0
    },
    "system_retailer_fill_rate": 93.37407526535864
  },
  "episode_data": [
    {
      "total_reward": -372.8094438314438,
      "total_cost": 372.8094438314438,
      "agent_rewards": [
        -113.5546527504921,
        -107.00378209352493,
        -16.11637944728136,
        -9.413226142525673,
        -10.366932734847069,
        -9.531482949852943,
        -8.420302242040634,
        -7.579941734671593,
        -9.935052588582039,
        -10.113586947321892,
        -14.79393494874239,
        -10.175612982362509,
        -9.182398431003094,
        -6.728416159749031,
        -10.800638541579247,
        -10.073742054402828,
        -9.019361082464457
      ],