{
  "Scenario_1_Balanced": {
    "BaseStock": {
      "total_cost": {
        "mean": 40249.99895716618,
        "std": 0.0,
        "min": 40249.99895716618,
        "max": 40249.99895716618
      },
      "fill_rate": {
        "mean": 98.57006673021925,
        "std": 0.0,
        "min": 98.57006673021925,
        "max": 98.57006673021925
      },
      "lost_sales": {
        "mean": 45.0,
        "std": 0.0,
        "min": 45.0,
        "max": 45.0
      },
      "avg_inventory": {
        "mean": 626.1569586937724,
        "std": 0.0,
        "min": 626.1569586937724,
        "max": 626.1569586937724
      },
      "inventory_turnover": {
        "mean": 191.74505442802916,
        "std": 0.0,
        "min": 191.74505442802916,
        "max": 191.74505442802916
      },
      "osa": {
        "mean": 100.0,
        "std": 0.0,
        "min": 100.0,
        "max": 100.0
      }
    },
    "HAPPO": {
      "total_cost": {
        "mean": 605334.5849039985,
        "std": 0.0,
        "min": 605334.5849039985,
        "max": 605334.5849039985
      },
      "fill_rate": {
        "mean": 78.54615632036025,
        "std": 0.0,
        "min": 78.54615632036025,
        "max": 78.54615632036025
      },
      "lost_sales": {
        "mean": 667.0,
        "std": 0.0,
        "min": 667.0,
        "max": 667.0
      },
      "avg_inventory": {
        "mean": 6934.640255825816,
        "std": 0.0,
        "min": 6934.640255825816,
        "max": 6934.640255825816
      },
      "inventory_turnover": {
        "mean": 92.74488048330184,
        "std": 0.0,
        "min": 92.74488048330184,
        "max": 92.74488048330184
      },
      "osa": {
        "mean": 100.0,
        "std": 0.0,
        "min": 100.0,
        "max": 100.0
      }
    },
    "GNN-HAPPO": {
      "total_cost": {
        "mean": 608101.4595204439,
        "std": 0.0,
        "min": 608101.4595204439,
        "max": 608101.4595204439
      },
      "fill_rate": {
        "mean": 87.61659697651977,
        "std": 0.0,
        "min": 87.61659697651977,
        "max": 87.61659697651977
      },
      "lost_sales": {
        "mean": 385.0,
        "std": 0.0,
        "min": 385.0,
        "max": 385.0
      },
      "avg_inventory": {
        "mean": 6912.39573158314,
        "std": 0.0,
        "min": 6912.39573158314,
        "max": 6912.39573158314
      },
      "inventory_turnover": {
        "mean": 63.44026876153979,
        "std": 0.0,
        "min": 63.44026876153979,
        "max": 63.44026876153979
      },
      "osa": {
        "mean": 100.0,
        "std": 0.0,
        "min": 100.0,
        "max": 100.0
      }
    }
  },
  "Scenario_2_HighDemand": {
    "BaseStock": {
      "total_cost": {
        "mean": 34518.44773097436,
        "std": 0.0,
        "min": 34518.44773097436,
        "max": 34518.44773097436
      },
      "fill_rate": {
        "mean": 94.26684280052841,
        "std": 0.0,
        "min": 94.26684280052841,
        "max": 94.26684280052841
      },
      "lost_sales": {
        "mean": 217.0,
        "std": 0.0,
        "min": 217.0,
        "max": 217.0
      },
      "avg_inventory": {
        "mean": 518.5824008726605,
        "std": 0.0,
        "min": 518.5824008726605,
        "max": 518.5824008726605
      },
      "inventory_turnover": {
        "mean": 449.9408729454727,
        "std": 0.0,
        "min": 449.9408729454727,
        "max": 449.9408729454727
      },
      "osa": {
        "mean": 100.0,
        "std": 0.0,
        "min": 100.0,
        "max": 100.0
      }
    },
    "HAPPO": {
      "total_cost": {
        "mean": 638537.6096218079,
        "std": 0.0,
        "min": 638537.6096218079,
        "max": 638537.6096218079
      },
      "fill_rate": {
        "mean": 45.43025120256547,
        "std": 0.0,
        "min": 45.43025120256547,
        "max": 45.43025120256547
      },
      "lost_sales": {
        "mean": 2042.0,
        "std": 0.0,
        "min": 2042.0,
        "max": 2042.0
      },
      "avg_inventory": {
        "mean": 6863.993029196084,
        "std": 0.0,
        "min": 6863.993029196084,
        "max": 6863.993029196084
      },
      "inventory_turnover": {
        "mean": 352.81457710809565,
        "std": 0.0,
        "min": 352.81457710809565,
        "max": 352.81457710809565
      },
      "osa": {
        "mean": 72.88888888888889,
        "std": 0.0,
        "min": 72.88888888888889,
        "max": 72.88888888888889
      }
    },
    "GNN-HAPPO": {
      "total_cost": {
        "mean": 619323.663385404,
        "std": 0.0,
        "min": 619323.663385404,
        "max": 619323.663385404
      },
      "fill_rate": {
        "mean": 54.462854088722615,
        "std": 0.0,
        "min": 54.462854088722615,
        "max": 54.462854088722615
      },
      "lost_sales": {
        "mean": 1704.0,
        "std": 0.0,
        "min": 1704.0,
        "max": 1704.0
      },
      "avg_inventory": {
        "mean": 6836.206444292443,
        "std": 0.0,
        "min": 6836.206444292443,
        "max": 6836.206444292443
      },
      "inventory_turnover": {
        "mean": 276.8566084027425,
        "std": 0.0,
        "min": 276.8566084027425,
        "max": 276.8566084027425
      },
      "osa": {
        "mean": 87.11111111111111,
        "std": 0.0,
        "min": 87.11111111111111,
        "max": 87.11111111111111
      }
    }
  },
  "Scenario_3_Extreme_Stress": {
    "BaseStock": {
      "total_cost": {
        "mean": 39542.839779903785,
        "std": 0.0,
        "min": 39542.839779903785,
        "max": 39542.839779903785
      },
      "fill_rate": {
        "mean": 94.66154919748779,
        "std": 0.0,
        "min": 94.66154919748779,
        "max": 94.66154919748779
      },
      "lost_sales": {
        "mean": 153.0,
        "std": 0.0,
        "min": 153.0,
        "max": 153.0
      },
      "avg_inventory": {
        "mean": 598.6768886254503,
        "std": 0.0,
        "min": 598.6768886254503,
        "max": 598.6768886254503
      },
      "inventory_turnover": {
        "mean": 237.95768247595987,
        "std": 0.0,
        "min": 237.95768247595987,
        "max": 237.95768247595987
      },
      "osa": {
        "mean": 100.0,
        "std": 0.0,
        "min": 100.0,
        "max": 100.0
      }
    },
    "HAPPO": {
      "total_cost": {
        "mean": 646909.8697204008,
        "std": 0.0,
        "min": 646909.8697204008,
        "max": 646909.8697204008
      },
      "fill_rate": {
        "mean": 55.86158192090396,
        "std": 0.0,
        "min": 55.86158192090396,
        "max": 55.86158192090396
      },
      "lost_sales": {
        "mean": 1250.0,
        "std": 0.0,
        "min": 1250.0,
        "max": 1250.0
      },
      "avg_inventory": {
        "mean": 6938.323504310807,
        "std": 0.0,
        "min": 6938.323504310807,
        "max": 6938.323504310807
      },
      "inventory_turnover": {
        "mean": 114.1771196290438,
        "std": 0.0,
        "min": 114.1771196290438,
        "max": 114.1771196290438
      },
      "osa": {
        "mean": 100.0,
        "std": 0.0,
        "min": 100.0,
        "max": 100.0
      }
    },
    "GNN-HAPPO": {
      "total_cost": {
        "mean": 623189.0225671325,
        "std": 0.0,
        "min": 623189.0225671325,
        "max": 623189.0225671325
      },
      "fill_rate": {
        "mean": 65.78389830508475,
        "std": 0.0,
        "min": 65.78389830508475,
        "max": 65.78389830508475
      },
      "lost_sales": {
        "mean": 969.0,
        "std": 0.0,
        "min": 969.0,
        "max": 969.0
      },
      "avg_inventory": {
        "mean": 6903.750327192568,
        "std": 0.0,
        "min": 6903.750327192568,
        "max": 6903.750327192568
      },
      "inventory_turnover": {
        "mean": 93.90611181895802,
        "std": 0.0,
        "min": 93.90611181895802,
        "max": 93.90611181895802
      },
      "osa": {
        "mean": 100.0,
        "std": 0.0,