{
  "Scenario_1_Balanced": {
    "BaseStock": {
      "total_cost": {
        "mean": 39890.29254799932,
        "std": 363.13675846896183,
        "min": 39267.232677684944,
        "max": 40576.13388168652
      },
      "fill_rate": {
        "mean": 98.27598531712289,
        "std": 0.20992133460348156,
        "min": 97.93912492073558,
        "max": 98.61067256078307
      },
      "lost_sales": {
        "mean": 54.1,
        "std": 6.594694837519019,
        "min": 44.0,
        "max": 65.0
      },
      "avg_inventory": {
        "mean": 125.33777756048963,
        "std": 1.0030509620280033,
        "min": 124.16986869051567,
        "max": 127.39741025718989
      },
      "inventory_turnover": {
        "mean": 191.8492802634971,
        "std": 4.372006921833267,
        "min": 183.92746887378843,
        "max": 199.3591555841412
      },
      "osa": {
        "mean": 100.0,
        "std": 0.0,
        "min": 100.0,
        "max": 100.0
      }
    },
    "HAPPO": {
      "total_cost": {
        "mean": 203851.2946131006,
        "std": 2454.1709754024637,
        "min": 199832.91190522976,
        "max": 207822.86626209374
      },
      "fill_rate": {
        "mean": 79.24167248808664,
        "std": 0.5910532140215612,
        "min": 78.26771653543307,
        "max": 80.15340364333653
      },
      "lost_sales": {
        "mean": 650.9,
        "std": 19.730433345469123,
        "min": 621.0,
        "max": 690.0
      },
      "avg_inventory": {
        "mean": 739.6189187289219,
        "std": 2.3843523479051685,
        "min": 734.4923351649364,
        "max": 742.9917363434835
      },
      "inventory_turnover": {
        "mean": 93.04538091945967,
        "std": 1.07067701646237,
        "min": 91.37612994104961,
        "max": 94.75531615179054
      },
      "osa": {
        "mean": 100.0,
        "std": 0.0,
        "min": 100.0,
        "max": 100.0
      }
    },
    "GNN-HAPPO": {
      "total_cost": {
        "mean": 198220.31191810264,
        "std": 2770.3176464241355,
        "min": 193886.25880573288,
        "max": 202891.2148702949
      },
      "fill_rate": {
        "mean": 89.25744089697199,
        "std": 1.861257664460193,
        "min": 86.23622047244095,
        "max": 92.36177692553531
      },
      "lost_sales": {
        "mean": 337.0,
        "std": 59.52814460404423,
        "min": 239.0,
        "max": 437.0
      },
      "avg_inventory": {
        "mean": 727.2449555686252,
        "std": 1.6823159906455225,
        "min": 723.6184293273228,
        "max": 729.5555048150953
      },
      "inventory_turnover": {
        "mean": 65.7631689101037,
        "std": 2.3852463132097523,
        "min": 62.35390627652832,
        "max": 69.73839176175923
      },
      "osa": {
        "mean": 100.0,
        "std": 0.0,
        "min": 100.0,
        "max": 100.0
      }
    }
  },
  "Scenario_2_HighDemand": {
    "BaseStock": {
      "total_cost": {
        "mean": 36959.64228384271,
        "std": 1255.4157262913977,
        "min": 35589.7655910789,
        "max": 40333.94551913336
      },
      "fill_rate": {
        "mean": 96.01746456668154,
        "std": 0.18049479452791642,
        "min": 95.81612992017617,
        "max": 96.39273121779223
      },
      "lost_sales": {
        "mean": 145.7,
        "std": 6.372597586541928,
        "min": 133.0,
        "max": 152.0
      },
      "avg_inventory": {
        "mean": 90.0914968121675,
        "std": 1.6178146770524062,
        "min": 87.13631945747176,
        "max": 92.77060847360322
      },
      "inventory_turnover": {
        "mean": 368.56635890680843,
        "std": 11.059347452467666,
        "min": 345.7841986158919,
        "max": 384.5940635618816
      },
      "osa": {
        "mean": 99.99259259259259,
        "std": 0.022222222222222855,
        "min": 99.92592592592592,
        "max": 100.0
      }
    },
    "HAPPO": {
      "total_cost": {
        "mean": 212754.1658568419,
        "std": 2334.755686156001,
        "min": 209388.6486597011,
        "max": 216339.27266591947
      },
      "fill_rate": {
        "mean": 49.55958586232612,
        "std": 0.5071239092023272,
        "min": 48.810500410172274,
        "max": 50.32804811372335
      },
      "lost_sales": {
        "mean": 1841.9,
        "std": 17.096490868011486,
        "min": 1817.0,
        "max": 1872.0
      },
      "avg_inventory": {
        "mean": 676.6936652498466,
        "std": 2.327778228702166,
        "min": 671.8278743388606,
        "max": 679.8213521613698
      },
      "inventory_turnover": {
        "mean": 308.03260362788603,
        "std": 2.7588097846156314,
        "min": 302.3383996537362,
        "max": 310.9656898254321
      },
      "osa": {
        "mean": 72.38518518518518,
        "std": 1.6536280103783374,
        "min": 69.85185185185186,
        "max": 74.81481481481481
      }
    },
    "GNN-HAPPO": {
      "total_cost": {
        "mean": 185380.45314239833,
        "std": 3370.774283758164,
        "min": 180135.02344023174,
        "max": 192590.10518137098
      },
      "fill_rate": {
        "mean": 63.86449330799318,
        "std": 1.5031431268917441,
        "min": 61.95175438596491,
        "max": 67.41970604246053
      },
      "lost_sales": {
        "mean": 1319.4,
        "std": 51.357959461022205,
        "min": 1197.0,
        "max": 1388.0
      },
      "avg_inventory": {
        "mean": 658.8983639158503,
        "std": 1.8904159219395171,
        "min": 654.8928565615338,
        "max": 661.3654721519138
      },
      "inventory_turnover": {
        "mean": 232.533330728407,
        "std": 12.477178294811011,
        "min": 214.6059927094069,
        "max": 252.49979085879326
      },
      "osa": {
        "mean": 87.85185185185185,
        "std": 1.6079364208847584,
        "min": 85.62962962962962,
        "max": 90.66666666666667
      }
    }
  },
  "Scenario_3_Extreme_Stress": {
    "BaseStock": {
      "total_cost": {
        "mean": 38930.600430116014,
        "std": 347.0995741278308,
        "min": 38028.240335458606,
        "max": 39298.278721058254
      },
      "fill_rate": {
        "mean": 96.9350233633534,
        "std": 0.2561552733601641,
        "min": 96.38635596082405,
        "max": 97.25702675245513
      },
      "lost_sales": {
        "mean": 89.5,
        "std": 7.762087348130012,
        "min": 81.0,
        "max": 107.0
      },
      "avg_inventory": {
        "mean": 117.69311138410194,
        "std": 1.876069346063307,
        "min": 114.95081022206475,
        "max": 120.63687140926037
      },
      "inventory_turnover": {
        "mean": 217.99644415646435,
        "std": 5.146037216230687,
        "min": 211.5307461215492,
        "max": 226.17987216490127
      },
      "osa": {
        "mean": 100.0,
        "std": 0.0,
        "min": 100.0,
        "max": 100.0
      }
    },
    "HAPPO": {
      "total_cost": {
        "mean": 210548.08832674153,
        "std": 2409.782812286226,
        "min": 206580.42498824716,
        "max": 213928.3305155193
      },
      "fill_rate": {
        "mean": 60.07331293678821,
        "std": 0.7372975753299386,
        "min": 58.53161114887831,
        "max": 61.17003079028396
      },
      "lost_sales": {
        "mean": 1167.1,
        "std": 25.01379619330101,
        "min": 1135.0,
        "max": 1220.0
      },
      "avg_inventory": {
        "mean": 734.4791232840687,
        "std": 2.3767927574871615,
        "min": 729.8347337121278,
        "max": 738.2279767580281
      },
      "inventory_turnover": {
        "mean": 145.78488765576026,
        "std": 2.3211100165557887,
        "min": 142.41823575868975,
        "max": 149.6946751093411
      },
      "osa": {
        "mean": 100.0,
        "std": 0.0,
        "min": 100.0,
        "max": 100.0
      }
    },
    "GNN-HAPPO": {
      "total_cost": {
        "mean": 187931.1288676997,
        "std": 2871.2407158061123,
        "min": 184841.39257617024,