episode,total_reward,total_cost,DC0_reward,DC0_cost,DC0_avg_inv,DC0_avg_bl,DC0_svc_lvl,DC1_reward,DC1_cost,DC1_avg_inv,DC1_avg_bl,DC1_svc_lvl,R2_reward,R2_cost,R2_avg_inv,R2_avg_bl,R2_svc_lvl,R3_reward,R3_cost,R3_avg_inv,R3_avg_bl,R3_svc_lvl,R4_reward,R4_cost,R4_avg_inv,R4_avg_bl,R4_svc_lvl,R5_reward,R5_cost,R5_avg_inv,R5_avg_bl,R5_svc_lvl,R6_reward,R6_cost,R6_avg_inv,R6_avg_bl,R6_svc_lvl,R7_reward,R7_cost,R7_avg_inv,R7_avg_bl,R7_svc_lvl,R8_reward,R8_cost,R8_avg_inv,R8_avg_bl,R8_svc_lvl,R9_reward,R9_cost,R9_avg_inv,R9_avg_bl,R9_svc_lvl,R10_reward,R10_cost,R10_avg_inv,R10_avg_bl,R10_svc_lvl,R11_reward,R11_cost,R11_avg_inv,R11_avg_bl,R11_svc_lvl,R12_reward,R12_cost,R12_avg_inv,R12_avg_bl,R12_svc_lvl,R13_reward,R13_cost,R13_avg_inv,R13_avg_bl,R13_svc_lvl,R14_reward,R14_cost,R14_avg_inv,R14_avg_bl,R14_svc_lvl,R15_reward,R15_cost,R15_avg_inv,R15_avg_bl,R15_svc_lvl,R16_reward,R16_cost,R16_avg_inv,R16_avg_bl,R16_svc_lvl
1,-33477.98426883656,33477.98426883656,-12135.163307130337,12135.163307130337,0.0,0.0,0.0,-13845.603901796043,13845.603901796043,0.0,0.0,0.0,-461.8191250571981,461.8191250571981,21.32946372297075,53.1599462946256,40.39408866995074,-513.6943542994559,513.6943542994559,16.02265855736203,94.73670946359634,31.775700934579437,-500.49945633485913,500.49945633485913,13.779456943935818,85.7327479938666,30.414746543778804,-496.33611468598247,496.33611468598247,17.80599047872755,77.44885127014584,38.388625592417064,-502.8239975683391,502.8239975683391,16.339539740482966,84.41261512438456,29.230769230769234,-490.1328305210918,490.1328305210918,19.569416152106392,76.7116152246793,36.36363636363637,-500.3599896207452,500.3599896207452,17.651260250144535,80.7432224114736,34.146341463414636,-496.8162713460624,496.8162713460624,19.286000494824517,81.41927173137665,34.92822966507177,-490.2384937563911,490.2384937563911,17.50052811967002,75.29817774825626,32.83582089552239,-505.0200421065092,505.0200421065092,13.934707343578339,85.5195455816057,28.57142857142857,-507.6592089505866,507.6592089505866,16.052279884285397,88.88371291690403,32.54716981132076,-500.5853541512042,500.5853541512042,18.519200154145558,85.09550847212473,33.17307692307692,-503.5728197880089,503.5728197880089,14.176607654492061,84.4819292916192,31.73076923076923,-522.828939654748,522.828939654748,12.94666307369868,98.51689170996347,27.61904761904762,-504.8300620689988,504.8300620689988,15.291977530055576,84.99564549393124,34.32835820895522
