episode,total_reward,total_cost,DC0_reward,DC0_cost,DC0_avg_inv,DC0_avg_bl,DC0_svc_lvl,DC1_reward,DC1_cost,DC1_avg_inv,DC1_avg_bl,DC1_svc_lvl,R2_reward,R2_cost,R2_avg_inv,R2_avg_bl,R2_svc_lvl,R3_reward,R3_cost,R3_avg_inv,R3_avg_bl,R3_svc_lvl,R4_reward,R4_cost,R4_avg_inv,R4_avg_bl,R4_svc_lvl,R5_reward,R5_cost,R5_avg_inv,R5_avg_bl,R5_svc_lvl,R6_reward,R6_cost,R6_avg_inv,R6_avg_bl,R6_svc_lvl,R7_reward,R7_cost,R7_avg_inv,R7_avg_bl,R7_svc_lvl,R8_reward,R8_cost,R8_avg_inv,R8_avg_bl,R8_svc_lvl,R9_reward,R9_cost,R9_avg_inv,R9_avg_bl,R9_svc_lvl,R10_reward,R10_cost,R10_avg_inv,R10_avg_bl,R10_svc_lvl,R11_reward,R11_cost,R11_avg_inv,R11_avg_bl,R11_svc_lvl,R12_reward,R12_cost,R12_avg_inv,R12_avg_bl,R12_svc_lvl,R13_reward,R13_cost,R13_avg_inv,R13_avg_bl,R13_svc_lvl,R14_reward,R14_cost,R14_avg_inv,R14_avg_bl,R14_svc_lvl,R15_reward,R15_cost,R15_avg_inv,R15_avg_bl,R15_svc_lvl,R16_reward,R16_cost,R16_avg_inv,R16_avg_bl,R16_svc_lvl
1,-57436.29841485433,57436.29841485433,-21375.260629415512,21375.260629415512,0.0,0.0,0.0,-24359.744705677032,24359.744705677032,0.0,0.0,0.0,-783.9059955403209,783.9059955403209,16.136792572339377,83.80164789623684,31.48148148148148,-793.7391516640782,793.7391516640782,17.2030503405465,92.66644201808505,35.02304147465438,-759.773387549445,759.773387549445,19.99460584388839,63.19697666168213,36.318407960199,-797.2292901426554,797.2292901426554,13.804061396916707,92.71679047611025,28.708133971291865,-773.0436394065619,773.0436394065619,17.54656796190474,74.5677093134986,34.5360824742268,-783.8773432448506,783.8773432448506,15.2612609995736,83.97190571890937,30.392156862745097,-770.2050681859255,770.2050681859255,18.986256918642255,72.53622424867419,35.175879396984925,-776.0225529447198,776.0225529447198,16.161941909790038,77.86006895171272,36.79245283018868,-791.6371772699058,791.6371772699058,14.153167850441402,89.98030223846436,30.73170731707317,-782.6330058127642,782.6330058127642,14.41606290737788,79.05420599116219,28.110599078341014,-801.9410143643618,801.9410143643618,14.695058929920197,97.61365818977356,28.502415458937197,-783.3374575674534,783.3374575674534,14.096687494383918,84.64351909160614,28.502415458937197,-762.8820351175964,762.8820351175964,17.2638813773791,65.97356945673624,34.01015228426396,-766.8788068965077,766.8788068965077,16.26458711359236,67.89911518891653,34.285714285714285,-774.1871540546417,774.1871540546417,15.320869864357842,76.71168457931942,33.99014778325123
