episode,total_reward,total_cost,DC0_reward,DC0_cost,DC0_avg_inv,DC0_avg_bl,DC0_svc_lvl,DC1_reward,DC1_cost,DC1_avg_inv,DC1_avg_bl,DC1_svc_lvl,R2_reward,R2_cost,R2_avg_inv,R2_avg_bl,R2_svc_lvl,R3_reward,R3_cost,R3_avg_inv,R3_avg_bl,R3_svc_lvl,R4_reward,R4_cost,R4_avg_inv,R4_avg_bl,R4_svc_lvl,R5_reward,R5_cost,R5_avg_inv,R5_avg_bl,R5_svc_lvl,R6_reward,R6_cost,R6_avg_inv,R6_avg_bl,R6_svc_lvl,R7_reward,R7_cost,R7_avg_inv,R7_avg_bl,R7_svc_lvl,R8_reward,R8_cost,R8_avg_inv,R8_avg_bl,R8_svc_lvl,R9_reward,R9_cost,R9_avg_inv,R9_avg_bl,R9_svc_lvl,R10_reward,R10_cost,R10_avg_inv,R10_avg_bl,R10_svc_lvl,R11_reward,R11_cost,R11_avg_inv,R11_avg_bl,R11_svc_lvl,R12_reward,R12_cost,R12_avg_inv,R12_avg_bl,R12_svc_lvl,R13_reward,R13_cost,R13_avg_inv,R13_avg_bl,R13_svc_lvl,R14_reward,R14_cost,R14_avg_inv,R14_avg_bl,R14_svc_lvl,R15_reward,R15_cost,R15_avg_inv,R15_avg_bl,R15_svc_lvl,R16_reward,R16_cost,R16_avg_inv,R16_avg_bl,R16_svc_lvl
1,-57440.59536093174,57440.59536093174,-21374.55508518219,21374.55508518219,0.0,0.0,0.0,-24355.938462018967,24355.938462018967,0.0,0.0,0.0,-774.7152582088311,774.7152582088311,16.41298191083802,78.07345550855001,33.65853658536586,-762.7972154915333,762.7972154915333,17.14331175751156,66.63564296828376,32.30769230769231,-771.6147275492549,771.6147275492549,16.802683403756884,74.21145014762878,34.13461538461539,-773.0409398823977,773.0409398823977,14.987547931406233,74.48008353975084,31.21951219512195,-797.0039492882788,797.0039492882788,16.52022583749559,96.42879180378384,31.428571428571427,-763.3526518829167,763.3526518829167,17.164970609876846,66.30493414931827,36.27450980392157,-780.4678014675155,780.4678014675155,18.069098203712038,79.79848401281569,32.5242718446602,-797.9656948894262,797.9656948894262,12.905237982008192,98.65375310050116,28.30188679245283,-792.0237357243896,792.0237357243896,13.188544215096368,88.8877312514517,28.780487804878046,-788.3145558033139,788.3145558033139,14.436918173895942,89.39570636219449,31.25,-776.8361324071884,776.8361324071884,14.752080975638496,77.25291773743099,31.40096618357488,-776.5494775623083,776.5494775623083,15.127485462029775,75.93683147297965,32.22748815165877,-763.7857390455902,763.7857390455902,16.884175859557256,66.5918333503935,34.5,-799.5539506189525,799.5539506189525,12.836778308285608,99.06730850272709,29.55665024630542,-792.0799839086831,792.0799839086831,12.24275242752499,90.36497602595223,27.44186046511628
