{
  "metadata": {
    "model_dir": "results/14Mar_gnn1_colab/run_seed_1/models",
    "algorithm": "GNN-HAPPO",
    "num_episodes": 1,
    "episode_length": 90,
    "gnn_type": "GAT",
    "gnn_hidden_dim": 128,
    "gnn_num_layers": 2,
    "single_agent_obs_dim": 28,
    "evaluation_date": "2026-03-14 16:37:55"
  },
  "statistics": {
    "num_episodes": 1,
    "episode_length": 90,
    "total_reward": {
      "mean": -57440.59536093174,
      "std": 0.0,
      "min": -57440.59536093174,
      "max": -57440.59536093174
    },
    "total_cost": {
      "mean": 57440.59536093174,
      "std": 0.0,
      "min": 57440.59536093174,
      "max": 57440.59536093174
    },
    "per_agent": {
      "DC_0": {
        "avg_reward": -21374.55508518219,
        "avg_cost": 21374.55508518219,
        "avg_holding_cost": 0.0,
        "avg_backlog_cost": 9444337.276170997,
        "avg_ordering_cost": 101.8482700586319,
        "avg_inventory": 0.0,
        "avg_backlog": 0.0,
        "service_level": 0.0
      },
      "DC_1": {
        "avg_reward": -24355.938462018967,
        "avg_cost": 24355.938462018967,
        "avg_holding_cost": 0.0,
        "avg_backlog_cost": 10804632.356529847,
        "avg_ordering_cost": 76.69239056110382,
        "avg_inventory": 0.0,
        "avg_backlog": 0.0,
        "service_level": 0.0
      },
      "Retailer_2": {
        "avg_reward": -774.7152582088311,
        "avg_cost": 774.7152582088311,
        "avg_holding_cost": 191.36927584558725,
        "avg_backlog_cost": 42146.75061607361,
        "avg_ordering_cost": 445.49997210502625,
        "avg_inventory": 16.41298191083802,
        "avg_backlog": 78.07345550855001,
        "service_level": 33.65853658536586
      },
      "Retailer_3": {
        "avg_reward": -762.7972154915333,
        "avg_cost": 762.7972154915333,
        "avg_holding_cost": 190.9815692305565,
        "avg_backlog_cost": 36581.899543881416,
        "avg_ordering_cost": 526.499969959259,
        "avg_inventory": 17.14331175751156,
        "avg_backlog": 66.63564296828376,
        "service_level": 32.30769230769231
      },
      "Retailer_4": {
        "avg_reward": -771.6147275492549,
        "avg_cost": 771.6147275492549,
        "avg_holding_cost": 190.4949687612243,
        "avg_backlog_cost": 40712.786712646484,
        "avg_ordering_cost": 445.49997210502625,
        "avg_inventory": 16.802683403756884,
        "avg_backlog": 74.21145014762878,
        "service_level": 34.13461538461539
      },
      "Retailer_5": {
        "avg_reward": -773.0409398823977,
        "avg_cost": 773.0409398823977,
        "avg_holding_cost": 171.38464726391248,
        "avg_backlog_cost": 41306.7146589756,
        "avg_ordering_cost": 445.49997210502625,
        "avg_inventory": 14.987547931406233,
        "avg_backlog": 74.48008353975084,
        "service_level": 31.21951219512195
      },
      "Retailer_6": {
        "avg_reward": -797.0039492882788,
        "avg_cost": 797.0039492882788,
        "avg_holding_cost": 190.2754136333242,
        "avg_backlog_cost": 52208.692677497864,
        "avg_ordering_cost": 526.499969959259,
        "avg_inventory": 16.52022583749559,
        "avg_backlog": 96.42879180378384,
        "service_level": 31.428571428571427
      },
      "Retailer_7": {
        "avg_reward": -763.3526518829167,
        "avg_cost": 763.3526518829167,
        "avg_holding_cost": 192.56586291315034,
        "avg_backlog_cost": 36978.483824275434,
        "avg_ordering_cost": 445.49997210502625,
        "avg_inventory": 17.164970609876846,
        "avg_backlog": 66.30493414931827,
        "service_level": 36.27450980392157
      },
      "Retailer_8": {
        "avg_reward": -780.4678014675155,
        "avg_cost": 780.4678014675155,
        "avg_holding_cost": 206.21747602522373,
        "avg_backlog_cost": 44788.00716352463,
        "avg_ordering_cost": 445.49997210502625,
        "avg_inventory": 18.069098203712038,
        "avg_backlog": 79.79848401281569,
        "service_level": 32.5242718446602
      },
      "Retailer_9": {
        "avg_reward": -797.9656948894262,
        "avg_cost": 797.9656948894262,
        "avg_holding_cost": 149.84156043827534,
        "avg_backlog_cost": 52691.630517959595,
        "avg_ordering_cost": 445.49997210502625,
        "avg_inventory": 12.905237982008192,
        "avg_backlog": 98.65375310050116,
        "service_level": 28.30188679245283
      },
      "Retailer_10": {
        "avg_reward": -792.0237357243896,
        "avg_cost": 792.0237357243896,
        "avg_holding_cost": 143.56848795711994,
        "avg_backlog_cost": 49790.74861907959,
        "avg_ordering_cost": 526.499969959259,
        "avg_inventory": 13.188544215096368,
        "avg_backlog": 88.8877312514517,
        "service_level": 28.780487804878046
      },
      "Retailer_11": {
        "avg_reward": -788.3145558033139,
        "avg_cost": 788.3145558033139,
        "avg_holding_cost": 170.47678256221116,
        "avg_backlog_cost": 48124.78216791153,
        "avg_ordering_cost": 526.499969959259,
        "avg_inventory": 14.436918173895942,
        "avg_backlog": 89.39570636219449,
        "service_level": 31.25
      },
      "Retailer_12": {
        "avg_reward": -776.8361324071884,
        "avg_cost": 776.8361324071884,
        "avg_holding_cost": 168.75698733329773,
        "avg_backlog_cost": 42953.224831581116,
        "avg_ordering_cost": 445.49997210502625,
        "avg_inventory": 14.752080975638496,
        "avg_backlog": 77.25291773743099,
        "service_level": 31.40096618357488
      },
      "Retailer_13": {
        "avg_reward": -776.5494775623083,
        "avg_cost": 776.5494775623083,
        "avg_holding_cost": 170.54213432967663,
        "avg_backlog_cost": 42879.737305402756,
        "avg_ordering_cost": 526.499969959259,
        "avg_inventory": 15.127485462029775,
        "avg_backlog": 75.93683147297965,
        "service_level": 32.22748815165877
      },
      "Retailer_14": {
        "avg_reward": -763.7857390455902,
        "avg_cost": 763.7857390455902,
        "avg_holding_cost": 188.8207095488906,
        "avg_backlog_cost": 37222.37063455582,
        "avg_ordering_cost": 526.499969959259,
        "avg_inventory": 16.884175859557256,
        "avg_backlog": 66.5918333503935,
        "service_level": 34.5
      },
      "Retailer_15": {
        "avg_reward": -799.5539506189525,
        "avg_cost": 799.5539506189525,
        "avg_holding_cost": 148.17289245128632,
        "avg_backlog_cost": 53307.71635913849,
        "avg_ordering_cost": 445.49997210502625,
        "avg_inventory": 12.836778308285608,
        "avg_backlog": 99.06730850272709,
        "service_level": 29.55665024630542
      },
      "Retailer_16": {
        "avg_reward": -792.0799839086831,
        "avg_cost": 792.0799839086831,
        "avg_holding_cost": 142.38964722305536,
        "avg_backlog_cost": 49756.634170770645,
        "avg_ordering_cost": 526.499969959259,
        "avg_inventory": 12.24275242752499,
        "avg_backlog": 90.36497602595223,
        "service_level": 27.44186046511628
      }
    },
    "dc_cycle_service_level": {
      "0": 0.0,
      "1": 0.0
    },
    "system_retailer_fill_rate": 31.641887524240463
  },
  "episode_data": [
    {
      "total_reward": -57440.59536093174,
      "total_cost": 57440.59536093174,
      "agent_rewards": [
        -21374.55508518219,
        -24355.938462018967,
        -774.7152582088311,
        -762.7972154915333,
        -771.6147275492549,
        -773.0409398823977,
        -797.0039492882788,
        -763.3526518829167,
        -780.4678014675155,
        -797.9656948894262,
        -792.0237357243896,
        -788.3145558033139,
        -776.8361324071884,
        -776.5494775623083,
        -763.7857390455902,
        -799.5539506189525,
        -792.0799839086831
      ],