{
  "metadata": {
    "model_dir": "results/14Mar_gnn2_colab/run_seed_1/models",
    "algorithm": "GNN-HAPPO",
    "num_episodes": 1,
    "episode_length": 90,
    "gnn_type": "GAT",
    "gnn_hidden_dim": 128,
    "gnn_num_layers": 2,
    "single_agent_obs_dim": 28,
    "evaluation_date": "2026-03-14 17:15:59"
  },
  "statistics": {
    "num_episodes": 1,
    "episode_length": 90,
    "total_reward": {
      "mean": -57436.29841485433,
      "std": 0.0,
      "min": -57436.29841485433,
      "max": -57436.29841485433
    },
    "total_cost": {
      "mean": 57436.29841485433,
      "std": 0.0,
      "min": 57436.29841485433,
      "max": 57436.29841485433
    },
    "per_agent": {
      "DC_0": {
        "avg_reward": -21375.260629415512,
        "avg_cost": 21375.260629415512,
        "avg_holding_cost": 0.0,
        "avg_backlog_cost": 9444646.096117415,
        "avg_ordering_cost": 137.2206701040268,
        "avg_inventory": 0.0,
        "avg_backlog": 0.0,
        "service_level": 0.0
      },
      "DC_1": {
        "avg_reward": -24359.744705677032,
        "avg_cost": 24359.744705677032,
        "avg_holding_cost": 0.0,
        "avg_backlog_cost": 10806390.850366997,
        "avg_ordering_cost": 54.53483855724335,
        "avg_inventory": 0.0,
        "avg_backlog": 0.0,
        "service_level": 0.0
      },
      "Retailer_2": {
        "avg_reward": -783.9059955403209,
        "avg_cost": 783.9059955403209,
        "avg_holding_cost": 182.94819127768278,
        "avg_backlog_cost": 46358.79381155968,
        "avg_ordering_cost": 517.4999892711639,
        "avg_inventory": 16.136792572339377,
        "avg_backlog": 83.80164789623684,
        "service_level": 31.48148148148148
      },
      "Retailer_3": {
        "avg_reward": -793.7391516640782,
        "avg_cost": 793.7391516640782,
        "avg_holding_cost": 196.4371379315853,
        "avg_backlog_cost": 50772.19667673111,
        "avg_ordering_cost": 611.9999742507935,
        "avg_inventory": 17.2030503405465,
        "avg_backlog": 92.66644201808505,
        "service_level": 35.02304147465438
      },
      "Retailer_4": {
        "avg_reward": -759.773387549445,
        "avg_cost": 759.773387549445,
        "avg_holding_cost": 223.72837440948933,
        "avg_backlog_cost": 35550.03487110138,
        "avg_ordering_cost": 517.4999892711639,
        "avg_inventory": 19.99460584388839,
        "avg_backlog": 63.19697666168213,
        "service_level": 36.318407960199
      },
      "Retailer_5": {
        "avg_reward": -797.2292901426554,
        "avg_cost": 797.2292901426554,
        "avg_holding_cost": 152.7458268404007,
        "avg_backlog_cost": 52238.703969955444,
        "avg_ordering_cost": 517.4999892711639,
        "avg_inventory": 13.804061396916707,
        "avg_backlog": 92.71679047611025,
        "service_level": 28.708133971291865
      },
      "Retailer_6": {
        "avg_reward": -773.0436394065619,
        "avg_cost": 773.0436394065619,
        "avg_holding_cost": 192.03228881396353,
        "avg_backlog_cost": 41380.90298128128,
        "avg_ordering_cost": 611.9999742507935,
        "avg_inventory": 17.54656796190474,
        "avg_backlog": 74.5677093134986,
        "service_level": 34.5360824742268
      },
      "Retailer_7": {
        "avg_reward": -783.8773432448506,
        "avg_cost": 783.8773432448506,
        "avg_holding_cost": 173.2852900326252,
        "avg_backlog_cost": 46224.52575862408,
        "avg_ordering_cost": 517.4999892711639,
        "avg_inventory": 15.2612609995736,
        "avg_backlog": 83.97190571890937,
        "service_level": 30.392156862745097
      },
      "Retailer_8": {
        "avg_reward": -770.2050681859255,
        "avg_cost": 770.2050681859255,
        "avg_holding_cost": 213.00630974769592,
        "avg_backlog_cost": 40214.98829460144,
        "avg_ordering_cost": 517.4999892711639,
        "avg_inventory": 18.986256918642255,
        "avg_backlog": 72.53622424867419,
        "service_level": 35.175879396984925
      },
      "Retailer_9": {
        "avg_reward": -776.0225529447198,
        "avg_cost": 776.0225529447198,
        "avg_holding_cost": 177.71805403381586,
        "avg_backlog_cost": 42883.590688705444,
        "avg_ordering_cost": 517.4999892711639,
        "avg_inventory": 16.161941909790038,
        "avg_backlog": 77.86006895171272,
        "service_level": 36.79245283018868
      },
      "Retailer_10": {
        "avg_reward": -791.6371772699058,
        "avg_cost": 791.6371772699058,
        "avg_holding_cost": 157.11880379542708,
        "avg_backlog_cost": 49602.97377872467,
        "avg_ordering_cost": 611.9999742507935,
        "avg_inventory": 14.153167850441402,
        "avg_backlog": 89.98030223846436,
        "service_level": 30.73170731707317
      },
      "Retailer_11": {
        "avg_reward": -782.6330058127642,
        "avg_cost": 782.6330058127642,
        "avg_holding_cost": 155.1588892005384,
        "avg_backlog_cost": 45551.37579679489,
        "avg_ordering_cost": 611.9999742507935,
        "avg_inventory": 14.41606290737788,
        "avg_backlog": 79.05420599116219,
        "service_level": 28.110599078341014
      },
      "Retailer_12": {
        "avg_reward": -801.9410143643618,
        "avg_cost": 801.9410143643618,
        "avg_holding_cost": 162.7478330656886,
        "avg_backlog_cost": 54390.296582221985,
        "avg_ordering_cost": 517.4999892711639,
        "avg_inventory": 14.695058929920197,
        "avg_backlog": 97.61365818977356,
        "service_level": 28.502415458937197
      },
      "Retailer_13": {
        "avg_reward": -783.3374575674534,
        "avg_cost": 783.3374575674534,
        "avg_holding_cost": 164.69549426436424,
        "avg_backlog_cost": 45881.83456134796,
        "avg_ordering_cost": 611.9999742507935,
        "avg_inventory": 14.096687494383918,
        "avg_backlog": 84.64351909160614,
        "service_level": 28.502415458937197
      },
      "Retailer_14": {
        "avg_reward": -762.8820351175964,
        "avg_cost": 762.8820351175964,
        "avg_holding_cost": 194.9443421009928,
        "avg_backlog_cost": 36752.02888631821,
        "avg_ordering_cost": 611.9999742507935,
        "avg_inventory": 17.2638813773791,
        "avg_backlog": 65.97356945673624,
        "service_level": 34.01015228426396
      },
      "Retailer_15": {
        "avg_reward": -766.8788068965077,
        "avg_cost": 766.8788068965077,
        "avg_holding_cost": 179.03085596114397,
        "avg_backlog_cost": 38698.5977935791,
        "avg_ordering_cost": 517.4999892711639,
        "avg_inventory": 16.26458711359236,
        "avg_backlog": 67.89911518891653,
        "service_level": 34.285714285714285
      },
      "Retailer_16": {
        "avg_reward": -774.1871540546417,
        "avg_cost": 774.1871540546417,
        "avg_holding_cost": 172.72364603728056,
        "avg_backlog_cost": 41784.2520942688,
        "avg_ordering_cost": 611.9999742507935,
        "avg_inventory": 15.320869864357842,
        "avg_backlog": 76.71168457931942,
        "service_level": 33.99014778325123
      }
    },
    "dc_cycle_service_level": {
      "0": 0.0,
      "1": 0.0
    },
    "system_retailer_fill_rate": 32.40800516462234
  },
  "episode_data": [
    {
      "total_reward": -57436.29841485433,
      "total_cost": 57436.29841485433,
      "agent_rewards": [
        -21375.260629415512,
        -24359.744705677032,
        -783.9059955403209,
        -793.7391516640782,
        -759.773387549445,
        -797.2292901426554,
        -773.0436394065619,
        -783.8773432448506,
        -770.2050681859255,
        -776.0225529447198,
        -791.6371772699058,
        -782.6330058127642,
        -801.9410143643618,
        -783.3374575674534,
        -762.8820351175964,
        -766.8788068965077,
        -774.1871540546417
      ],