{
  "metadata": {
    "model_dir": "results/15Mar_gnn_colab/run_seed_1/models",
    "algorithm": "GNN-HAPPO",
    "num_episodes": 1,
    "episode_length": 90,
    "gnn_type": "GAT",
    "gnn_hidden_dim": 128,
    "gnn_num_layers": 2,
    "single_agent_obs_dim": 28,
    "evaluation_date": "2026-03-15 10:18:38"
  },
  "statistics": {
    "num_episodes": 1,
    "episode_length": 90,
    "total_reward": {
      "mean": -33477.98426883656,
      "std": 0.0,
      "min": -33477.98426883656,
      "max": -33477.98426883656
    },
    "total_cost": {
      "mean": 33477.98426883656,
      "std": 0.0,
      "min": 33477.98426883656,
      "max": 33477.98426883656
    },
    "per_agent": {
      "DC_0": {
        "avg_reward": -12135.163307130337,
        "avg_cost": 12135.163307130337,
        "avg_holding_cost": 0.0,
        "avg_backlog_cost": 5357460.801968969,
        "avg_ordering_cost": 164.67452013492584,
        "avg_inventory": 0.0,
        "avg_backlog": 0.0,
        "service_level": 0.0
      },
      "DC_1": {
        "avg_reward": -13845.603901796043,
        "avg_cost": 13845.603901796043,
        "avg_holding_cost": 0.0,
        "avg_backlog_cost": 6137876.920634102,
        "avg_ordering_cost": 99.04626542329788,
        "avg_inventory": 0.0,
        "avg_backlog": 0.0,
        "service_level": 0.0
      },
      "Retailer_2": {
        "avg_reward": -461.8191250571981,
        "avg_cost": 461.8191250571981,
        "avg_holding_cost": 244.03519186377525,
        "avg_backlog_cost": 28723.102291464806,
        "avg_ordering_cost": 301.4999860525131,
        "avg_inventory": 21.32946372297075,
        "avg_backlog": 53.1599462946256,
        "service_level": 40.39408866995074
      },
      "Retailer_3": {
        "avg_reward": -513.6943542994559,
        "avg_cost": 513.6943542994559,
        "avg_holding_cost": 181.16496291011572,
        "avg_backlog_cost": 51908.73414474726,
        "avg_ordering_cost": 355.49997210502625,
        "avg_inventory": 16.02265855736203,
        "avg_backlog": 94.73670946359634,
        "service_level": 31.775700934579437
      },
      "Retailer_4": {
        "avg_reward": -500.49945633485913,
        "avg_cost": 500.49945633485913,
        "avg_holding_cost": 164.0178563836962,
        "avg_backlog_cost": 45697.53511893749,
        "avg_ordering_cost": 301.4999860525131,
        "avg_inventory": 13.779456943935818,
        "avg_backlog": 85.7327479938666,
        "service_level": 30.414746543778804
      },
      "Retailer_5": {
        "avg_reward": -496.33611468598247,
        "avg_cost": 496.33611468598247,
        "avg_holding_cost": 191.88310140976682,
        "avg_backlog_cost": 44022.75116729736,
        "avg_ordering_cost": 301.4999860525131,
        "avg_inventory": 17.80599047872755,
        "avg_backlog": 77.44885127014584,
        "service_level": 38.388625592417064
      },
      "Retailer_6": {
        "avg_reward": -502.8239975683391,
        "avg_cost": 502.8239975683391,
        "avg_holding_cost": 185.45672199735418,
        "avg_backlog_cost": 46790.335569381714,
        "avg_ordering_cost": 355.49997210502625,
        "avg_inventory": 16.339539740482966,
        "avg_backlog": 84.41261512438456,
        "service_level": 29.230769230769234
      },
      "Retailer_7": {
        "avg_reward": -490.1328305210918,
        "avg_cost": 490.1328305210918,
        "avg_holding_cost": 233.12886952236295,
        "avg_backlog_cost": 41295.6436984539,
        "avg_ordering_cost": 301.4999860525131,
        "avg_inventory": 19.569416152106392,
        "avg_backlog": 76.7116152246793,
        "service_level": 36.36363636363637
      },
      "Retailer_8": {
        "avg_reward": -500.3599896207452,
        "avg_cost": 500.3599896207452,
        "avg_holding_cost": 193.0723166144453,
        "avg_backlog_cost": 45848.23487997055,
        "avg_ordering_cost": 301.4999860525131,
        "avg_inventory": 17.651260250144535,
        "avg_backlog": 80.7432224114736,
        "service_level": 34.146341463414636
      },
      "Retailer_9": {
        "avg_reward": -496.8162713460624,
        "avg_cost": 496.8162713460624,
        "avg_holding_cost": 212.9458782747388,
        "avg_backlog_cost": 44333.7421336174,
        "avg_ordering_cost": 301.4999860525131,
        "avg_inventory": 19.286000494824517,
        "avg_backlog": 81.41927173137665,
        "service_level": 34.92822966507177
      },
      "Retailer_10": {
        "avg_reward": -490.2384937563911,
        "avg_cost": 490.2384937563911,
        "avg_holding_cost": 195.93464825570118,
        "avg_backlog_cost": 41119.92444181442,
        "avg_ordering_cost": 355.49997210502625,
        "avg_inventory": 17.50052811967002,
        "avg_backlog": 75.29817774825626,
        "service_level": 32.83582089552239
      },
      "Retailer_11": {
        "avg_reward": -505.0200421065092,
        "avg_cost": 505.0200421065092,
        "avg_holding_cost": 155.10879296809435,
        "avg_backlog_cost": 47688.32743811607,
        "avg_ordering_cost": 355.49997210502625,
        "avg_inventory": 13.934707343578339,
        "avg_backlog": 85.5195455816057,
        "service_level": 28.57142857142857
      },
      "Retailer_12": {
        "avg_reward": -507.6592089505866,
        "avg_cost": 507.6592089505866,
        "avg_holding_cost": 176.16025445610285,
        "avg_backlog_cost": 49143.719747543335,
        "avg_ordering_cost": 301.4999860525131,
        "avg_inventory": 16.052279884285397,
        "avg_backlog": 88.88371291690403,
        "service_level": 32.54716981132076
      },
      "Retailer_13": {
        "avg_reward": -500.5853541512042,
        "avg_cost": 500.5853541512042,
        "avg_holding_cost": 211.8404111377895,
        "avg_backlog_cost": 45919.80507564545,
        "avg_ordering_cost": 355.49997210502625,
        "avg_inventory": 18.519200154145558,
        "avg_backlog": 85.09550847212473,
        "service_level": 33.17307692307692
      },
      "Retailer_14": {
        "avg_reward": -503.5728197880089,
        "avg_cost": 503.5728197880089,
        "avg_holding_cost": 157.35172913968563,
        "avg_backlog_cost": 47089.002544760704,
        "avg_ordering_cost": 355.49997210502625,
        "avg_inventory": 14.176607654492061,
        "avg_backlog": 84.4819292916192,
        "service_level": 31.73076923076923
      },
      "Retailer_15": {
        "avg_reward": -522.828939654748,
        "avg_cost": 522.828939654748,
        "avg_holding_cost": 142.72355308383703,
        "avg_backlog_cost": 55824.37210845947,
        "avg_ordering_cost": 301.4999860525131,
        "avg_inventory": 12.94666307369868,
        "avg_backlog": 98.51689170996347,
        "service_level": 27.61904761904762
      },
      "Retailer_16": {
        "avg_reward": -504.8300620689988,
        "avg_cost": 504.8300620689988,
        "avg_holding_cost": 168.2844428792596,
        "avg_backlog_cost": 47761.27005147934,
        "avg_ordering_cost": 355.49997210502625,
        "avg_inventory": 15.291977530055576,
        "avg_backlog": 84.99564549393124,
        "service_level": 34.32835820895522
      }
    },
    "dc_cycle_service_level": {
      "0": 0.0,
      "1": 0.0
    },
    "system_retailer_fill_rate": 33.08705428846771
  },
  "episode_data": [
    {
      "total_reward": -33477.98426883656,
      "total_cost": 33477.98426883656,
      "agent_rewards": [
        -12135.163307130337,
        -13845.603901796043,
        -461.8191250571981,
        -513.6943542994559,
        -500.49945633485913,
        -496.33611468598247,
        -502.8239975683391,
        -490.1328305210918,
        -500.3599896207452,
        -496.8162713460624,
        -490.2384937563911,
        -505.0200421065092,
        -507.6592089505866,
        -500.5853541512042,
        -503.5728197880089,
        -522.828939654748,
        -504.8300620689988
      ],