{
  "metadata": {
    "algorithm": "(s,S) Heuristic (Baseline)",
    "config_path": "configs/multi_dc_config.yaml",
    "num_episodes": 1,
    "episode_length": 90,
    "s_dc": 20.0,
    "S_dc": 2000.0,
    "s_retailer": 2,
    "S_retailer": 3,
    "evaluation_date": "2026-04-11 14:23:42"
  },
  "statistics": {
    "num_episodes": 1,
    "episode_length": 90,
    "policy": "(s,S) Heuristic",
    "s_dc": 20.0,
    "S_dc": 2000.0,
    "s_retailer": 2,
    "S_retailer": 3,
    "total_reward": {
      "mean": -408.25646121901787,
      "std": 0.0,
      "min": -408.25646121901787,
      "max": -408.25646121901787
    },
    "total_cost": {
      "mean": 408.25646121901787,
      "std": 0.0,
      "min": 408.25646121901787,
      "max": 408.25646121901787
    },
    "per_agent": {
      "DC_0": {
        "avg_reward": -148.95277005386936,
        "avg_cost": 148.95277005386936,
        "avg_holding_cost": 9708.986260414124,
        "avg_backlog_cost": 0.0,
        "avg_ordering_cost": 0.0,
        "avg_inventory": 5267.6635145399305,
        "avg_backlog": 0.0,
        "service_level": 100.0
      },
      "DC_1": {
        "avg_reward": -146.68102072678204,
        "avg_cost": 146.68102072678204,
        "avg_holding_cost": 9571.130043029785,
        "avg_backlog_cost": 0.0,
        "avg_ordering_cost": 0.0,
        "avg_inventory": 5188.324644639757,
        "avg_backlog": 0.0,
        "service_level": 100.0
      },
      "Retailer_2": {
        "avg_reward": -7.615107733333501,
        "avg_cost": 7.615107733333501,
        "avg_holding_cost": 702.7156666237861,
        "avg_backlog_cost": 141.7861606106162,
        "avg_ordering_cost": 218.08878866888028,
        "avg_inventory": 15.106381587849723,
        "avg_backlog": 1.4321834203269748,
        "service_level": 69.95073891625616
      },
      "Retailer_3": {
        "avg_reward": -7.657591031311945,
        "avg_cost": 7.657591031311945,
        "avg_holding_cost": 672.7765966178849,
        "avg_backlog_cost": 133.62721286155283,
        "avg_ordering_cost": 238.2348336012439,
        "avg_inventory": 14.448104921314451,
        "avg_backlog": 1.3497697942786746,
        "service_level": 61.261261261261254
      },
      "Retailer_4": {
        "avg_reward": -7.6447008942691,
        "avg_cost": 7.6447008942691,
        "avg_holding_cost": 693.6069950573146,
        "avg_backlog_cost": 142.25667199492455,
        "avg_ordering_cost": 211.30158795526899,
        "avg_inventory": 14.738933004273308,
        "avg_backlog": 1.436936038070255,
        "service_level": 63.1578947368421
      },
      "Retailer_5": {
        "avg_reward": -7.555681945508497,
        "avg_cost": 7.555681945508497,
        "avg_holding_cost": 640.4565332725178,
        "avg_backlog_cost": 142.22732171043754,
        "avg_ordering_cost": 218.47662372142779,
        "avg_inventory": 13.57072143389119,
        "avg_backlog": 1.4366395864221784,
        "service_level": 67.0
      },
      "Retailer_6": {
        "avg_reward": -7.538091897594951,
        "avg_cost": 7.538091897594951,
        "avg_holding_cost": 758.2562842350453,
        "avg_backlog_cost": 146.7255282420665,
        "avg_ordering_cost": 235.82155557956926,
        "avg_inventory": 16.02407975461748,
        "avg_backlog": 1.4820760177241432,
        "service_level": 61.29032258064516
      },
      "Retailer_7": {
        "avg_reward": -7.09627561340271,
        "avg_cost": 7.09627561340271,
        "avg_holding_cost": 549.1529963836074,
        "avg_backlog_cost": 157.49638962745667,
        "avg_ordering_cost": 255.08393549381705,
        "avg_inventory": 12.035831269952986,
        "avg_backlog": 1.5908725890848372,
        "service_level": 62.62135922330098
      },
      "Retailer_8": {
        "avg_reward": -7.427106296999278,
        "avg_cost": 7.427106296999278,
        "avg_holding_cost": 626.079552997835,
        "avg_backlog_cost": 124.69251492246985,
        "avg_ordering_cost": 236.41424388518573,
        "avg_inventory": 13.441715808709462,
        "avg_backlog": 1.2595203240712485,
        "service_level": 70.56074766355141
      },
      "Retailer_9": {
        "avg_reward": -7.6010033157243555,
        "avg_cost": 7.6010033157243555,
        "avg_holding_cost": 678.9181786254048,
        "avg_backlog_cost": 113.22671654302394,
        "avg_ordering_cost": 215.21182106946452,
        "avg_inventory": 14.777888512611389,
        "avg_backlog": 1.1437041848897933,
        "service_level": 68.13725490196079
      },
      "Retailer_10": {
        "avg_reward": -7.585851841791931,
        "avg_cost": 7.585851841791931,
        "avg_holding_cost": 666.4837239186745,
        "avg_backlog_cost": 117.6157849743031,
        "avg_ordering_cost": 216.50347984568353,
        "avg_inventory": 14.412706996997198,
        "avg_backlog": 1.188038206100464,
        "service_level": 68.26923076923077
      },
      "Retailer_11": {
        "avg_reward": -7.309063577047583,
        "avg_cost": 7.309063577047583,
        "avg_holding_cost": 634.3890467751771,
        "avg_backlog_cost": 157.19309851853177,
        "avg_ordering_cost": 239.93378425898368,
        "avg_inventory": 13.783042628897562,
        "avg_backlog": 1.5878090427981482,
        "service_level": 62.857142857142854
      },
      "Retailer_12": {
        "avg_reward": -7.292618550413,
        "avg_cost": 7.292618550413,
        "avg_holding_cost": 702.437697853893,
        "avg_backlog_cost": 175.78932773135602,
        "avg_ordering_cost": 238.47487083960647,
        "avg_inventory": 14.988441015614404,
        "avg_backlog": 1.7756497427821158,
        "service_level": 62.67942583732058
      },
      "Retailer_13": {
        "avg_reward": -7.583931351229062,
        "avg_cost": 7.583931351229062,
        "avg_holding_cost": 609.4140499919886,
        "avg_backlog_cost": 111.77426226437092,
        "avg_ordering_cost": 207.18995482709772,
        "avg_inventory": 13.162655733691322,
        "avg_backlog": 1.1290329267581305,
        "service_level": 69.5
      },
      "Retailer_14": {
        "avg_reward": -7.535127823379617,
        "avg_cost": 7.535127823379617,
        "avg_holding_cost": 686.9332709440496,
        "avg_backlog_cost": 148.84936536871828,
        "avg_ordering_cost": 235.437179745417,
        "avg_inventory": 14.741507310999765,
        "avg_backlog": 1.5035289208094278,
        "service_level": 63.72093023255814
      },
      "Retailer_15": {
        "avg_reward": -7.506797697997427,
        "avg_cost": 7.506797697997427,
        "avg_holding_cost": 623.2351117907092,
        "avg_backlog_cost": 125.44748896360397,
        "avg_ordering_cost": 220.59951206037138,
        "avg_inventory": 13.440743347009024,
        "avg_backlog": 1.26714632180002,
        "service_level": 66.66666666666666
      },
      "Retailer_16": {
        "avg_reward": -7.673720868363848,
        "avg_cost": 7.673720868363848,
        "avg_holding_cost": 627.1620806753635,
        "avg_backlog_cost": 125.91149006411433,
        "avg_ordering_cost": 225.2225692579627,
        "avg_inventory": 13.128830363353094,
        "avg_backlog": 1.2718331972757975,
        "service_level": 64.42307692307693
      }
    },
    "dc_cycle_service_level": {
      "0": 100.0,
      "1": 100.0
    },
    "system_retailer_fill_rate": 65.42739116619002
  },
  "episode_data": [
    {
      "total_reward": -408.25646121901787,
      "total_cost": 408.25646121901787,
      "agent_rewards": [
        -148.95277005386936,
        -146.68102072678204,
        -7.615107733333501,
        -7.657591031311945,
        -7.6447008942691,
        -7.555681945508497,
        -7.538091897594951,
        -7.09627561340271,
        -7.427106296999278,
        -7.6010033157243555,
        -7.585851841791931,
        -7.309063577047583,
        -7.292618550413,
        -7.583931351229062,
        -7.535127823379617,
        -7.506797697997427,
        -7.673720868363848
      ],