{
  "metadata": {
    "model_dir": "results/14Mar_gnn1_colab/run_seed_1/models",
    "algorithm": "GNN-HAPPO",
    "num_episodes": 1,
    "episode_length": 90,
    "gnn_type": "GAT",
    "gnn_hidden_dim": 128,
    "gnn_num_layers": 2,
    "single_agent_obs_dim": 28,
    "evaluation_date": "2026-03-14 16:09:39"
  },
  "statistics": {
    "num_episodes": 1,
    "episode_length": 90,
    "total_reward": {
      "mean": -2640.93226279848,
      "std": 0.0,
      "min": -2640.93226279848,
      "max": -2640.93226279848
    },
    "total_cost": {
      "mean": 2640.93226279848,
      "std": 0.0,
      "min": 2640.93226279848,
      "max": 2640.93226279848
    },
    "per_agent": {
      "DC_0": {
        "avg_reward": -33.79620991460979,
        "avg_cost": 33.79620991460979,
        "avg_holding_cost": 1348.0232298374176,
        "avg_backlog_cost": 0.0,
        "avg_ordering_cost": 51.7376971244812,
        "avg_inventory": 265.45210537380643,
        "avg_backlog": 0.0,
        "service_level": 100.0
      },
      "DC_1": {
        "avg_reward": -33.46494973823428,
        "avg_cost": 33.46494973823428,
        "avg_holding_cost": 1138.712851524353,
        "avg_backlog_cost": 0.0,
        "avg_ordering_cost": 88.82267343997955,
        "avg_inventory": 271.2100463867188,
        "avg_backlog": 0.0,
        "service_level": 100.0
      },
      "Retailer_2": {
        "avg_reward": -165.41550174477743,
        "avg_cost": 165.41550174477743,
        "avg_holding_cost": 82.09335044026375,
        "avg_backlog_cost": 58339.800148010254,
        "avg_ordering_cost": 7.672701522707939,
        "avg_inventory": 7.215800048245324,
        "avg_backlog": 105.18926544719272,
        "service_level": 21.844660194174757
      },
      "Retailer_3": {
        "avg_reward": -184.0888796299696,
        "avg_cost": 184.0888796299696,
        "avg_holding_cost": 48.74308713898063,
        "avg_backlog_cost": 66588.16691279411,
        "avg_ordering_cost": 4.711252998560667,
        "avg_inventory": 4.259902890523275,
        "avg_backlog": 118.48400379154417,
        "service_level": 17.22488038277512
      },
      "Retailer_4": {
        "avg_reward": -168.55495554581285,
        "avg_cost": 168.55495554581285,
        "avg_holding_cost": 69.47041749954224,
        "avg_backlog_cost": 59692.065744519234,
        "avg_ordering_cost": 11.133798722177744,
        "avg_inventory": 6.343633957041634,
        "avg_backlog": 107.16820757918887,
        "service_level": 19.90740740740741
      },
      "Retailer_5": {
        "avg_reward": -152.87652680906467,
        "avg_cost": 152.87652680906467,
        "avg_holding_cost": 70.79423748701811,
        "avg_backlog_cost": 52584.441595077515,
        "avg_ordering_cost": 5.3416868932545185,
        "avg_inventory": 6.096848232216305,
        "avg_backlog": 94.50817091994816,
        "service_level": 21.69811320754717
      },
      "Retailer_6": {
        "avg_reward": -179.17118368204683,
        "avg_cost": 179.17118368204683,
        "avg_holding_cost": 77.08272259728983,
        "avg_backlog_cost": 64522.665566921234,
        "avg_ordering_cost": 9.849032610654831,
        "avg_inventory": 6.680927679273817,
        "avg_backlog": 117.25224329630534,
        "service_level": 18.867924528301888
      },
      "Retailer_7": {
        "avg_reward": -188.6043691507075,
        "avg_cost": 188.6043691507075,
        "avg_holding_cost": 55.887932788580656,
        "avg_backlog_cost": 68741.4651517868,
        "avg_ordering_cost": 10.38543028011918,
        "avg_inventory": 4.862296064694722,
        "avg_backlog": 119.88465334177017,
        "service_level": 17.289719626168225
      },
      "Retailer_8": {
        "avg_reward": -166.45051319524646,
        "avg_cost": 166.45051319524646,
        "avg_holding_cost": 56.265640929341316,
        "avg_backlog_cost": 58599.4568734169,
        "avg_ordering_cost": 12.558701548725367,
        "avg_inventory": 5.2243858536084495,
        "avg_backlog": 103.27177615463734,
        "service_level": 17.15686274509804
      },
      "Retailer_9": {
        "avg_reward": -168.09564582630992,
        "avg_cost": 168.09564582630992,
        "avg_holding_cost": 52.355184357613325,
        "avg_backlog_cost": 59341.57687830925,
        "avg_ordering_cost": 4.784372419118881,
        "avg_inventory": 4.645839341481527,
        "avg_backlog": 108.30214083989462,
        "service_level": 18.660287081339714
      },
      "Retailer_10": {
        "avg_reward": -179.51477196160704,
        "avg_cost": 179.51477196160704,
        "avg_holding_cost": 64.57269287109375,
        "avg_backlog_cost": 64650.171271786094,
        "avg_ordering_cost": 7.637703463435173,
        "avg_inventory": 5.522768754429287,
        "avg_backlog": 117.70418176783456,
        "service_level": 19.32367149758454
      },
      "Retailer_11": {
        "avg_reward": -175.72438166267239,
        "avg_cost": 175.72438166267239,
        "avg_holding_cost": 45.431848885142244,
        "avg_backlog_cost": 62770.08304691315,
        "avg_ordering_cost": 12.221423286944628,
        "avg_inventory": 4.143631298012203,
        "avg_backlog": 111.01245524353452,
        "service_level": 16.113744075829384
      },
      "Retailer_12": {
        "avg_reward": -172.53736982494593,
        "avg_cost": 172.53736982494593,
        "avg_holding_cost": 66.84636700339615,
        "avg_backlog_cost": 61435.06380701065,
        "avg_ordering_cost": 9.079241130501032,
        "avg_inventory": 5.7896806663937035,
        "avg_backlog": 111.24312589168548,
        "service_level": 20.48780487804878
      },
      "Retailer_13": {
        "avg_reward": -190.40929838037118,
        "avg_cost": 190.40929838037118,
        "avg_holding_cost": 47.57851520180702,
        "avg_backlog_cost": 69456.78920936584,
        "avg_ordering_cost": 5.0155816823244095,
        "avg_inventory": 4.249531070391337,
        "avg_backlog": 125.16020085546705,
        "service_level": 15.348837209302326
      },
      "Retailer_14": {
        "avg_reward": -147.84470831567887,
        "avg_cost": 147.84470831567887,
        "avg_holding_cost": 82.04437721893191,
        "avg_backlog_cost": 50372.23930644989,
        "avg_ordering_cost": 4.06826912984252,
        "avg_inventory": 7.338661597834693,
        "avg_backlog": 90.4902537730005,
        "service_level": 25.60386473429952
      },
      "Retailer_15": {
        "avg_reward": -178.72788288933225,
        "avg_cost": 178.72788288933225,
        "avg_holding_cost": 63.886235665529966,
        "avg_backlog_cost": 64301.86483383179,
        "avg_ordering_cost": 12.31606636568904,
        "avg_inventory": 6.046891571415795,
        "avg_backlog": 112.83924819495942,
        "service_level": 17.647058823529413
      },
      "Retailer_16": {
        "avg_reward": -155.65511452709325,
        "avg_cost": 155.65511452709325,
        "avg_holding_cost": 72.74808709928766,
        "avg_backlog_cost": 53879.424748420715,
        "avg_ordering_cost": 5.217326883226633,
        "avg_inventory": 6.41746459669537,
        "avg_backlog": 98.73687804539999,
        "service_level": 23.78640776699029
      }
    },
    "dc_cycle_service_level": {
      "0": 100.0,
      "1": 100.0
    },
    "system_retailer_fill_rate": 19.381574752948676
  },
  "episode_data": [
    {
      "total_reward": -2640.93226279848,
      "total_cost": 2640.93226279848,
      "agent_rewards": [
        -33.79620991460979,
        -33.46494973823428,
        -165.41550174477743,
        -184.0888796299696,
        -168.55495554581285,
        -152.87652680906467,
        -179.17118368204683,
        -188.6043691507075,
        -166.45051319524646,
        -168.09564582630992,
        -179.51477196160704,
        -175.72438166267239,
        -172.53736982494593,
        -190.40929838037118,
        -147.84470831567887,
        -178.72788288933225,
        -155.65511452709325
      ],