{
  "Scenario_1_Balanced": {
    "BaseStock": {
      "total_cost": {
        "mean": 66574.48914682842,
        "std": 0.0,
        "min": 66574.48914682842,
        "max": 66574.48914682842
      },
      "fill_rate": {
        "mean": 87.07306528318202,
        "std": 0.0,
        "min": 87.07306528318202,
        "max": 87.07306528318202
      },
      "lost_sales": {
        "mean": 897.0,
        "std": 0.0,
        "min": 897.0,
        "max": 897.0
      },
      "avg_inventory": {
        "mean": 87.58529342970428,
        "std": 0.0,
        "min": 87.58529342970428,
        "max": 87.58529342970428
      },
      "inventory_turnover": {
        "mean": 746.3001916465106,
        "std": 0.0,
        "min": 746.3001916465106,
        "max": 746.3001916465106
      },
      "osa": {
        "mean": 99.93333333333334,
        "std": 0.0,
        "min": 99.93333333333334,
        "max": 99.93333333333334
      }
    },
    "HAPPO": {
      "total_cost": {
        "mean": 207012.04933537767,
        "std": 0.0,
        "min": 207012.04933537767,
        "max": 207012.04933537767
      },
      "fill_rate": {
        "mean": 78.54615632036025,
        "std": 0.0,
        "min": 78.54615632036025,
        "max": 78.54615632036025
      },
      "lost_sales": {
        "mean": 667.0,
        "std": 0.0,
        "min": 667.0,
        "max": 667.0
      },
      "avg_inventory": {
        "mean": 742.03579726375,
        "std": 0.0,
        "min": 742.03579726375,
        "max": 742.03579726375
      },
      "inventory_turnover": {
        "mean": 92.74691526820641,
        "std": 0.0,
        "min": 92.74691526820641,
        "max": 92.74691526820641
      },
      "osa": {
        "mean": 100.0,
        "std": 0.0,
        "min": 100.0,
        "max": 100.0
      }
    },
    "GNN-HAPPO": {
      "total_cost": {
        "mean": 79226.37503553115,
        "std": 0.0,
        "min": 79226.37503553115,
        "max": 79226.37503553115
      },
      "fill_rate": {
        "mean": 90.58823529411765,
        "std": 0.0,
        "min": 90.58823529411765,
        "max": 90.58823529411765
      },
      "lost_sales": {
        "mean": 296.0,
        "std": 0.0,
        "min": 296.0,
        "max": 296.0
      },
      "avg_inventory": {
        "mean": 154.53148608737524,
        "std": 0.0,
        "min": 154.53148608737524,
        "max": 154.53148608737524
      },
      "inventory_turnover": {
        "mean": 68.70400826343919,
        "std": 0.0,
        "min": 68.70400826343919,
        "max": 68.70400826343919
      },
      "osa": {
        "mean": 100.0,
        "std": 0.0,
        "min": 100.0,
        "max": 100.0
      }
    }
  },
  "Scenario_2_HighDemand": {
    "BaseStock": {
      "total_cost": {
        "mean": 78114.19402233092,
        "std": 0.0,
        "min": 78114.19402233092,
        "max": 78114.19402233092
      },
      "fill_rate": {
        "mean": 82.02336696760489,
        "std": 0.0,
        "min": 82.02336696760489,
        "max": 82.02336696760489
      },
      "lost_sales": {
        "mean": 1354.0,
        "std": 0.0,
        "min": 1354.0,
        "max": 1354.0
      },
      "avg_inventory": {
        "mean": 78.25427773369586,
        "std": 0.0,
        "min": 78.25427773369586,
        "max": 78.25427773369586
      },
      "inventory_turnover": {
        "mean": 924.2601272201066,
        "std": 0.0,
        "min": 924.2601272201066,
        "max": 924.2601272201066
      },
      "osa": {
        "mean": 99.76666666666667,
        "std": 0.0,
        "min": 99.76666666666667,
        "max": 99.76666666666667
      }
    },
    "HAPPO": {
      "total_cost": {
        "mean": 215366.45764044696,
        "std": 0.0,
        "min": 215366.45764044696,
        "max": 215366.45764044696
      },
      "fill_rate": {
        "mean": 68.91530460624071,
        "std": 0.0,
        "min": 68.91530460624071,
        "max": 68.91530460624071
      },
      "lost_sales": {
        "mean": 1046.0,
        "std": 0.0,
        "min": 1046.0,
        "max": 1046.0
      },
      "avg_inventory": {
        "mean": 719.3628615734624,
        "std": 0.0,
        "min": 719.3628615734624,
        "max": 719.3628615734624
      },
      "inventory_turnover": {
        "mean": 132.33428964987993,
        "std": 0.0,
        "min": 132.33428964987993,
        "max": 132.33428964987993
      },
      "osa": {
        "mean": 100.0,
        "std": 0.0,
        "min": 100.0,
        "max": 100.0
      }
    },
    "GNN-HAPPO": {
      "total_cost": {
        "mean": 86787.31694421289,
        "std": 0.0,
        "min": 86787.31694421289,
        "max": 86787.31694421289
      },
      "fill_rate": {
        "mean": 80.36610569825805,
        "std": 0.0,
        "min": 80.36610569825805,
        "max": 80.36610569825805
      },
      "lost_sales": {
        "mean": 665.0,
        "std": 0.0,
        "min": 665.0,
        "max": 665.0
      },
      "avg_inventory": {
        "mean": 149.51809001078013,
        "std": 0.0,
        "min": 149.51809001078013,
        "max": 149.51809001078013
      },
      "inventory_turnover": {
        "mean": 106.16397035278251,
        "std": 0.0,
        "min": 106.16397035278251,
        "max": 106.16397035278251
      },
      "osa": {
        "mean": 100.0,
        "std": 0.0,
        "min": 100.0,
        "max": 100.0
      }
    }
  },
  "Scenario_3_Extreme_Stress": {
    "BaseStock": {
      "total_cost": {
        "mean": 66143.33140801871,
        "std": 0.0,
        "min": 66143.33140801871,
        "max": 66143.33140801871
      },
      "fill_rate": {
        "mean": 84.56735057983943,
        "std": 0.0,
        "min": 84.56735057983943,
        "max": 84.56735057983943
      },
      "lost_sales": {
        "mean": 1038.0,
        "std": 0.0,
        "min": 1038.0,
        "max": 1038.0
      },
      "avg_inventory": {
        "mean": 85.48593346984948,
        "std": 0.0,
        "min": 85.48593346984948,
        "max": 85.48593346984948
      },
      "inventory_turnover": {
        "mean": 813.0644402692074,
        "std": 0.0,
        "min": 813.0644402692074,
        "max": 813.0644402692074
      },
      "osa": {
        "mean": 99.86666666666666,
        "std": 0.0,
        "min": 99.86666666666666,
        "max": 99.86666666666666
      }
    },
    "HAPPO": {
      "total_cost": {
        "mean": 201301.07894963206,
        "std": 0.0,
        "min": 201301.07894963206,
        "max": 201301.07894963206
      },
      "fill_rate": {
        "mean": 70.2675585284281,
        "std": 0.0,
        "min": 70.2675585284281,
        "max": 70.2675585284281
      },
      "lost_sales": {
        "mean": 889.0,
        "std": 0.0,
        "min": 889.0,
        "max": 889.0
      },
      "avg_inventory": {
        "mean": 737.4913809520746,
        "std": 0.0,
        "min": 737.4913809520746,
        "max": 737.4913809520746
      },
      "inventory_turnover": {
        "mean": 124.28950698833725,
        "std": 0.0,
        "min": 124.28950698833725,
        "max": 124.28950698833725
      },
      "osa": {
        "mean": 100.0,
        "std": 0.0,
        "min": 100.0,
        "max": 100.0
      }
    },
    "GNN-HAPPO": {
      "total_cost": {
        "mean": 73852.66465837954,
        "std": 0.0,
        "min": 73852.66465837954,
        "max": 73852.66465837954
      },
      "fill_rate": {
        "mean": 85.63899868247694,
        "std": 0.0,
        "min": 85.63899868247694,
        "max": 85.63899868247694
      },
      "lost_sales": {
        "mean": 436.0,
        "std": 0.0,
        "min": 436.0,
        "max": 436.0
      },
      "avg_inventory": {
        "mean": 151.73454082339416,
        "std": 0.0,
        "min": 151.73454082339416,
        "max": 151.73454082339416
      },
      "inventory_turnover": {
        "mean": 87.96786947046476,
        "std": 0.0,
        "min": 87.96786947046476,
        "max": 87.96786947046476
      },