episode,total_reward,total_cost,DC0_reward,DC0_cost,DC0_avg_inv,DC0_avg_bl,DC0_svc_lvl,DC1_reward,DC1_cost,DC1_avg_inv,DC1_avg_bl,DC1_svc_lvl,R2_reward,R2_cost,R2_avg_inv,R2_avg_bl,R2_svc_lvl,R3_reward,R3_cost,R3_avg_inv,R3_avg_bl,R3_svc_lvl,R4_reward,R4_cost,R4_avg_inv,R4_avg_bl,R4_svc_lvl,R5_reward,R5_cost,R5_avg_inv,R5_avg_bl,R5_svc_lvl,R6_reward,R6_cost,R6_avg_inv,R6_avg_bl,R6_svc_lvl,R7_reward,R7_cost,R7_avg_inv,R7_avg_bl,R7_svc_lvl,R8_reward,R8_cost,R8_avg_inv,R8_avg_bl,R8_svc_lvl,R9_reward,R9_cost,R9_avg_inv,R9_avg_bl,R9_svc_lvl,R10_reward,R10_cost,R10_avg_inv,R10_avg_bl,R10_svc_lvl,R11_reward,R11_cost,R11_avg_inv,R11_avg_bl,R11_svc_lvl,R12_reward,R12_cost,R12_avg_inv,R12_avg_bl,R12_svc_lvl,R13_reward,R13_cost,R13_avg_inv,R13_avg_bl,R13_svc_lvl,R14_reward,R14_cost,R14_avg_inv,R14_avg_bl,R14_svc_lvl,R15_reward,R15_cost,R15_avg_inv,R15_avg_bl,R15_svc_lvl,R16_reward,R16_cost,R16_avg_inv,R16_avg_bl,R16_svc_lvl
1,-9645941.25783062,9645941.25783062,-176097.502327919,176097.502327919,88.10257157626218,0.6958964488277697,100.0,-259025.67922210693,259025.67922210693,57.81602578489748,24.545980349223907,100.0,-616244.7475757599,616244.7475757599,8.834725113616528,506.65473792324326,27.123287671232877,-629435.3909282684,629435.3909282684,9.972831244978332,528.0186951493564,20.54794520547945,-614217.3096809387,614217.3096809387,8.504523100184711,502.5402448974244,40.0,-617853.8162660599,617853.8162660599,9.166749447072563,510.38967913732137,61.09589041095891,-641439.9723968506,641439.9723968506,7.815850167396424,541.3589773467143,21.095890410958905,-631391.1303844452,631391.1303844452,9.640809669943323,528.9902417202518,40.821917808219176,-609028.0911550522,609028.0911550522,9.494935753623228,500.6151485289613,56.43835616438356,-600014.2562274933,600014.2562274933,9.16432682253701,483.3103045762402,45.47945205479452,-590513.6084394455,590513.6084394455,11.177714304184885,472.7722311310572,53.97260273972603,-602902.6922988892,602902.6922988892,9.75090234709827,490.05182008482006,42.19178082191781,-623577.7777853012,623577.7777853012,8.247315772819933,511.01461465913957,41.0958904109589,-598061.3928174973,598061.3928174973,10.141242537902643,487.66116157133285,55.89041095890411,-615006.8940591812,615006.8940591812,9.290233614081389,505.35829602659567,57.26027397260274,-598372.4409246445,598372.4409246445,10.559660273140347,486.86666757211293,42.465753424657535,-622758.5553407669,622758.5553407669,9.13244604650129,515.5878302508837,41.369863013698634
