{
  "metadata": {
    "model_dir": "results/5Mar_1_gnn/run_seed_1/models",
    "algorithm": "GNN-HAPPO",
    "num_episodes": 1,
    "episode_length": 365,
    "gnn_type": "GAT",
    "gnn_hidden_dim": 128,
    "gnn_num_layers": 2,
    "single_agent_obs_dim": 27,
    "evaluation_date": "2026-03-05 09:22:51"
  },
  "statistics": {
    "num_episodes": 1,
    "episode_length": 365,
    "total_reward": {
      "mean": -9645941.25783062,
      "std": 0.0,
      "min": -9645941.25783062,
      "max": -9645941.25783062
    },
    "total_cost": {
      "mean": 9645941.25783062,
      "std": 0.0,
      "min": 9645941.25783062,
      "max": 9645941.25783062
    },
    "per_agent": {
      "DC_0": {
        "avg_reward": -176097.502327919,
        "avg_cost": 176097.502327919,
        "avg_holding_cost": 2843.5002813446335,
        "avg_backlog_cost": 254.00220382213593,
        "avg_ordering_cost": 0.0,
        "avg_inventory": 88.10257157626218,
        "avg_backlog": 0.6958964488277697,
        "service_level": 100.0
      },
      "DC_1": {
        "avg_reward": -259025.67922210693,
        "avg_cost": 259025.67922210693,
        "avg_holding_cost": 1611.7326729826164,
        "avg_backlog_cost": 8178.565292313695,
        "avg_ordering_cost": 76235.38107299805,
        "avg_inventory": 57.81602578489748,
        "avg_backlog": 24.545980349223907,
        "service_level": 100.0
      },
      "Retailer_2": {
        "avg_reward": -616244.7475757599,
        "avg_cost": 616244.7475757599,
        "avg_holding_cost": 402.8165014539991,
        "avg_backlog_cost": 383075.1509768963,
        "avg_ordering_cost": 285.5743530392647,
        "avg_inventory": 8.834725113616528,
        "avg_backlog": 506.65473792324326,
        "service_level": 27.123287671232877
      },
      "Retailer_3": {
        "avg_reward": -629435.3909282684,
        "avg_cost": 629435.3909282684,
        "avg_holding_cost": 452.17384884242347,
        "avg_backlog_cost": 396976.75009965897,
        "avg_ordering_cost": 370.7635898590088,
        "avg_inventory": 9.972831244978332,
        "avg_backlog": 528.0186951493564,
        "service_level": 20.54794520547945
      },
      "Retailer_4": {
        "avg_reward": -614217.3096809387,
        "avg_cost": 614217.3096809387,
        "avg_holding_cost": 381.16660567273357,
        "avg_backlog_cost": 380874.5060350895,
        "avg_ordering_cost": 628.4323782324791,
        "avg_inventory": 8.504523100184711,
        "avg_backlog": 502.5402448974244,
        "service_level": 40.0
      },
      "Retailer_5": {
        "avg_reward": -617853.8162660599,
        "avg_cost": 617853.8162660599,
        "avg_holding_cost": 420.9363093498396,
        "avg_backlog_cost": 384904.7373344898,
        "avg_ordering_cost": 546.4142135381699,
        "avg_inventory": 9.166749447072563,
        "avg_backlog": 510.38967913732137,
        "service_level": 61.09589041095891
      },
      "Retailer_6": {
        "avg_reward": -641439.9723968506,
        "avg_cost": 641439.9723968506,
        "avg_holding_cost": 352.1856378247812,
        "avg_backlog_cost": 407727.531863749,
        "avg_ordering_cost": 446.9436355829239,
        "avg_inventory": 7.815850167396424,
        "avg_backlog": 541.3589773467143,
        "service_level": 21.095890410958905
      },
      "Retailer_7": {
        "avg_reward": -631391.1303844452,
        "avg_cost": 631391.1303844452,
        "avg_holding_cost": 438.3629969837875,
        "avg_backlog_cost": 398531.71304523945,
        "avg_ordering_cost": 688.4965438842773,
        "avg_inventory": 9.640809669943323,
        "avg_backlog": 528.9902417202518,
        "service_level": 40.821917808219176
      },
      "Retailer_8": {
        "avg_reward": -609028.0911550522,
        "avg_cost": 609028.0911550522,
        "avg_holding_cost": 439.52648830274666,
        "avg_backlog_cost": 376290.2315850258,
        "avg_ordering_cost": 772.3770880699158,
        "avg_inventory": 9.494935753623228,
        "avg_backlog": 500.6151485289613,
        "service_level": 56.43835616438356
      },
      "Retailer_9": {
        "avg_reward": -600014.2562274933,
        "avg_cost": 600014.2562274933,
        "avg_holding_cost": 408.4608950436668,
        "avg_backlog_cost": 367145.8374017477,
        "avg_ordering_cost": 371.59555381536484,
        "avg_inventory": 9.16432682253701,
        "avg_backlog": 483.3103045762402,
        "service_level": 45.47945205479452
      },
      "Retailer_10": {
        "avg_reward": -590513.6084394455,
        "avg_cost": 590513.6084394455,
        "avg_holding_cost": 500.10385429132657,
        "avg_backlog_cost": 358718.68166959286,
        "avg_ordering_cost": 947.431566119194,
        "avg_inventory": 11.177714304184885,
        "avg_backlog": 472.7722311310572,
        "service_level": 53.97260273972603
      },
      "Retailer_11": {
        "avg_reward": -602902.6922988892,
        "avg_cost": 602902.6922988892,
        "avg_holding_cost": 442.86829406342076,
        "avg_backlog_cost": 370423.5784424357,
        "avg_ordering_cost": 717.0657108426094,
        "avg_inventory": 9.75090234709827,
        "avg_backlog": 490.05182008482006,
        "service_level": 42.19178082191781
      },
      "Retailer_12": {
        "avg_reward": -623577.7777853012,
        "avg_cost": 623577.7777853012,
        "avg_holding_cost": 378.0287494697841,
        "avg_backlog_cost": 389737.8562788367,
        "avg_ordering_cost": 550.7800983190536,
        "avg_inventory": 8.247315772819933,
        "avg_backlog": 511.01461465913957,
        "service_level": 41.0958904109589
      },
      "Retailer_13": {
        "avg_reward": -598061.3928174973,
        "avg_cost": 598061.3928174973,
        "avg_holding_cost": 460.42258005135955,
        "avg_backlog_cost": 365263.03817105293,
        "avg_ordering_cost": 725.0577618479729,
        "avg_inventory": 10.141242537902643,
        "avg_backlog": 487.66116157133285,
        "service_level": 55.89041095890411
      },
      "Retailer_14": {
        "avg_reward": -615006.8940591812,
        "avg_cost": 615006.8940591812,
        "avg_holding_cost": 423.5682958831603,
        "avg_backlog_cost": 381908.9850072861,
        "avg_ordering_cost": 726.9467126727104,
        "avg_inventory": 9.290233614081389,
        "avg_backlog": 505.35829602659567,
        "service_level": 57.26027397260274
      },
      "Retailer_15": {
        "avg_reward": -598372.4409246445,
        "avg_cost": 598372.4409246445,
        "avg_holding_cost": 489.780170480215,
        "avg_backlog_cost": 366065.2675844431,
        "avg_ordering_cost": 684.2660755515099,
        "avg_inventory": 10.559660273140347,
        "avg_backlog": 486.86666757211293,
        "service_level": 42.465753424657535
      },
      "Retailer_16": {
        "avg_reward": -622758.5553407669,
        "avg_cost": 622758.5553407669,
        "avg_holding_cost": 407.2728975618593,
        "avg_backlog_cost": 389688.386734426,
        "avg_ordering_cost": 560.1738309264183,
        "avg_inventory": 9.13244604650129,
        "avg_backlog": 515.5878302508837,
        "service_level": 41.369863013698634
      }
    }
  },
  "episode_data": [
    {
      "total_reward": -9645941.25783062,
      "total_cost": 9645941.25783062,
      "agent_rewards": [
        -176097.502327919,
        -259025.67922210693,
        -616244.7475757599,
        -629435.3909282684,
        -614217.3096809387,
        -617853.8162660599,
        -641439.9723968506,
        -631391.1303844452,
        -609028.0911550522,
        -600014.2562274933,
        -590513.6084394455,
        -602902.6922988892,
        -623577.7777853012,
        -598061.3928174973,
        -615006.8940591812,
        -598372.4409246445,
        -622758.5553407669
      ],