{
  "Scenario_1_Balanced": {
    "BaseStock": {
      "total_cost": {
        "mean": 80525.36259797239,
        "std": 0.0,
        "min": 80525.36259797239,
        "max": 80525.36259797239
      },
      "fill_rate": {
        "mean": 86.89112576651625,
        "std": 0.0,
        "min": 86.89112576651625,
        "max": 86.89112576651625
      },
      "lost_sales": {
        "mean": 1133.0,
        "std": 0.0,
        "min": 1133.0,
        "max": 1133.0
      },
      "avg_inventory": {
        "mean": 82.32783531949099,
        "std": 0.0,
        "min": 82.32783531949099,
        "max": 82.32783531949099
      },
      "inventory_turnover": {
        "mean": 981.8426171638027,
        "std": 0.0,
        "min": 981.8426171638027,
        "max": 981.8426171638027
      },
      "osa": {
        "mean": 99.94666666666666,
        "std": 0.0,
        "min": 99.94666666666666,
        "max": 99.94666666666666
      }
    },
    "HAPPO": {
      "total_cost": {
        "mean": 207012.04933537767,
        "std": 0.0,
        "min": 207012.04933537767,
        "max": 207012.04933537767
      },
      "fill_rate": {
        "mean": 78.54615632036025,
        "std": 0.0,
        "min": 78.54615632036025,
        "max": 78.54615632036025
      },
      "lost_sales": {
        "mean": 667.0,
        "std": 0.0,
        "min": 667.0,
        "max": 667.0
      },
      "avg_inventory": {
        "mean": 742.03579726375,
        "std": 0.0,
        "min": 742.03579726375,
        "max": 742.03579726375
      },
      "inventory_turnover": {
        "mean": 92.74691526820641,
        "std": 0.0,
        "min": 92.74691526820641,
        "max": 92.74691526820641
      },
      "osa": {
        "mean": 100.0,
        "std": 0.0,
        "min": 100.0,
        "max": 100.0
      }
    },
    "GNN-HAPPO": {
      "total_cost": {
        "mean": 79226.37503553115,
        "std": 0.0,
        "min": 79226.37503553115,
        "max": 79226.37503553115
      },
      "fill_rate": {
        "mean": 90.58823529411765,
        "std": 0.0,
        "min": 90.58823529411765,
        "max": 90.58823529411765
      },
      "lost_sales": {
        "mean": 296.0,
        "std": 0.0,
        "min": 296.0,
        "max": 296.0
      },
      "avg_inventory": {
        "mean": 154.53148608737524,
        "std": 0.0,
        "min": 154.53148608737524,
        "max": 154.53148608737524
      },
      "inventory_turnover": {
        "mean": 68.70400826343919,
        "std": 0.0,
        "min": 68.70400826343919,
        "max": 68.70400826343919
      },
      "osa": {
        "mean": 100.0,
        "std": 0.0,
        "min": 100.0,
        "max": 100.0
      }
    }
  },
  "Scenario_2_HighDemand": {
    "BaseStock": {
      "total_cost": {
        "mean": 92367.636926573,
        "std": 0.0,
        "min": 92367.636926573,
        "max": 92367.636926573
      },
      "fill_rate": {
        "mean": 81.69538396085939,
        "std": 0.0,
        "min": 81.69538396085939,
        "max": 81.69538396085939
      },
      "lost_sales": {
        "mean": 1721.0,
        "std": 0.0,
        "min": 1721.0,
        "max": 1721.0
      },
      "avg_inventory": {
        "mean": 73.07355504405498,
        "std": 0.0,
        "min": 73.07355504405498,
        "max": 73.07355504405498
      },
      "inventory_turnover": {
        "mean": 1231.2086706795624,
        "std": 0.0,
        "min": 1231.2086706795624,
        "max": 1231.2086706795624
      },
      "osa": {
        "mean": 99.70666666666666,
        "std": 0.0,
        "min": 99.70666666666666,
        "max": 99.70666666666666
      }
    },
    "HAPPO": {
      "total_cost": {
        "mean": 215366.45764044696,
        "std": 0.0,
        "min": 215366.45764044696,
        "max": 215366.45764044696
      },
      "fill_rate": {
        "mean": 68.91530460624071,
        "std": 0.0,
        "min": 68.91530460624071,
        "max": 68.91530460624071
      },
      "lost_sales": {
        "mean": 1046.0,
        "std": 0.0,
        "min": 1046.0,
        "max": 1046.0
      },
      "avg_inventory": {
        "mean": 719.3628615734624,
        "std": 0.0,
        "min": 719.3628615734624,
        "max": 719.3628615734624
      },
      "inventory_turnover": {
        "mean": 132.33428964987993,
        "std": 0.0,
        "min": 132.33428964987993,
        "max": 132.33428964987993
      },
      "osa": {
        "mean": 100.0,
        "std": 0.0,
        "min": 100.0,
        "max": 100.0
      }
    },
    "GNN-HAPPO": {
      "total_cost": {
        "mean": 86787.31694421289,
        "std": 0.0,
        "min": 86787.31694421289,
        "max": 86787.31694421289
      },
      "fill_rate": {
        "mean": 80.36610569825805,
        "std": 0.0,
        "min": 80.36610569825805,
        "max": 80.36610569825805
      },
      "lost_sales": {
        "mean": 665.0,
        "std": 0.0,
        "min": 665.0,
        "max": 665.0
      },
      "avg_inventory": {
        "mean": 149.51809001078013,
        "std": 0.0,
        "min": 149.51809001078013,
        "max": 149.51809001078013
      },
      "inventory_turnover": {
        "mean": 106.16397035278251,
        "std": 0.0,
        "min": 106.16397035278251,
        "max": 106.16397035278251
      },
      "osa": {
        "mean": 100.0,
        "std": 0.0,
        "min": 100.0,
        "max": 100.0
      }
    }
  },
  "Scenario_3_Extreme_Stress": {
    "BaseStock": {
      "total_cost": {
        "mean": 80103.99242455082,
        "std": 0.0,
        "min": 80103.99242455082,
        "max": 80103.99242455082
      },
      "fill_rate": {
        "mean": 83.96282616466102,
        "std": 0.0,
        "min": 83.96282616466102,
        "max": 83.96282616466102
      },
      "lost_sales": {
        "mean": 1346.0,
        "std": 0.0,
        "min": 1346.0,
        "max": 1346.0
      },
      "avg_inventory": {
        "mean": 80.03785394410878,
        "std": 0.0,
        "min": 80.03785394410878,
        "max": 80.03785394410878
      },
      "inventory_turnover": {
        "mean": 1066.3943338508045,
        "std": 0.0,
        "min": 1066.3943338508045,
        "max": 1066.3943338508045
      },
      "osa": {
        "mean": 99.86666666666666,
        "std": 0.0,
        "min": 99.86666666666666,
        "max": 99.86666666666666
      }
    },
    "HAPPO": {
      "total_cost": {
        "mean": 201301.07894963206,
        "std": 0.0,
        "min": 201301.07894963206,
        "max": 201301.07894963206
      },
      "fill_rate": {
        "mean": 70.2675585284281,
        "std": 0.0,
        "min": 70.2675585284281,
        "max": 70.2675585284281
      },
      "lost_sales": {
        "mean": 889.0,
        "std": 0.0,
        "min": 889.0,
        "max": 889.0
      },
      "avg_inventory": {
        "mean": 737.4913809520746,
        "std": 0.0,
        "min": 737.4913809520746,
        "max": 737.4913809520746
      },
      "inventory_turnover": {
        "mean": 124.28950698833725,
        "std": 0.0,
        "min": 124.28950698833725,
        "max": 124.28950698833725
      },
      "osa": {
        "mean": 100.0,
        "std": 0.0,
        "min": 100.0,
        "max": 100.0
      }
    },
    "GNN-HAPPO": {
      "total_cost": {
        "mean": 73852.66465837954,
        "std": 0.0,
        "min": 73852.66465837954,
        "max": 73852.66465837954
      },
      "fill_rate": {
        "mean": 85.63899868247694,
        "std": 0.0,
        "min": 85.63899868247694,
        "max": 85.63899868247694
      },
      "lost_sales": {
        "mean": 436.0,
        "std": 0.0,
        "min": 436.0,
        "max": 436.0
      },
      "avg_inventory": {
        "mean": 151.73454082339416,
        "std": 0.0,
        "min": 151.73454082339416,
        "max": 151.73454082339416
      },
      "inventory_turnover": {
        "mean": 87.96786947046476,
        "std": 0.0,
        "min": 87.96786947046476,
        "max": 87.96786947046476
      },